ISO-10303-21;
HEADER;
FILE_DESCRIPTION (( 'STEP AP214' ),
    '1' );
FILE_NAME ('binocular_thermal_imager.STEP',
    '2024-02-03T04:00:33',
    ( '' ),
    ( '' ),
    'SwSTEP 2.0',
    'SolidWorks 2020',
    '' );
FILE_SCHEMA (( 'AUTOMOTIVE_DESIGN' ));
ENDSEC;

DATA;
#1 = AXIS2_PLACEMENT_3D ( 'NONE', #962, #78, #2887 ) ;
#2 = DIRECTION ( 'NONE',  ( 0.000000000000000000, 1.000000000000000000, 0.000000000000000000 ) ) ;
#3 = DIRECTION ( 'NONE',  ( 0.000000000000000000, 0.000000000000000000, 1.000000000000000000 ) ) ;
#4 = CYLINDRICAL_SURFACE ( 'NONE', #3653, 2.000000000000001776 ) ;
#5 = ORIENTED_EDGE ( 'NONE', *, *, #3343, .F. ) ;
#6 = ADVANCED_FACE ( 'NONE', ( #1927 ), #3799, .T. ) ;
#7 = DIRECTION ( 'NONE',  ( 1.000000000000000000, 0.000000000000000000, 0.000000000000000000 ) ) ;
#8 = CARTESIAN_POINT ( 'NONE',  ( 12.49999999999995381, 1.500000000000000000, -41.24999999999999289 ) ) ;
#9 = VERTEX_POINT ( 'NONE', #90 ) ;
#10 = FACE_OUTER_BOUND ( 'NONE', #3556, .T. ) ;
#11 = PRODUCT_RELATED_PRODUCT_CATEGORY ( 'part', '', ( #4964 ) ) ;
#12 = ORIENTED_EDGE ( 'NONE', *, *, #2519, .T. ) ;
#13 = EDGE_CURVE ( 'NONE', #5370, #1836, #3827, .T. ) ;
#14 = CARTESIAN_POINT ( 'NONE',  ( 2.000000000000000000, 1.500000000000000000, -2.000000000000000000 ) ) ;
#15 = FACE_OUTER_BOUND ( 'NONE', #1967, .T. ) ;
#16 = CYLINDRICAL_SURFACE ( 'NONE', #3728, 1.300000000000002487 ) ;
#17 = ORIENTED_EDGE ( 'NONE', *, *, #4240, .F. ) ;
#18 = ORIENTED_EDGE ( 'NONE', *, *, #3317, .F. ) ;
#19 = VECTOR ( 'NONE', #3074, 1000.000000000000000 ) ;
#20 = ADVANCED_FACE ( 'NONE', ( #4410 ), #5902, .F. ) ;
#21 = CARTESIAN_POINT ( 'NONE',  ( 20.99999999999999645, 0.5000000000000000000, -41.99999999999999289 ) ) ;
#22 = ORIENTED_EDGE ( 'NONE', *, *, #3145, .F. ) ;
#23 = SURFACE_STYLE_FILL_AREA ( #107 ) ;
#24 = LINE ( 'NONE', #53, #4007 ) ;
#25 = EDGE_CURVE ( 'NONE', #1667, #2244, #917, .T. ) ;
#26 = ORIENTED_EDGE ( 'NONE', *, *, #4009, .F. ) ;
#27 = CARTESIAN_POINT ( 'NONE',  ( 15.49999999999999112, -11.86396103067893293, -3.250000000000002665 ) ) ;
#28 = AXIS2_PLACEMENT_3D ( 'NONE', #1831, #1372, #2783 ) ;
#29 = DIRECTION ( 'NONE',  ( 0.000000000000000000, 0.000000000000000000, 1.000000000000000000 ) ) ;
#30 = DIRECTION ( 'NONE',  ( 0.000000000000000000, 0.000000000000000000, -1.000000000000000000 ) ) ;
#31 = AXIS2_PLACEMENT_3D ( 'NONE', #1669, #5830, #4892 ) ;
#32 = PLANE ( 'NONE',  #705 ) ;
#33 = VERTEX_POINT ( 'NONE', #2590 ) ;
#34 = ORIENTED_EDGE ( 'NONE', *, *, #6031, .T. ) ;
#35 = DIRECTION ( 'NONE',  ( -0.000000000000000000, 1.000000000000000000, -0.000000000000000000 ) ) ;
#36 = CARTESIAN_POINT ( 'NONE',  ( 1.500000000000000666, 5.000000000000000000, -40.74999999999999289 ) ) ;
#37 = MECHANICAL_DESIGN_GEOMETRIC_PRESENTATION_REPRESENTATION (  '', ( #1792 ), #5221 ) ;
#38 = ORIENTED_EDGE ( 'NONE', *, *, #4358, .F. ) ;
#39 = LINE ( 'NONE', #1007, #5727 ) ;
#40 = ORIENTED_EDGE ( 'NONE', *, *, #4622, .T. ) ;
#41 = DIRECTION ( 'NONE',  ( 0.000000000000000000, 0.000000000000000000, -1.000000000000000000 ) ) ;
#42 = DIRECTION ( 'NONE',  ( 1.000000000000000000, 0.000000000000000000, 0.000000000000000000 ) ) ;
#43 = VECTOR ( 'NONE', #4062, 1000.000000000000000 ) ;
#44 = DIRECTION ( 'NONE',  ( 0.000000000000000000, 1.000000000000000000, 0.000000000000000000 ) ) ;
#45 = VECTOR ( 'NONE', #4901, 1000.000000000000000 ) ;
#46 = VECTOR ( 'NONE', #2865, 1000.000000000000000 ) ;
#47 = ADVANCED_FACE ( 'NONE', ( #1126 ), #1614, .T. ) ;
#48 = VERTEX_POINT ( 'NONE', #2558 ) ;
#49 = EDGE_LOOP ( 'NONE', ( #5535, #5518, #1738, #5137 ) ) ;
#50 = FACE_OUTER_BOUND ( 'NONE', #2515, .T. ) ;
#51 = ORIENTED_EDGE ( 'NONE', *, *, #3127, .T. ) ;
#52 = VECTOR ( 'NONE', #5897, 1000.000000000000000 ) ;
#53 = CARTESIAN_POINT ( 'NONE',  ( 7.500000000000000888, 5.000000000000000000, -40.74999999999999289 ) ) ;
#54 = EDGE_CURVE ( 'NONE', #2247, #4887, #1676, .T. ) ;
#55 = APPLICATION_CONTEXT ( 'automotive_design' ) ;
#56 = ORIENTED_EDGE ( 'NONE', *, *, #2519, .F. ) ;
#57 = LINE ( 'NONE', #995, #1879 ) ;
#58 = VECTOR ( 'NONE', #1796, 1000.000000000000000 ) ;
#59 = FACE_OUTER_BOUND ( 'NONE', #1827, .T. ) ;
#60 = VECTOR ( 'NONE', #5242, 1000.000000000000000 ) ;
#61 = DIRECTION ( 'NONE',  ( -1.000000000000000000, 1.665334536937722485E-16, 8.673617379884043361E-16 ) ) ;
#62 = EDGE_CURVE ( 'NONE', #1030, #4174, #1160, .T. ) ;
#63 = ORIENTED_EDGE ( 'NONE', *, *, #811, .F. ) ;
#64 = CIRCLE ( 'NONE', #3489, 3.099999999999998757 ) ;
#65 = ORIENTED_EDGE ( 'NONE', *, *, #1854, .F. ) ;
#66 = CARTESIAN_POINT ( 'NONE',  ( 11.50000000000000178, -11.86396103067893293, -41.24999999999999289 ) ) ;
#67 = LINE ( 'NONE', #5690, #2416 ) ;
#68 = VERTEX_POINT ( 'NONE', #3026 ) ;
#69 = CARTESIAN_POINT ( 'NONE',  ( 23.00000000000000000, -5.500000000000000000, 0.000000000000000000 ) ) ;
#70 = VERTEX_POINT ( 'NONE', #3492 ) ;
#71 = AXIS2_PLACEMENT_3D ( 'NONE', #4573, #760, #4539 ) ;
#72 = DIRECTION ( 'NONE',  ( 0.000000000000000000, -1.000000000000000000, 0.000000000000000000 ) ) ;
#73 = DIRECTION ( 'NONE',  ( 0.000000000000000000, -1.000000000000000000, 0.000000000000000000 ) ) ;
#74 = DIRECTION ( 'NONE',  ( -0.000000000000000000, 1.000000000000000000, -0.000000000000000000 ) ) ;
#75 = EDGE_LOOP ( 'NONE', ( #2500, #5403, #856, #5500 ) ) ;
#76 = ORIENTED_EDGE ( 'NONE', *, *, #2250, .T. ) ;
#77 = CIRCLE ( 'NONE', #2113, 0.5000000000000038858 ) ;
#78 = DIRECTION ( 'NONE',  ( -0.000000000000000000, -1.000000000000000000, -0.000000000000000000 ) ) ;
#79 = ORIENTED_EDGE ( 'NONE', *, *, #5398, .T. ) ;
#80 = EDGE_CURVE ( 'NONE', #1853, #5810, #5837, .T. ) ;
#81 = CYLINDRICAL_SURFACE ( 'NONE', #4894, 0.5000000000000000000 ) ;
#82 = AXIS2_PLACEMENT_3D ( 'NONE', #253, #4942, #5371 ) ;
#83 = ORIENTED_EDGE ( 'NONE', *, *, #5553, .T. ) ;
#84 = CIRCLE ( 'NONE', #2913, 2.000000000000001776 ) ;
#85 = DIRECTION ( 'NONE',  ( -0.000000000000000000, 0.000000000000000000, 1.000000000000000000 ) ) ;
#86 = EDGE_CURVE ( 'NONE', #1083, #1478, #3588, .T. ) ;
#87 = LINE ( 'NONE', #1952, #3469 ) ;
#88 = CARTESIAN_POINT ( 'NONE',  ( 18.49999999999999645, 3.799999999999999822, -4.750000000000000888 ) ) ;
#89 = EDGE_LOOP ( 'NONE', ( #4393, #2869, #5256, #4732 ) ) ;
#90 = CARTESIAN_POINT ( 'NONE',  ( 7.500000000000000888, 3.799999999999999822, -4.750000000000000888 ) ) ;
#91 = EDGE_CURVE ( 'NONE', #4604, #4278, #2185, .T. ) ;
#92 = CARTESIAN_POINT ( 'NONE',  ( 20.99999999999998934, -1.600000000000000089, -29.99999999999999645 ) ) ;
#93 = EDGE_LOOP ( 'NONE', ( #5626, #3318, #5526, #4823 ) ) ;
#94 = LINE ( 'NONE', #1099, #2303 ) ;
#95 = ORIENTED_EDGE ( 'NONE', *, *, #4554, .T. ) ;
#96 = ORIENTED_EDGE ( 'NONE', *, *, #3233, .T. ) ;
#97 = AXIS2_PLACEMENT_3D ( 'NONE', #565, #3357, #3843 ) ;
#98 = DIRECTION ( 'NONE',  ( -1.000000000000000000, -0.000000000000000000, -0.000000000000000000 ) ) ;
#99 = DIRECTION ( 'NONE',  ( 0.000000000000000000, 0.000000000000000000, -1.000000000000000000 ) ) ;
#100 = CARTESIAN_POINT ( 'NONE',  ( 11.50000000000000178, -5.500000000000000000, -41.24999999999999289 ) ) ;
#101 = VECTOR ( 'NONE', #4363, 1000.000000000000000 ) ;
#102 = ORIENTED_EDGE ( 'NONE', *, *, #2794, .F. ) ;
#103 = EDGE_LOOP ( 'NONE', ( #5935, #5977, #1751, #2722 ) ) ;
#104 =( NAMED_UNIT ( * ) SI_UNIT ( $, .STERADIAN. ) SOLID_ANGLE_UNIT ( ) );
#105 = DIRECTION ( 'NONE',  ( 1.668003342285392537E-16, 0.000000000000000000, -1.000000000000000000 ) ) ;
#106 = EDGE_LOOP ( 'NONE', ( #1790, #5946, #6038, #5103 ) ) ;
#107 = FILL_AREA_STYLE ('',( #5198 ) ) ;
#108 = DIRECTION ( 'NONE',  ( -1.000000000000000000, 0.000000000000000000, -0.000000000000000000 ) ) ;
#109 = ADVANCED_FACE ( 'NONE', ( #1711 ), #1581, .F. ) ;
#110 = ORIENTED_EDGE ( 'NONE', *, *, #2537, .F. ) ;
#111 = FACE_OUTER_BOUND ( 'NONE', #1317, .T. ) ;
#112 = DIRECTION ( 'NONE',  ( -0.000000000000000000, 1.000000000000000000, -0.000000000000000000 ) ) ;
#113 = DIRECTION ( 'NONE',  ( 0.000000000000000000, 0.000000000000000000, 1.000000000000000000 ) ) ;
#114 = EDGE_CURVE ( 'NONE', #2508, #485, #4349, .T. ) ;
#115 = AXIS2_PLACEMENT_3D ( 'NONE', #3023, #3912, #113 ) ;
#116 = DIRECTION ( 'NONE',  ( 1.000000000000000000, 0.000000000000000000, 1.156482317317871331E-15 ) ) ;
#117 = DIRECTION ( 'NONE',  ( 0.000000000000000000, 0.000000000000000000, 1.000000000000000000 ) ) ;
#118 = CARTESIAN_POINT ( 'NONE',  ( 15.24165738677394266, -5.500000000000000000, -1.500000000000000000 ) ) ;
#119 = FACE_OUTER_BOUND ( 'NONE', #3677, .T. ) ;
#120 = CIRCLE ( 'NONE', #3559, 0.5000000000000038858 ) ;
#121 = EDGE_CURVE ( 'NONE', #2348, #2508, #242, .T. ) ;
#122 = ORIENTED_EDGE ( 'NONE', *, *, #5287, .F. ) ;
#123 = ORIENTED_EDGE ( 'NONE', *, *, #3092, .F. ) ;
#124 = LINE ( 'NONE', #2940, #569 ) ;
#125 = AXIS2_PLACEMENT_3D ( 'NONE', #5241, #1522, #1064 ) ;
#126 = LINE ( 'NONE', #4302, #2254 ) ;
#127 = ORIENTED_EDGE ( 'NONE', *, *, #4049, .F. ) ;
#128 = EDGE_CURVE ( 'NONE', #2234, #5502, #3460, .T. ) ;
#129 = PLANE ( 'NONE',  #2438 ) ;
#130 = EDGE_CURVE ( 'NONE', #2179, #5735, #827, .T. ) ;
#131 = ORIENTED_EDGE ( 'NONE', *, *, #245, .T. ) ;
#132 = CIRCLE ( 'NONE', #3656, 0.5000000000000038858 ) ;
#133 = ORIENTED_EDGE ( 'NONE', *, *, #4660, .T. ) ;
#134 = VERTEX_POINT ( 'NONE', #181 ) ;
#135 = VECTOR ( 'NONE', #3205, 1000.000000000000000 ) ;
#136 = DIRECTION ( 'NONE',  ( 0.000000000000000000, 0.000000000000000000, 1.000000000000000000 ) ) ;
#137 = ORIENTED_EDGE ( 'NONE', *, *, #1721, .F. ) ;
#138 = DIRECTION ( 'NONE',  ( 0.000000000000000000, 0.000000000000000000, 1.000000000000000000 ) ) ;
#139 = AXIS2_PLACEMENT_3D ( 'NONE', #3525, #4471, #3945 ) ;
#140 = LINE ( 'NONE', #1456, #875 ) ;
#141 = EDGE_LOOP ( 'NONE', ( #4483, #12, #1599, #976 ) ) ;
#142 = DIRECTION ( 'NONE',  ( 0.000000000000000000, 0.000000000000000000, -1.000000000000000000 ) ) ;
#143 = VECTOR ( 'NONE', #1677, 1000.000000000000000 ) ;
#144 = DIRECTION ( 'NONE',  ( 0.000000000000000000, 0.000000000000000000, -1.000000000000000000 ) ) ;
#145 = AXIS2_PLACEMENT_3D ( 'NONE', #1766, #5084, #3642 ) ;
#146 = DIRECTION ( 'NONE',  ( -0.000000000000000000, 1.000000000000000000, -0.000000000000000000 ) ) ;
#147 = CARTESIAN_POINT ( 'NONE',  ( 21.49999999999999289, 5.000000000000000000, -42.49999999999999289 ) ) ;
#148 = ORIENTED_EDGE ( 'NONE', *, *, #571, .F. ) ;
#149 = VERTEX_POINT ( 'NONE', #5393 ) ;
#150 = ADVANCED_FACE ( 'NONE', ( #4967 ), #273, .F. ) ;
#151 = DIRECTION ( 'NONE',  ( -5.551115123125804889E-17, -1.000000000000000000, -2.775557561562891351E-16 ) ) ;
#152 = FACE_OUTER_BOUND ( 'NONE', #4763, .T. ) ;
#153 = ORIENTED_EDGE ( 'NONE', *, *, #5154, .F. ) ;
#154 = CARTESIAN_POINT ( 'NONE',  ( 14.49999999999999467, 0.000000000000000000, -23.49999999999999289 ) ) ;
#155 = ORIENTED_EDGE ( 'NONE', *, *, #3264, .T. ) ;
#156 = CIRCLE ( 'NONE', #5926, 0.5000000000000038858 ) ;
#157 = ORIENTED_EDGE ( 'NONE', *, *, #1117, .F. ) ;
#158 = CARTESIAN_POINT ( 'NONE',  ( 20.99999999999999645, 5.000000000000000000, -41.99999999999999289 ) ) ;
#159 = ADVANCED_FACE ( 'NONE', ( #3915 ), #2993, .T. ) ;
#160 = DIRECTION ( 'NONE',  ( 1.668003342285392537E-16, 0.000000000000000000, -1.000000000000000000 ) ) ;
#161 = CARTESIAN_POINT ( 'NONE',  ( 20.49999999999999289, 5.000000000000000000, -2.500000000000001332 ) ) ;
#162 = AXIS2_PLACEMENT_3D ( 'NONE', #4199, #3338, #2755 ) ;
#163 = ORIENTED_EDGE ( 'NONE', *, *, #391, .T. ) ;
#164 = ORIENTED_EDGE ( 'NONE', *, *, #3835, .F. ) ;
#165 =( NAMED_UNIT ( * ) PLANE_ANGLE_UNIT ( ) SI_UNIT ( $, .RADIAN. ) );
#166 = ORIENTED_EDGE ( 'NONE', *, *, #4992, .T. ) ;
#167 = DIRECTION ( 'NONE',  ( 0.000000000000000000, 1.000000000000000000, 0.000000000000000000 ) ) ;
#168 = ORIENTED_EDGE ( 'NONE', *, *, #3033, .T. ) ;
#169 = EDGE_CURVE ( 'NONE', #674, #4774, #1615, .T. ) ;
#170 = LINE ( 'NONE', #653, #5682 ) ;
#171 = CARTESIAN_POINT ( 'NONE',  ( 20.99999999999999645, 0.000000000000000000, -0.5000000000000000000 ) ) ;
#172 = ORIENTED_EDGE ( 'NONE', *, *, #1354, .T. ) ;
#173 = ORIENTED_EDGE ( 'NONE', *, *, #4164, .F. ) ;
#174 = FACE_OUTER_BOUND ( 'NONE', #5887, .T. ) ;
#175 = DIRECTION ( 'NONE',  ( -0.000000000000000000, -1.000000000000000000, -0.000000000000000000 ) ) ;
#176 = CIRCLE ( 'NONE', #1444, 0.8500000000000035305 ) ;
#177 = DIRECTION ( 'NONE',  ( 0.000000000000000000, 1.000000000000000000, 0.000000000000000000 ) ) ;
#178 = DIRECTION ( 'NONE',  ( 0.000000000000000000, 0.000000000000000000, 1.000000000000000000 ) ) ;
#179 = DIRECTION ( 'NONE',  ( 0.000000000000000000, 0.000000000000000000, 1.000000000000000000 ) ) ;
#180 = VECTOR ( 'NONE', #3892, 1000.000000000000000 ) ;
#181 = CARTESIAN_POINT ( 'NONE',  ( 14.49999999999998757, 0.000000000000000000, -25.49999999999999645 ) ) ;
#182 = VERTEX_POINT ( 'NONE', #5939 ) ;
#183 = DIRECTION ( 'NONE',  ( -0.000000000000000000, 1.000000000000000000, -0.000000000000000000 ) ) ;
#184 = DIRECTION ( 'NONE',  ( -0.000000000000000000, -1.000000000000000000, -0.000000000000000000 ) ) ;
#185 = CARTESIAN_POINT ( 'NONE',  ( 7.500000000000000888, 3.799999999999999822, -39.24999999999999289 ) ) ;
#186 = ORIENTED_EDGE ( 'NONE', *, *, #1650, .T. ) ;
#187 = ADVANCED_FACE ( 'NONE', ( #2224 ), #3211, .F. ) ;
#188 = ORIENTED_EDGE ( 'NONE', *, *, #1141, .F. ) ;
#189 = ORIENTED_EDGE ( 'NONE', *, *, #5876, .F. ) ;
#190 = VERTEX_POINT ( 'NONE', #394 ) ;
#191 = FACE_OUTER_BOUND ( 'NONE', #5590, .T. ) ;
#192 = PLANE ( 'NONE',  #3210 ) ;
#193 = ORIENTED_EDGE ( 'NONE', *, *, #1396, .F. ) ;
#194 = PLANE ( 'NONE',  #4510 ) ;
#195 = EDGE_LOOP ( 'NONE', ( #4602, #3184, #2124, #5899 ) ) ;
#196 = EDGE_CURVE ( 'NONE', #3466, #1342, #4103, .T. ) ;
#197 = ORIENTED_EDGE ( 'NONE', *, *, #2787, .T. ) ;
#198 = DIRECTION ( 'NONE',  ( 1.000000000000000000, 0.000000000000000000, 0.000000000000000000 ) ) ;
#199 = ORIENTED_EDGE ( 'NONE', *, *, #114, .F. ) ;
#200 = FACE_OUTER_BOUND ( 'NONE', #2394, .T. ) ;
#201 = VECTOR ( 'NONE', #1321, 1000.000000000000000 ) ;
#202 = CARTESIAN_POINT ( 'NONE',  ( 13.99999999999998934, 0.5000000000000000000, -31.49999999999999289 ) ) ;
#203 = ORIENTED_EDGE ( 'NONE', *, *, #344, .T. ) ;
#204 = EDGE_CURVE ( 'NONE', #134, #947, #5053, .T. ) ;
#205 = CARTESIAN_POINT ( 'NONE',  ( 1.500000000000000444, 5.000000000000000000, -42.49999999999999289 ) ) ;
#206 = CARTESIAN_POINT ( 'NONE',  ( 18.49999999999999645, 1.500000000000000000, -3.250000000000000444 ) ) ;
#207 = DIRECTION ( 'NONE',  ( 0.000000000000000000, -1.000000000000000000, 0.000000000000000000 ) ) ;
#208 = DIRECTION ( 'NONE',  ( 1.000000000000000000, 0.000000000000000000, -0.000000000000000000 ) ) ;
#209 = EDGE_CURVE ( 'NONE', #3648, #4368, #4534, .T. ) ;
#210 = CARTESIAN_POINT ( 'NONE',  ( 19.50000000000002132, -5.501000000000002110, -19.49999999999999289 ) ) ;
#211 = AXIS2_PLACEMENT_3D ( 'NONE', #4619, #4524, #3138 ) ;
#212 = CARTESIAN_POINT ( 'NONE',  ( 0.000000000000000000, 1.000000000000000000, 0.000000000000000000 ) ) ;
#213 = ORIENTED_EDGE ( 'NONE', *, *, #2022, .T. ) ;
#214 = CARTESIAN_POINT ( 'NONE',  ( 7.500000000000000888, 1.500000000000000000, -40.74999999999999289 ) ) ;
#215 = LINE ( 'NONE', #3433, #2557 ) ;
#216 = DIRECTION ( 'NONE',  ( -1.000000000000000000, -0.000000000000000000, -0.000000000000000000 ) ) ;
#217 = ORIENTED_EDGE ( 'NONE', *, *, #5083, .F. ) ;
#218 = DIRECTION ( 'NONE',  ( 0.000000000000000000, 0.000000000000000000, -1.000000000000000000 ) ) ;
#219 = DIRECTION ( 'NONE',  ( -0.000000000000000000, 1.000000000000000000, -0.000000000000000000 ) ) ;
#220 = AXIS2_PLACEMENT_3D ( 'NONE', #631, #2490, #1578 ) ;
#221 = ORIENTED_EDGE ( 'NONE', *, *, #2578, .T. ) ;
#222 = LINE ( 'NONE', #2505, #397 ) ;
#223 = ORIENTED_EDGE ( 'NONE', *, *, #3601, .F. ) ;
#224 = VECTOR ( 'NONE', #2785, 1000.000000000000114 ) ;
#225 = ORIENTED_EDGE ( 'NONE', *, *, #3801, .F. ) ;
#226 = DIRECTION ( 'NONE',  ( 0.000000000000000000, 0.000000000000000000, -1.000000000000000000 ) ) ;
#227 = FACE_OUTER_BOUND ( 'NONE', #3884, .T. ) ;
#228 = ADVANCED_FACE ( 'NONE', ( #4128 ), #5475, .T. ) ;
#229 = DIRECTION ( 'NONE',  ( 1.156482317317871331E-15, 0.000000000000000000, -1.000000000000000000 ) ) ;
#230 = AXIS2_PLACEMENT_3D ( 'NONE', #3170, #3663, #5074 ) ;
#231 = ORIENTED_EDGE ( 'NONE', *, *, #5199, .F. ) ;
#232 = ORIENTED_EDGE ( 'NONE', *, *, #4248, .F. ) ;
#233 = CARTESIAN_POINT ( 'NONE',  ( 19.99999999999998934, 0.000000000000000000, -31.49999999999998579 ) ) ;
#234 = PLANE ( 'NONE',  #2456 ) ;
#235 = CARTESIAN_POINT ( 'NONE',  ( 23.00000000000000000, 1.500000000000000000, -41.99999999999999289 ) ) ;
#236 = EDGE_CURVE ( 'NONE', #477, #1897, #363, .T. ) ;
#237 = CARTESIAN_POINT ( 'NONE',  ( 2.500000000000001332, 7.099999999999991651, -38.99999999999999289 ) ) ;
#238 = DIRECTION ( 'NONE',  ( -0.000000000000000000, -0.000000000000000000, 1.000000000000000000 ) ) ;
#239 = AXIS2_PLACEMENT_3D ( 'NONE', #1742, #1336, #5997 ) ;
#240 = ORIENTED_EDGE ( 'NONE', *, *, #4348, .F. ) ;
#241 = CIRCLE ( 'NONE', #4940, 0.5000000000000000000 ) ;
#242 = LINE ( 'NONE', #1223, #5615 ) ;
#243 = ORIENTED_EDGE ( 'NONE', *, *, #3216, .F. ) ;
#244 = VECTOR ( 'NONE', #5395, 1000.000000000000000 ) ;
#245 = EDGE_CURVE ( 'NONE', #2874, #3895, #4269, .T. ) ;
#246 = DIRECTION ( 'NONE',  ( -0.000000000000000000, 1.000000000000000000, -0.000000000000000000 ) ) ;
#247 = LINE ( 'NONE', #1619, #2065 ) ;
#248 = FACE_OUTER_BOUND ( 'NONE', #4789, .T. ) ;
#249 = CARTESIAN_POINT ( 'NONE',  ( 6.500000000000000000, 2.500000000000000000, -14.47499999999999787 ) ) ;
#250 = EDGE_CURVE ( 'NONE', #1110, #2058, #1956, .T. ) ;
#251 = DIRECTION ( 'NONE',  ( 0.000000000000000000, 1.000000000000000000, 0.000000000000000000 ) ) ;
#252 = ORIENTED_EDGE ( 'NONE', *, *, #3880, .T. ) ;
#253 = CARTESIAN_POINT ( 'NONE',  ( 20.99999999999999645, 0.5000000000000000000, -41.99999999999999289 ) ) ;
#254 = CARTESIAN_POINT ( 'NONE',  ( 2.500000000000005329, -5.500000000000000000, -42.49999999999999289 ) ) ;
#255 = VECTOR ( 'NONE', #5001, 1000.000000000000000 ) ;
#256 = ORIENTED_EDGE ( 'NONE', *, *, #418, .F. ) ;
#257 =( NAMED_UNIT ( * ) SI_UNIT ( $, .STERADIAN. ) SOLID_ANGLE_UNIT ( ) );
#258 = ORIENTED_EDGE ( 'NONE', *, *, #2342, .T. ) ;
#259 = LINE ( 'NONE', #3991, #262 ) ;
#260 = VECTOR ( 'NONE', #6030, 1000.000000000000000 ) ;
#261 = LINE ( 'NONE', #4372, #19 ) ;
#262 = VECTOR ( 'NONE', #5853, 1000.000000000000000 ) ;
#263 = ORIENTED_EDGE ( 'NONE', *, *, #1499, .T. ) ;
#264 = DIRECTION ( 'NONE',  ( 0.000000000000000000, 0.000000000000000000, 1.000000000000000000 ) ) ;
#265 = EDGE_CURVE ( 'NONE', #3161, #5923, #5505, .T. ) ;
#266 = FACE_OUTER_BOUND ( 'NONE', #310, .T. ) ;
#267 = LINE ( 'NONE', #3021, #2008 ) ;
#268 = DIRECTION ( 'NONE',  ( -0.000000000000000000, 0.000000000000000000, 1.000000000000000000 ) ) ;
#269 = EDGE_CURVE ( 'NONE', #2810, #3693, #3275, .T. ) ;
#270 = DIRECTION ( 'NONE',  ( -0.000000000000000000, 0.000000000000000000, 1.000000000000000000 ) ) ;
#271 = ORIENTED_EDGE ( 'NONE', *, *, #3343, .T. ) ;
#272 = VECTOR ( 'NONE', #1466, 1000.000000000000000 ) ;
#273 = CYLINDRICAL_SURFACE ( 'NONE', #634, 3.099999999999998757 ) ;
#274 = CARTESIAN_POINT ( 'NONE',  ( 20.99999999999998934, 0.000000000000000000, -28.00000000000000355 ) ) ;
#275 = DIRECTION ( 'NONE',  ( 0.000000000000000000, 0.000000000000000000, -1.000000000000000000 ) ) ;
#276 = LINE ( 'NONE', #846, #5249 ) ;
#277 = AXIS2_PLACEMENT_3D ( 'NONE', #585, #4672, #4208 ) ;
#278 = CARTESIAN_POINT ( 'NONE',  ( 1.500000000000000444, 1.500000000000000000, -39.24999999999999289 ) ) ;
#279 = ADVANCED_FACE ( 'NONE', ( #6025 ), #4595, .F. ) ;
#280 = AXIS2_PLACEMENT_3D ( 'NONE', #3923, #4511, #2657 ) ;
#281 = CARTESIAN_POINT ( 'NONE',  ( 3.525359410719047126, -5.500000000000001776, -3.250000000000002665 ) ) ;
#282 = DIRECTION ( 'NONE',  ( 0.000000000000000000, 0.000000000000000000, 1.000000000000000000 ) ) ;
#283 = FACE_OUTER_BOUND ( 'NONE', #4091, .T. ) ;
#284 = EDGE_CURVE ( 'NONE', #520, #351, #876, .T. ) ;
#285 = EDGE_LOOP ( 'NONE', ( #2539, #3708, #2649, #4183 ) ) ;
#286 = EDGE_CURVE ( 'NONE', #2525, #5382, #2747, .T. ) ;
#287 = CIRCLE ( 'NONE', #2134, 0.5000000000000038858 ) ;
#288 = DIRECTION ( 'NONE',  ( -0.000000000000000000, 1.000000000000000000, -0.000000000000000000 ) ) ;
#289 = DIRECTION ( 'NONE',  ( -0.000000000000000000, -1.000000000000000000, -0.000000000000000000 ) ) ;
#290 = DIRECTION ( 'NONE',  ( 0.000000000000000000, -1.000000000000000000, 0.000000000000000000 ) ) ;
#291 = VERTEX_POINT ( 'NONE', #5023 ) ;
#292 = DIRECTION ( 'NONE',  ( -0.000000000000000000, -0.000000000000000000, 1.000000000000000000 ) ) ;
#293 = DIRECTION ( 'NONE',  ( 0.000000000000000000, 0.000000000000000000, 1.000000000000000000 ) ) ;
#294 = VECTOR ( 'NONE', #3015, 1000.000000000000000 ) ;
#295 = LINE ( 'NONE', #4895, #3067 ) ;
#296 = LINE ( 'NONE', #2153, #52 ) ;
#297 = EDGE_CURVE ( 'NONE', #626, #620, #4566, .T. ) ;
#298 = DIRECTION ( 'NONE',  ( 1.000000000000000000, -0.000000000000000000, 0.000000000000000000 ) ) ;
#299 = CIRCLE ( 'NONE', #5674, 0.5000000000000038858 ) ;
#300 = VERTEX_POINT ( 'NONE', #809 ) ;
#301 = ORIENTED_EDGE ( 'NONE', *, *, #4959, .F. ) ;
#302 = CARTESIAN_POINT ( 'NONE',  ( 14.49999999999999467, -5.501000000000002110, -24.00000000000000000 ) ) ;
#303 = CARTESIAN_POINT ( 'NONE',  ( 21.49999999999999289, -5.500000000000000000, -1.500000000000000000 ) ) ;
#304 = LINE ( 'NONE', #2776, #5812 ) ;
#305 = DIRECTION ( 'NONE',  ( 0.000000000000000000, 0.000000000000000000, -1.000000000000000000 ) ) ;
#306 = ADVANCED_FACE ( 'NONE', ( #425 ), #2285, .F. ) ;
#307 = CARTESIAN_POINT ( 'NONE',  ( 1.500000000000000444, 3.799999999999999822, -4.750000000000000888 ) ) ;
#308 = CARTESIAN_POINT ( 'NONE',  ( 21.49999999999999645, 3.799999999999999822, -40.74999999999999289 ) ) ;
#309 = CARTESIAN_POINT ( 'NONE',  ( 7.758342613226060003, -5.500000000000000000, -3.000000000000000000 ) ) ;
#310 = EDGE_LOOP ( 'NONE', ( #905, #3452, #223, #6048 ) ) ;
#311 = DIRECTION ( 'NONE',  ( 0.000000000000000000, 0.000000000000000000, -1.000000000000000000 ) ) ;
#312 = ADVANCED_FACE ( 'NONE', ( #5114 ), #907, .F. ) ;
#313 = ORIENTED_EDGE ( 'NONE', *, *, #5811, .F. ) ;
#314 = VECTOR ( 'NONE', #2030, 1000.000000000000000 ) ;
#315 = DIRECTION ( 'NONE',  ( 0.000000000000000000, 0.000000000000000000, 1.000000000000000000 ) ) ;
#316 = AXIS2_PLACEMENT_3D ( 'NONE', #3175, #270, #1706 ) ;
#317 = CARTESIAN_POINT ( 'NONE',  ( 6.500000000000000000, 1.500000000000000000, -9.000000000000000000 ) ) ;
#318 = DIRECTION ( 'NONE',  ( -0.000000000000000000, -1.000000000000000000, 0.000000000000000000 ) ) ;
#319 = EDGE_CURVE ( 'NONE', #5043, #1775, #2315, .T. ) ;
#320 = VECTOR ( 'NONE', #3565, 1000.000000000000000 ) ;
#321 = VERTEX_POINT ( 'NONE', #5292 ) ;
#322 = CARTESIAN_POINT ( 'NONE',  ( 14.50000000000004263, 1.500000000000000000, -17.49999999999999645 ) ) ;
#323 = FACE_OUTER_BOUND ( 'NONE', #392, .T. ) ;
#324 = DIRECTION ( 'NONE',  ( 0.000000000000000000, -1.000000000000000000, 0.000000000000000000 ) ) ;
#325 = LINE ( 'NONE', #1734, #5040 ) ;
#326 = DIRECTION ( 'NONE',  ( 1.000000000000000000, 0.000000000000000000, 0.000000000000000000 ) ) ;
#327 = ORIENTED_EDGE ( 'NONE', *, *, #4256, .T. ) ;
#328 = ORIENTED_EDGE ( 'NONE', *, *, #4612, .F. ) ;
#329 = VERTEX_POINT ( 'NONE', #570 ) ;
#330 = CARTESIAN_POINT ( 'NONE',  ( 21.49999999999999645, 3.799999999999999822, -4.750000000000001776 ) ) ;
#331 = VECTOR ( 'NONE', #2249, 1000.000000000000000 ) ;
#332 = CARTESIAN_POINT ( 'NONE',  ( 10.00000000000000355, 7.099999999999999645, -13.99999999999999289 ) ) ;
#333 = VECTOR ( 'NONE', #116, 1000.000000000000000 ) ;
#334 = DIRECTION ( 'NONE',  ( -0.000000000000000000, -0.000000000000000000, -1.000000000000000000 ) ) ;
#335 = LINE ( 'NONE', #3531, #2768 ) ;
#336 = CIRCLE ( 'NONE', #2476, 0.5000000000000004441 ) ;
#337 = ADVANCED_FACE ( 'NONE', ( #111 ), #1972, .F. ) ;
#338 = FACE_OUTER_BOUND ( 'NONE', #4953, .T. ) ;
#339 = CARTESIAN_POINT ( 'NONE',  ( 23.00000000000000000, -2.399999999999999911, -29.99999999999999289 ) ) ;
#340 = DIRECTION ( 'NONE',  ( 0.000000000000000000, 0.000000000000000000, 1.000000000000000000 ) ) ;
#341 = ADVANCED_FACE ( 'NONE', ( #1890 ), #542, .F. ) ;
#342 = EDGE_LOOP ( 'NONE', ( #1993, #1420, #1294, #63 ) ) ;
#343 = ITEM_DEFINED_TRANSFORMATION ( 'NONE', 'NONE', #429,  #1398 ) ;
#344 = EDGE_CURVE ( 'NONE', #402, #5050, #241, .T. ) ;
#345 = DIRECTION ( 'NONE',  ( -0.000000000000000000, 1.000000000000000000, 0.000000000000000000 ) ) ;
#346 = VECTOR ( 'NONE', #2094, 1000.000000000000000 ) ;
#347 = CARTESIAN_POINT ( 'NONE',  ( 0.000000000000000000, -5.500000000000000000, 0.000000000000000000 ) ) ;
#348 = VECTOR ( 'NONE', #1349, 1000.000000000000000 ) ;
#349 = CARTESIAN_POINT ( 'NONE',  ( 23.00100000000000122, -5.399999999999997691, -24.89999999999999858 ) ) ;
#350 = ORIENTED_EDGE ( 'NONE', *, *, #4071, .F. ) ;
#351 = VERTEX_POINT ( 'NONE', #1056 ) ;
#352 = CARTESIAN_POINT ( 'NONE',  ( 21.49999999999999289, 5.000000000000000000, -42.49999999999999289 ) ) ;
#353 = VECTOR ( 'NONE', #5968, 1000.000000000000000 ) ;
#354 = ADVANCED_FACE ( 'NONE', ( #2925 ), #2863, .F. ) ;
#355 = LINE ( 'NONE', #2214, #5978 ) ;
#356 = ORIENTED_EDGE ( 'NONE', *, *, #2612, .F. ) ;
#357 = DIRECTION ( 'NONE',  ( -0.000000000000000000, 1.000000000000000000, -0.000000000000000000 ) ) ;
#358 = DIRECTION ( 'NONE',  ( -0.000000000000000000, 1.000000000000000000, -0.000000000000000000 ) ) ;
#359 = CARTESIAN_POINT ( 'NONE',  ( 15.49999999999999112, 0.000000000000000000, -3.250000000000002665 ) ) ;
#360 = CIRCLE ( 'NONE', #4077, 1.000000000000000888 ) ;
#361 = ORIENTED_EDGE ( 'NONE', *, *, #2326, .F. ) ;
#362 = ORIENTED_EDGE ( 'NONE', *, *, #1141, .T. ) ;
#363 = LINE ( 'NONE', #4072, #3482 ) ;
#364 = PLANE ( 'NONE',  #2288 ) ;
#365 = LINE ( 'NONE', #3674, #5054 ) ;
#366 = VECTOR ( 'NONE', #3886, 1000.000000000000000 ) ;
#367 = CARTESIAN_POINT ( 'NONE',  ( 20.49999999999999289, 5.000000000000000000, -2.500000000000001332 ) ) ;
#368 = VERTEX_POINT ( 'NONE', #5744 ) ;
#369 = EDGE_LOOP ( 'NONE', ( #4675, #2516 ) ) ;
#370 = DIRECTION ( 'NONE',  ( -0.000000000000000000, 1.000000000000000000, -0.000000000000000000 ) ) ;
#371 = ORIENTED_EDGE ( 'NONE', *, *, #5842, .F. ) ;
#372 = DIRECTION ( 'NONE',  ( -1.000000000000000000, 0.000000000000000000, -0.000000000000000000 ) ) ;
#373 = AXIS2_PLACEMENT_3D ( 'NONE', #1168, #1591, #282 ) ;
#374 = ORIENTED_EDGE ( 'NONE', *, *, #128, .T. ) ;
#375 = DIRECTION ( 'NONE',  ( 0.000000000000000000, -1.000000000000000000, 0.000000000000000000 ) ) ;
#376 = EDGE_CURVE ( 'NONE', #4838, #1078, #2460, .T. ) ;
#377 = ORIENTED_EDGE ( 'NONE', *, *, #4805, .T. ) ;
#378 = VECTOR ( 'NONE', #345, 1000.000000000000000 ) ;
#379 = CARTESIAN_POINT ( 'NONE',  ( 0.000000000000000000, 0.5000000000000000000, -43.50000000000000000 ) ) ;
#380 = DIRECTION ( 'NONE',  ( -0.000000000000000000, -1.000000000000000000, -0.000000000000000000 ) ) ;
#381 = CARTESIAN_POINT ( 'NONE',  ( 22.50000000000000000, 1.000000000000000000, -41.99999999999999289 ) ) ;
#382 = ADVANCED_FACE ( 'NONE', ( #1459 ), #2405, .F. ) ;
#383 = ORIENTED_EDGE ( 'NONE', *, *, #1422, .T. ) ;
#384 = ORIENTED_EDGE ( 'NONE', *, *, #5891, .T. ) ;
#385 = ORIENTED_EDGE ( 'NONE', *, *, #3820, .F. ) ;
#386 = DIRECTION ( 'NONE',  ( 0.000000000000000000, 1.000000000000000000, -0.000000000000000000 ) ) ;
#387 = DIRECTION ( 'NONE',  ( 0.000000000000000000, 1.000000000000000000, 0.000000000000000000 ) ) ;
#388 = ORIENTED_EDGE ( 'NONE', *, *, #2628, .T. ) ;
#389 = CARTESIAN_POINT ( 'NONE',  ( 12.99999999999995381, -1.600000000000000089, -4.999999999999990230 ) ) ;
#390 = CARTESIAN_POINT ( 'NONE',  ( 21.49999999999999289, -2.399999999999999911, -4.999999999999990230 ) ) ;
#391 = EDGE_CURVE ( 'NONE', #652, #3651, #1543, .T. ) ;
#392 = EDGE_LOOP ( 'NONE', ( #1101, #1532, #3516, #4739 ) ) ;
#393 = VECTOR ( 'NONE', #505, 1000.000000000000000 ) ;
#394 = CARTESIAN_POINT ( 'NONE',  ( 20.24999999999998934, -1.600000000000000089, -6.999999999999990230 ) ) ;
#395 = EDGE_CURVE ( 'NONE', #5029, #4066, #5203, .T. ) ;
#396 = LINE ( 'NONE', #3618, #1307 ) ;
#397 = VECTOR ( 'NONE', #3925, 1000.000000000000000 ) ;
#398 = CARTESIAN_POINT ( 'NONE',  ( 10.00000000000000355, 8.099999999999999645, -13.99999999999999289 ) ) ;
#399 = EDGE_CURVE ( 'NONE', #2534, #5050, #1801, .T. ) ;
#400 = PLANE ( 'NONE',  #5416 ) ;
#401 = ORIENTED_EDGE ( 'NONE', *, *, #2056, .T. ) ;
#402 = VERTEX_POINT ( 'NONE', #4285 ) ;
#403 = DIRECTION ( 'NONE',  ( -1.000000000000000000, -0.000000000000000000, -0.000000000000000000 ) ) ;
#404 = ORIENTED_EDGE ( 'NONE', *, *, #3536, .F. ) ;
#405 = CARTESIAN_POINT ( 'NONE',  ( 23.00000000000000000, -2.399999999999999911, -4.999999999999990230 ) ) ;
#406 = DIRECTION ( 'NONE',  ( 0.000000000000000000, 1.000000000000000000, 0.000000000000000000 ) ) ;
#407 = AXIS2_PLACEMENT_3D ( 'NONE', #1873, #4729, #5672 ) ;
#408 = ORIENTED_EDGE ( 'NONE', *, *, #920, .F. ) ;
#409 = FACE_OUTER_BOUND ( 'NONE', #3293, .T. ) ;
#410 = DIRECTION ( 'NONE',  ( 0.7071067811865500152, 0.7071067811865450192, 0.000000000000000000 ) ) ;
#411 = PRODUCT ( 'binocular_thermal_imager', 'binocular_thermal_imager', '', ( #3927 ) ) ;
#412 = PLANE ( 'NONE',  #2344 ) ;
#413 = ORIENTED_EDGE ( 'NONE', *, *, #6052, .F. ) ;
#414 = ORIENTED_EDGE ( 'NONE', *, *, #5782, .T. ) ;
#415 = CARTESIAN_POINT ( 'NONE',  ( 20.49999999999998934, 5.000000000000000000, -41.49999999999999289 ) ) ;
#416 = CARTESIAN_POINT ( 'NONE',  ( 1.525359410719045128, -5.500000000000001776, -3.250000000000002665 ) ) ;
#417 = ORIENTED_EDGE ( 'NONE', *, *, #4843, .T. ) ;
#418 = EDGE_CURVE ( 'NONE', #2980, #3739, #3822, .T. ) ;
#419 = CARTESIAN_POINT ( 'NONE',  ( -5.693762313689888531E-18, 8.099999999999999645, -38.99999999999999289 ) ) ;
#420 = CARTESIAN_POINT ( 'NONE',  ( 17.00000000000000000, 0.000000000000000000, -9.000000000000000000 ) ) ;
#421 = CIRCLE ( 'NONE', #1198, 0.9999999999999991118 ) ;
#422 = CYLINDRICAL_SURFACE ( 'NONE', #1880, 2.000000000000001776 ) ;
#423 = ORIENTED_EDGE ( 'NONE', *, *, #5373, .T. ) ;
#424 = VECTOR ( 'NONE', #5969, 1000.000000000000000 ) ;
#425 = FACE_OUTER_BOUND ( 'NONE', #4182, .T. ) ;
#426 = ADVANCED_FACE ( 'NONE', ( #2345 ), #4711, .T. ) ;
#427 = LINE ( 'NONE', #2406, #1901 ) ;
#428 = CARTESIAN_POINT ( 'NONE',  ( 6.500000000000000000, 2.500000000000000000, -9.000000000000000000 ) ) ;
#429 = AXIS2_PLACEMENT_3D ( 'NONE', #1659, #3476, #2507 ) ;
#430 = LINE ( 'NONE', #2290, #5313 ) ;
#431 = AXIS2_PLACEMENT_3D ( 'NONE', #3455, #207, #2061 ) ;
#432 = ORIENTED_EDGE ( 'NONE', *, *, #4811, .F. ) ;
#433 = EDGE_CURVE ( 'NONE', #3430, #3739, #1514, .T. ) ;
#434 = PLANE ( 'NONE',  #4175 ) ;
#435 = VERTEX_POINT ( 'NONE', #5717 ) ;
#436 = DIRECTION ( 'NONE',  ( 0.000000000000000000, 0.000000000000000000, -1.000000000000000000 ) ) ;
#437 = EDGE_LOOP ( 'NONE', ( #2856, #4891, #5578, #5606 ) ) ;
#438 = DIRECTION ( 'NONE',  ( 0.000000000000000000, -1.000000000000000000, 0.000000000000000000 ) ) ;
#439 = ORIENTED_EDGE ( 'NONE', *, *, #4780, .T. ) ;
#440 = CIRCLE ( 'NONE', #5519, 1.300000000000002487 ) ;
#441 = VECTOR ( 'NONE', #1486, 1000.000000000000000 ) ;
#442 = PLANE ( 'NONE',  #2620 ) ;
#443 = FACE_OUTER_BOUND ( 'NONE', #2436, .T. ) ;
#444 = DIRECTION ( 'NONE',  ( 1.000000000000000000, -0.000000000000000000, -0.000000000000000000 ) ) ;
#445 = ORIENTED_EDGE ( 'NONE', *, *, #4060, .T. ) ;
#446 = ORIENTED_EDGE ( 'NONE', *, *, #1469, .T. ) ;
#447 = FACE_OUTER_BOUND ( 'NONE', #5009, .T. ) ;
#448 = APPLICATION_CONTEXT ( 'automotive_design' ) ;
#449 = CARTESIAN_POINT ( 'NONE',  ( 10.49999999999999822, 0.8499999999999898748, -2.749999999999998224 ) ) ;
#450 = VERTEX_POINT ( 'NONE', #2376 ) ;
#451 = PLANE ( 'NONE',  #1597 ) ;
#452 = CARTESIAN_POINT ( 'NONE',  ( 0.000000000000000000, 1.500000000000000000, 0.000000000000000000 ) ) ;
#453 = AXIS2_PLACEMENT_3D ( 'NONE', #1132, #5781, #2937 ) ;
#454 = EDGE_CURVE ( 'NONE', #4228, #2729, #3395, .T. ) ;
#455 = ORIENTED_EDGE ( 'NONE', *, *, #1052, .F. ) ;
#456 = DIRECTION ( 'NONE',  ( -0.000000000000000000, 0.000000000000000000, 1.000000000000000000 ) ) ;
#457 = CARTESIAN_POINT ( 'NONE',  ( 10.49999999999995559, 0.8500000000000176303, -41.24999999999999289 ) ) ;
#458 = CIRCLE ( 'NONE', #6029, 2.000000000000001776 ) ;
#459 = PLANE ( 'NONE',  #1291 ) ;
#460 = EDGE_CURVE ( 'NONE', #33, #3905, #1092, .T. ) ;
#461 = DIRECTION ( 'NONE',  ( 0.000000000000000000, 0.000000000000000000, 1.000000000000000000 ) ) ;
#462 = ORIENTED_EDGE ( 'NONE', *, *, #3941, .F. ) ;
#463 = CYLINDRICAL_SURFACE ( 'NONE', #1140, 0.5000000000000000000 ) ;
#464 = DIRECTION ( 'NONE',  ( 0.000000000000000000, 0.000000000000000000, 1.000000000000000000 ) ) ;
#465 = EDGE_LOOP ( 'NONE', ( #1627, #4881, #1566, #3639 ) ) ;
#466 = DIRECTION ( 'NONE',  ( -0.000000000000000000, 1.000000000000000000, -0.000000000000000000 ) ) ;
#467 = EDGE_CURVE ( 'NONE', #329, #5222, #1026, .T. ) ;
#468 = ORIENTED_EDGE ( 'NONE', *, *, #5455, .F. ) ;
#469 = AXIS2_PLACEMENT_3D ( 'NONE', #1902, #4692, #2790 ) ;
#470 = DIRECTION ( 'NONE',  ( -0.000000000000000000, 1.000000000000000000, -0.000000000000000000 ) ) ;
#471 = CYLINDRICAL_SURFACE ( 'NONE', #889, 0.8500000000000035305 ) ;
#472 = FACE_OUTER_BOUND ( 'NONE', #2962, .T. ) ;
#473 = EDGE_CURVE ( 'NONE', #555, #4615, #57, .T. ) ;
#474 = ORIENTED_EDGE ( 'NONE', *, *, #1962, .F. ) ;
#475 = ORIENTED_EDGE ( 'NONE', *, *, #3000, .F. ) ;
#476 = CARTESIAN_POINT ( 'NONE',  ( 11.50000000000000178, -5.500000000000000000, -2.750000000000002665 ) ) ;
#477 = VERTEX_POINT ( 'NONE', #1180 ) ;
#478 = CARTESIAN_POINT ( 'NONE',  ( -0.001000000000001000089, 3.809999976158148893, -24.89999999999999858 ) ) ;
#479 = FACE_OUTER_BOUND ( 'NONE', #2800, .T. ) ;
#480 = ORIENTED_EDGE ( 'NONE', *, *, #5359, .F. ) ;
#481 = DIRECTION ( 'NONE',  ( 0.000000000000000000, 0.000000000000000000, -1.000000000000000000 ) ) ;
#482 = LINE ( 'NONE', #2346, #1013 ) ;
#483 = DIRECTION ( 'NONE',  ( 0.000000000000000000, 1.000000000000000000, 0.000000000000000000 ) ) ;
#484 = FACE_OUTER_BOUND ( 'NONE', #3885, .T. ) ;
#485 = VERTEX_POINT ( 'NONE', #741 ) ;
#486 = CARTESIAN_POINT ( 'NONE',  ( 0.5000000000000000000, 0.5000000000000000000, 0.000000000000000000 ) ) ;
#487 = AXIS2_PLACEMENT_3D ( 'NONE', #4613, #3690, #1816 ) ;
#488 = EDGE_CURVE ( 'NONE', #134, #4351, #2151, .T. ) ;
#489 = DIRECTION ( 'NONE',  ( -1.163534038764931666E-16, 0.000000000000000000, -1.000000000000000000 ) ) ;
#490 = ORIENTED_EDGE ( 'NONE', *, *, #5509, .F. ) ;
#491 = DIRECTION ( 'NONE',  ( 0.000000000000000000, 1.000000000000000000, 0.000000000000000000 ) ) ;
#492 = VERTEX_POINT ( 'NONE', #2119 ) ;
#493 = DIRECTION ( 'NONE',  ( 0.000000000000000000, 0.000000000000000000, -1.000000000000000000 ) ) ;
#494 = EDGE_CURVE ( 'NONE', #321, #4299, #2518, .T. ) ;
#495 = DIRECTION ( 'NONE',  ( 0.000000000000000000, 1.000000000000000000, -0.000000000000000000 ) ) ;
#496 = CARTESIAN_POINT ( 'NONE',  ( 14.49999999999998757, 0.5000000000000004441, -26.50000000000000355 ) ) ;
#497 = AXIS2_PLACEMENT_3D ( 'NONE', #4185, #1852, #1242 ) ;
#498 = EDGE_LOOP ( 'NONE', ( #704, #4374, #2888, #3336 ) ) ;
#499 = ORIENTED_EDGE ( 'NONE', *, *, #4766, .T. ) ;
#500 = VECTOR ( 'NONE', #5611, 1000.000000000000000 ) ;
#501 = CARTESIAN_POINT ( 'NONE',  ( 1.500000000000004885, -5.399999999999997691, -19.09999999999999787 ) ) ;
#502 = ORIENTED_EDGE ( 'NONE', *, *, #1547, .T. ) ;
#503 = EDGE_CURVE ( 'NONE', #2754, #5382, #4462, .T. ) ;
#504 = CARTESIAN_POINT ( 'NONE',  ( 20.24999999999998934, -1.600000000000000089, -28.00000000000000355 ) ) ;
#505 = DIRECTION ( 'NONE',  ( 1.000000000000000000, 0.000000000000000000, 0.000000000000000000 ) ) ;
#506 = UNCERTAINTY_MEASURE_WITH_UNIT (LENGTH_MEASURE( 1.000000000000000082E-05 ), #3414, 'distance_accuracy_value', 'NONE');
#507 = ORIENTED_EDGE ( 'NONE', *, *, #3967, .T. ) ;
#508 = CARTESIAN_POINT ( 'NONE',  ( 23.00000000000000000, -5.500000000000000000, 0.000000000000000000 ) ) ;
#509 = EDGE_CURVE ( 'NONE', #3349, #5382, #4404, .T. ) ;
#510 = AXIS2_PLACEMENT_3D ( 'NONE', #4413, #3029, #4384 ) ;
#511 = DIRECTION ( 'NONE',  ( -0.7071067811865467956, -0.7071067811865483499, 4.443511651919973055E-16 ) ) ;
#512 = LINE ( 'NONE', #5661, #260 ) ;
#513 = ORIENTED_EDGE ( 'NONE', *, *, #2159, .T. ) ;
#514 = VECTOR ( 'NONE', #1494, 1000.000000000000000 ) ;
#515 = ORIENTED_EDGE ( 'NONE', *, *, #80, .T. ) ;
#516 = VERTEX_POINT ( 'NONE', #2487 ) ;
#517 = LINE ( 'NONE', #1835, #3877 ) ;
#518 = CARTESIAN_POINT ( 'NONE',  ( 19.50000000000004263, 0.000000000000000000, -18.50000000000000355 ) ) ;
#519 = AXIS2_PLACEMENT_3D ( 'NONE', #4184, #1944, #1506 ) ;
#520 = VERTEX_POINT ( 'NONE', #5831 ) ;
#521 = CARTESIAN_POINT ( 'NONE',  ( 7.758342613226060003, -5.500000000000000000, -1.500000000000000000 ) ) ;
#522 = EDGE_LOOP ( 'NONE', ( #5726, #4284, #706, #4382 ) ) ;
#523 = ORIENTED_EDGE ( 'NONE', *, *, #169, .T. ) ;
#524 = EDGE_CURVE ( 'NONE', #4137, #2947, #5801, .T. ) ;
#525 = ORIENTED_EDGE ( 'NONE', *, *, #5580, .T. ) ;
#526 = CARTESIAN_POINT ( 'NONE',  ( 1.500000000000000222, -5.500000000000000000, -1.500000000000000000 ) ) ;
#527 = CYLINDRICAL_SURFACE ( 'NONE', #2120, 2.000000000000001776 ) ;
#528 = EDGE_CURVE ( 'NONE', #3422, #633, #1214, .T. ) ;
#529 = CARTESIAN_POINT ( 'NONE',  ( 21.49999999999999289, 5.000000000000000000, -42.49999999999999289 ) ) ;
#530 = VECTOR ( 'NONE', #2003, 1000.000000000000000 ) ;
#531 = EDGE_LOOP ( 'NONE', ( #3282, #2067, #1998, #5938, #2983, #617, #3540, #1222 ) ) ;
#532 = VECTOR ( 'NONE', #5234, 1000.000000000000000 ) ;
#533 = ORIENTED_EDGE ( 'NONE', *, *, #3394, .F. ) ;
#534 = EDGE_CURVE ( 'NONE', #5448, #1931, #3083, .T. ) ;
#535 = DIRECTION ( 'NONE',  ( -0.000000000000000000, 1.000000000000000000, -0.000000000000000000 ) ) ;
#536 = ORIENTED_EDGE ( 'NONE', *, *, #2537, .T. ) ;
#537 = VECTOR ( 'NONE', #3528, 1000.000000000000000 ) ;
#538 = LINE ( 'NONE', #478, #2181 ) ;
#539 = DIRECTION ( 'NONE',  ( 0.000000000000000000, 0.000000000000000000, -1.000000000000000000 ) ) ;
#540 = ORIENTED_EDGE ( 'NONE', *, *, #2960, .F. ) ;
#541 = EDGE_CURVE ( 'NONE', #477, #5311, #3519, .T. ) ;
#542 = PLANE ( 'NONE',  #1504 ) ;
#543 = DIRECTION ( 'NONE',  ( 1.000000000000000000, 0.000000000000000000, 0.000000000000000000 ) ) ;
#544 = AXIS2_PLACEMENT_3D ( 'NONE', #4576, #5516, #2632 ) ;
#545 = LINE ( 'NONE', #4289, #2989 ) ;
#546 = ORIENTED_EDGE ( 'NONE', *, *, #3388, .T. ) ;
#547 = ADVANCED_FACE ( 'NONE', ( #4495 ), #686, .F. ) ;
#548 = ORIENTED_EDGE ( 'NONE', *, *, #2654, .F. ) ;
#549 = VECTOR ( 'NONE', #2257, 1000.000000000000000 ) ;
#550 = ORIENTED_EDGE ( 'NONE', *, *, #2064, .T. ) ;
#551 = CYLINDRICAL_SURFACE ( 'NONE', #2407, 2.250000000000001776 ) ;
#552 = CARTESIAN_POINT ( 'NONE',  ( 19.49999999999999289, -5.501000000000002110, -24.00000000000000000 ) ) ;
#553 = ORIENTED_EDGE ( 'NONE', *, *, #836, .T. ) ;
#554 = DIRECTION ( 'NONE',  ( -1.000000000000000000, 0.000000000000000000, 2.891205793294679312E-16 ) ) ;
#555 = VERTEX_POINT ( 'NONE', #3908 ) ;
#556 = CARTESIAN_POINT ( 'NONE',  ( 6.500000000000000000, -5.501000000000002110, -9.000000000000000000 ) ) ;
#557 = CARTESIAN_POINT ( 'NONE',  ( 2.500000000000000444, -5.500000000000000000, -1.500000000000000000 ) ) ;
#558 = CARTESIAN_POINT ( 'NONE',  ( -0.001000000000001000089, 5.109999976158149160, -24.89999999999999858 ) ) ;
#559 = ORIENTED_EDGE ( 'NONE', *, *, #4594, .F. ) ;
#560 = ORIENTED_EDGE ( 'NONE', *, *, #454, .T. ) ;
#561 = VECTOR ( 'NONE', #4201, 1000.000000000000000 ) ;
#562 = DIRECTION ( 'NONE',  ( 0.000000000000000000, -1.000000000000000000, 0.000000000000000000 ) ) ;
#563 = ORIENTED_EDGE ( 'NONE', *, *, #3195, .T. ) ;
#564 = ADVANCED_FACE ( 'NONE', ( #266 ), #1154, .F. ) ;
#565 = CARTESIAN_POINT ( 'NONE',  ( 10.00000000000000533, 0.000000000000000000, -1.158139471857931335E-15 ) ) ;
#566 = VECTOR ( 'NONE', #3004, 1000.000000000000000 ) ;
#567 = ORIENTED_EDGE ( 'NONE', *, *, #1386, .T. ) ;
#568 = ORIENTED_EDGE ( 'NONE', *, *, #2250, .F. ) ;
#569 = VECTOR ( 'NONE', #699, 1000.000000000000000 ) ;
#570 = CARTESIAN_POINT ( 'NONE',  ( 21.49999999999999289, 0.000000000000000000, -3.250000000000002665 ) ) ;
#571 = EDGE_CURVE ( 'NONE', #5850, #4459, #4377, .T. ) ;
#572 = CARTESIAN_POINT ( 'NONE',  ( 20.99999999999998934, -1.600000000000000089, -28.00000000000000355 ) ) ;
#573 = LINE ( 'NONE', #5268, #1390 ) ;
#574 = CIRCLE ( 'NONE', #3999, 0.5000000000000038858 ) ;
#575 = ORIENTED_EDGE ( 'NONE', *, *, #3127, .F. ) ;
#576 = ORIENTED_EDGE ( 'NONE', *, *, #5586, .T. ) ;
#577 = EDGE_CURVE ( 'NONE', #4620, #4640, #3581, .T. ) ;
#578 = DIRECTION ( 'NONE',  ( 0.000000000000000000, 0.000000000000000000, -1.000000000000000000 ) ) ;
#579 = DIRECTION ( 'NONE',  ( 0.000000000000000000, -1.000000000000000000, 0.000000000000000000 ) ) ;
#580 = LINE ( 'NONE', #5607, #2691 ) ;
#581 = ORIENTED_EDGE ( 'NONE', *, *, #62, .T. ) ;
#582 = ORIENTED_EDGE ( 'NONE', *, *, #790, .T. ) ;
#583 = ORIENTED_EDGE ( 'NONE', *, *, #2255, .T. ) ;
#584 = CARTESIAN_POINT ( 'NONE',  ( 9.649999999999996803, -1.377509217803663009E-14, -2.749999999999997335 ) ) ;
#585 = CARTESIAN_POINT ( 'NONE',  ( 15.24165738677394266, -5.500000000000000000, -3.000000000000000000 ) ) ;
#586 = DIRECTION ( 'NONE',  ( 0.000000000000000000, 0.000000000000000000, -1.000000000000000000 ) ) ;
#587 = CIRCLE ( 'NONE', #3032, 1.000000000000000000 ) ;
#588 = ORIENTED_EDGE ( 'NONE', *, *, #1332, .T. ) ;
#589 = ORIENTED_EDGE ( 'NONE', *, *, #1117, .T. ) ;
#590 =( LENGTH_UNIT ( ) NAMED_UNIT ( * ) SI_UNIT ( .MILLI., .METRE. ) );
#591 = EDGE_LOOP ( 'NONE', ( #5021, #1194, #5851, #1518 ) ) ;
#592 = DIRECTION ( 'NONE',  ( 0.000000000000000000, 0.000000000000000000, 1.000000000000000000 ) ) ;
#593 = SURFACE_STYLE_USAGE ( .BOTH. , #4308 ) ;
#594 = DIRECTION ( 'NONE',  ( 0.000000000000000000, 0.000000000000000000, 1.000000000000000000 ) ) ;
#595 = CIRCLE ( 'NONE', #4803, 0.9999999999999986677 ) ;
#596 = ORIENTED_EDGE ( 'NONE', *, *, #5398, .F. ) ;
#597 = CARTESIAN_POINT ( 'NONE',  ( 15.49999999999999112, -11.86396103067893293, -39.24999999999999289 ) ) ;
#598 = EDGE_CURVE ( 'NONE', #1442, #2381, #5324, .T. ) ;
#599 = DIRECTION ( 'NONE',  ( 0.000000000000000000, -0.000000000000000000, 1.000000000000000000 ) ) ;
#600 = CARTESIAN_POINT ( 'NONE',  ( 7.500000000000000888, 5.000000000000000000, -40.74999999999999289 ) ) ;
#601 = FACE_OUTER_BOUND ( 'NONE', #2466, .T. ) ;
#602 = ORIENTED_EDGE ( 'NONE', *, *, #4520, .T. ) ;
#603 = ADVANCED_FACE ( 'NONE', ( #5861 ), #1087, .F. ) ;
#604 = CONICAL_SURFACE ( 'NONE', #4031, 1.850000000000000977, 0.7853981633974471688 ) ;
#605 = CIRCLE ( 'NONE', #1782, 1.500000000000001332 ) ;
#606 = ORIENTED_EDGE ( 'NONE', *, *, #1650, .F. ) ;
#607 = PLANE ( 'NONE',  #3700 ) ;
#608 = DIRECTION ( 'NONE',  ( -0.000000000000000000, -0.000000000000000000, 1.000000000000000000 ) ) ;
#609 = FACE_OUTER_BOUND ( 'NONE', #141, .T. ) ;
#610 = AXIS2_PLACEMENT_3D ( 'NONE', #2028, #1606, #2150 ) ;
#611 = VERTEX_POINT ( 'NONE', #658 ) ;
#612 = ADVANCED_FACE ( 'NONE', ( #4831 ), #604, .F. ) ;
#613 = EDGE_LOOP ( 'NONE', ( #3417, #6034 ) ) ;
#614 = PLANE ( 'NONE',  #280 ) ;
#615 = CARTESIAN_POINT ( 'NONE',  ( 1.525359410719044906, -5.500000000000000000, -4.750000000000004441 ) ) ;
#616 = LINE ( 'NONE', #3037, #5866 ) ;
#617 = ORIENTED_EDGE ( 'NONE', *, *, #3348, .F. ) ;
#618 = ORIENTED_EDGE ( 'NONE', *, *, #4758, .T. ) ;
#619 = ADVANCED_FACE ( 'NONE', ( #629 ), #234, .T. ) ;
#620 = VERTEX_POINT ( 'NONE', #5442 ) ;
#621 = CIRCLE ( 'NONE', #3271, 1.000000000000000000 ) ;
#622 = DIRECTION ( 'NONE',  ( 0.000000000000000000, 0.000000000000000000, 1.000000000000000000 ) ) ;
#623 = DIRECTION ( 'NONE',  ( 1.445602896647338917E-16, 0.000000000000000000, 1.000000000000000000 ) ) ;
#624 = VECTOR ( 'NONE', #1974, 1000.000000000000000 ) ;
#625 = FACE_OUTER_BOUND ( 'NONE', #4198, .T. ) ;
#626 = VERTEX_POINT ( 'NONE', #5988 ) ;
#627 = CARTESIAN_POINT ( 'NONE',  ( 14.50000000000004263, 1.500000000000000000, -17.49999999999999645 ) ) ;
#628 = VECTOR ( 'NONE', #1225, 1000.000000000000000 ) ;
#629 = FACE_OUTER_BOUND ( 'NONE', #2501, .T. ) ;
#630 = FACE_OUTER_BOUND ( 'NONE', #4153, .T. ) ;
#631 = CARTESIAN_POINT ( 'NONE',  ( 18.49999999999999645, 3.799999999999999822, -39.24999999999999289 ) ) ;
#632 = ADVANCED_FACE ( 'NONE', ( #323 ), #5559, .F. ) ;
#633 = VERTEX_POINT ( 'NONE', #867 ) ;
#634 = AXIS2_PLACEMENT_3D ( 'NONE', #1188, #3057, #2035 ) ;
#635 = ORIENTED_EDGE ( 'NONE', *, *, #1259, .T. ) ;
#636 = LINE ( 'NONE', #3917, #4580 ) ;
#637 = CARTESIAN_POINT ( 'NONE',  ( 21.49999999999999289, 0.000000000000000000, -2.500000000000000000 ) ) ;
#638 = DIRECTION ( 'NONE',  ( -1.000000000000000000, 0.000000000000000000, 0.000000000000000000 ) ) ;
#639 = EDGE_CURVE ( 'NONE', #2534, #851, #2545, .T. ) ;
#640 = ORIENTED_EDGE ( 'NONE', *, *, #4023, .F. ) ;
#641 = VECTOR ( 'NONE', #5095, 1000.000000000000000 ) ;
#642 = CARTESIAN_POINT ( 'NONE',  ( 19.49999999999998579, -5.501000000000002110, -25.49999999999999645 ) ) ;
#643 = LINE ( 'NONE', #2504, #756 ) ;
#644 = ORIENTED_EDGE ( 'NONE', *, *, #1727, .F. ) ;
#645 = CARTESIAN_POINT ( 'NONE',  ( 14.49999999999999467, 1.500000000000000000, -24.50000000000000000 ) ) ;
#646 = VECTOR ( 'NONE', #4012, 1000.000000000000000 ) ;
#647 = VERTEX_POINT ( 'NONE', #4649 ) ;
#648 =( LENGTH_UNIT ( ) NAMED_UNIT ( * ) SI_UNIT ( .MILLI., .METRE. ) );
#649 = EDGE_LOOP ( 'NONE', ( #3904, #3413, #3381, #4786, #2929, #918, #1876, #606, #4186, #4245, #1076, #550 ) ) ;
#650 = CARTESIAN_POINT ( 'NONE',  ( 1.525359410719045128, 0.000000000000000000, -3.250000000000002665 ) ) ;
#651 = ADVANCED_FACE ( 'NONE', ( #4121 ), #2740, .T. ) ;
#652 = VERTEX_POINT ( 'NONE', #416 ) ;
#653 = CARTESIAN_POINT ( 'NONE',  ( 23.00000000000000000, 1.500000000000000000, -2.000000000000000000 ) ) ;
#654 = CARTESIAN_POINT ( 'NONE',  ( 20.99999999999998934, -1.600000000000000089, -4.999999999999990230 ) ) ;
#655 = ADVANCED_FACE ( 'NONE', ( #2771 ), #3664, .F. ) ;
#656 = ORIENTED_EDGE ( 'NONE', *, *, #433, .T. ) ;
#657 = LINE ( 'NONE', #5384, #3359 ) ;
#658 = CARTESIAN_POINT ( 'NONE',  ( 14.50000000000002132, 0.000000000000000000, -19.49999999999999645 ) ) ;
#659 = VECTOR ( 'NONE', #2496, 1000.000000000000000 ) ;
#660 = DIRECTION ( 'NONE',  ( 1.000000000000000000, 0.000000000000000000, -6.505213034913030302E-17 ) ) ;
#661 = DIRECTION ( 'NONE',  ( -0.000000000000000000, 0.000000000000000000, -1.000000000000000000 ) ) ;
#662 = LINE ( 'NONE', #5807, #4630 ) ;
#663 = VERTEX_POINT ( 'NONE', #5529 ) ;
#664 = DIRECTION ( 'NONE',  ( -0.000000000000000000, 1.000000000000000000, -0.000000000000000000 ) ) ;
#665 = EDGE_LOOP ( 'NONE', ( #17, #1818, #762, #4593 ) ) ;
#666 = CARTESIAN_POINT ( 'NONE',  ( 3.525359410719047126, -11.86396103067893293, -3.250000000000002665 ) ) ;
#667 = CARTESIAN_POINT ( 'NONE',  ( 6.500000000000000000, 2.250000000000001332, -14.47499999999999787 ) ) ;
#668 = CARTESIAN_POINT ( 'NONE',  ( 21.49999999999999289, -5.500000000000001776, -3.250000000000002665 ) ) ;
#669 = VERTEX_POINT ( 'NONE', #899 ) ;
#670 = EDGE_CURVE ( 'NONE', #5365, #1451, #4061, .T. ) ;
#671 = DIRECTION ( 'NONE',  ( 1.000000000000000000, -0.000000000000000000, 0.000000000000000000 ) ) ;
#672 = CARTESIAN_POINT ( 'NONE',  ( 13.99999999999998934, 0.5000000000000000000, -25.99999999999999289 ) ) ;
#673 = PLANE ( 'NONE',  #3589 ) ;
#674 = VERTEX_POINT ( 'NONE', #3171 ) ;
#675 = ORIENTED_EDGE ( 'NONE', *, *, #2101, .T. ) ;
#676 = ADVANCED_FACE ( 'NONE', ( #2708 ), #2246, .F. ) ;
#677 = DIRECTION ( 'NONE',  ( 0.000000000000000000, 0.000000000000000000, 1.000000000000000000 ) ) ;
#678 = ORIENTED_EDGE ( 'NONE', *, *, #1569, .F. ) ;
#679 = CARTESIAN_POINT ( 'NONE',  ( 23.00100000000000122, -5.500000000000000000, -26.19614813968157208 ) ) ;
#680 = AXIS2_PLACEMENT_3D ( 'NONE', #5229, #2341, #108 ) ;
#681 = LINE ( 'NONE', #654, #1271 ) ;
#682 = VERTEX_POINT ( 'NONE', #449 ) ;
#683 = ORIENTED_EDGE ( 'NONE', *, *, #5842, .T. ) ;
#684 = DIRECTION ( 'NONE',  ( -0.000000000000000000, 1.000000000000000000, -0.000000000000000000 ) ) ;
#685 = EDGE_CURVE ( 'NONE', #5167, #5530, #4152, .T. ) ;
#686 = CYLINDRICAL_SURFACE ( 'NONE', #3448, 0.5000000000000038858 ) ;
#687 = FACE_BOUND ( 'NONE', #2481, .T. ) ;
#688 = LINE ( 'NONE', #237, #4261 ) ;
#689 = TOROIDAL_SURFACE ( 'NONE', #785, 1.500000000000000000, 0.5000000000000000000 ) ;
#690 = DIRECTION ( 'NONE',  ( 8.462065736472232314E-17, 0.000000000000000000, 1.000000000000000000 ) ) ;
#691 = AXIS2_PLACEMENT_3D ( 'NONE', #1789, #1823, #2674 ) ;
#692 = ORIENTED_EDGE ( 'NONE', *, *, #6052, .T. ) ;
#693 = DIRECTION ( 'NONE',  ( 0.000000000000000000, -0.000000000000000000, -1.000000000000000000 ) ) ;
#694 = EDGE_LOOP ( 'NONE', ( #4024, #559, #778, #1302 ) ) ;
#695 = CARTESIAN_POINT ( 'NONE',  ( 0.000000000000000000, -5.399999999999997691, -19.09999999999999787 ) ) ;
#696 = FACE_OUTER_BOUND ( 'NONE', #3973, .T. ) ;
#697 = DIRECTION ( 'NONE',  ( 0.000000000000000000, 0.000000000000000000, -1.000000000000000000 ) ) ;
#698 = CARTESIAN_POINT ( 'NONE',  ( 15.49999999999999112, -11.86396103067893293, -40.74999999999999289 ) ) ;
#699 = DIRECTION ( 'NONE',  ( 1.000000000000000000, 0.000000000000000000, 0.000000000000000000 ) ) ;
#700 = DIRECTION ( 'NONE',  ( -1.000000000000000000, -0.000000000000000000, -1.216421949617883318E-16 ) ) ;
#701 = CIRCLE ( 'NONE', #5409, 0.5000000000000004441 ) ;
#702 = LINE ( 'NONE', #1655, #1073 ) ;
#703 = EDGE_CURVE ( 'NONE', #749, #3039, #2184, .T. ) ;
#704 = ORIENTED_EDGE ( 'NONE', *, *, #2159, .F. ) ;
#705 = AXIS2_PLACEMENT_3D ( 'NONE', #1339, #3215, #2001 ) ;
#706 = ORIENTED_EDGE ( 'NONE', *, *, #3718, .F. ) ;
#707 = CARTESIAN_POINT ( 'NONE',  ( 23.00000000000000000, 3.809999976158148893, -24.89999999999999858 ) ) ;
#708 = CARTESIAN_POINT ( 'NONE',  ( 20.24999999999998934, -1.600000000000000089, -4.999999999999990230 ) ) ;
#709 = DIRECTION ( 'NONE',  ( 0.000000000000000000, 0.000000000000000000, 1.000000000000000000 ) ) ;
#710 = ADVANCED_FACE ( 'NONE', ( #6051 ), #4555, .F. ) ;
#711 = VERTEX_POINT ( 'NONE', #3114 ) ;
#712 = VECTOR ( 'NONE', #4496, 1000.000000000000000 ) ;
#713 = CARTESIAN_POINT ( 'NONE',  ( 20.49999999999998934, 5.000000000000000000, -42.49999999999999289 ) ) ;
#714 = DIRECTION ( 'NONE',  ( -0.000000000000000000, -1.000000000000000000, -0.000000000000000000 ) ) ;
#715 = DIRECTION ( 'NONE',  ( 0.000000000000000000, 0.000000000000000000, -1.000000000000000000 ) ) ;
#716 = DIRECTION ( 'NONE',  ( -1.000000000000000000, 0.000000000000000000, 0.000000000000000000 ) ) ;
#717 = LINE ( 'NONE', #5390, #4032 ) ;
#718 = EDGE_CURVE ( 'NONE', #3651, #492, #4985, .T. ) ;
#719 = VECTOR ( 'NONE', #1488, 1000.000000000000000 ) ;
#720 = ORIENTED_EDGE ( 'NONE', *, *, #2088, .F. ) ;
#721 = VECTOR ( 'NONE', #4626, 1000.000000000000000 ) ;
#722 = DIRECTION ( 'NONE',  ( -0.000000000000000000, 1.000000000000000000, -0.000000000000000000 ) ) ;
#723 = CARTESIAN_POINT ( 'NONE',  ( 20.24999999999998934, -1.600000000000000089, -29.99999999999999645 ) ) ;
#724 = FACE_BOUND ( 'NONE', #4854, .T. ) ;
#725 = CARTESIAN_POINT ( 'NONE',  ( 1.500000000000005107, 5.000000000000000000, -39.99999999999999289 ) ) ;
#726 = EDGE_CURVE ( 'NONE', #351, #1348, #3607, .T. ) ;
#727 = LINE ( 'NONE', #278, #1886 ) ;
#728 = FACE_OUTER_BOUND ( 'NONE', #498, .T. ) ;
#729 = CARTESIAN_POINT ( 'NONE',  ( 19.49999999999999289, 0.000000000000000000, -24.00000000000000000 ) ) ;
#730 = DIRECTION ( 'NONE',  ( -0.000000000000000000, 1.000000000000000000, -0.000000000000000000 ) ) ;
#731 = AXIS2_PLACEMENT_3D ( 'NONE', #5693, #951, #3287 ) ;
#732 = ORIENTED_EDGE ( 'NONE', *, *, #2555, .T. ) ;
#733 = DIRECTION ( 'NONE',  ( 0.000000000000000000, -0.000000000000000000, 1.000000000000000000 ) ) ;
#734 = AXIS2_PLACEMENT_3D ( 'NONE', #2813, #2378, #880 ) ;
#735 = CARTESIAN_POINT ( 'NONE',  ( 12.99999999999997691, 0.000000000000000000, -28.00000000000000000 ) ) ;
#736 = AXIS2_PLACEMENT_3D ( 'NONE', #5207, #5637, #5572 ) ;
#737 = VECTOR ( 'NONE', #1173, 1000.000000000000000 ) ;
#738 = ORIENTED_EDGE ( 'NONE', *, *, #3617, .F. ) ;
#739 = ORIENTED_EDGE ( 'NONE', *, *, #752, .T. ) ;
#740 = CARTESIAN_POINT ( 'NONE',  ( 21.49999999999999289, 0.000000000000000000, -1.500000000000000000 ) ) ;
#741 = CARTESIAN_POINT ( 'NONE',  ( 0.000000000000000000, -5.500000000000000000, -26.19614813968157208 ) ) ;
#742 = EDGE_CURVE ( 'NONE', #1978, #849, #355, .T. ) ;
#743 = FACE_BOUND ( 'NONE', #3369, .T. ) ;
#744 = UNCERTAINTY_MEASURE_WITH_UNIT (LENGTH_MEASURE( 1.000000000000000082E-05 ), #3070, 'distance_accuracy_value', 'NONE');
#745 = LINE ( 'NONE', #2217, #3957 ) ;
#746 = CARTESIAN_POINT ( 'NONE',  ( 21.49999999999999645, 5.109999976158149160, -19.09999999999999787 ) ) ;
#747 =( REPRESENTATION_RELATIONSHIP ('NONE','NONE', #1881, #1692 ) REPRESENTATION_RELATIONSHIP_WITH_TRANSFORMATION ( #1352 )SHAPE_REPRESENTATION_RELATIONSHIP( ) );
#748 = VERTEX_POINT ( 'NONE', #838 ) ;
#749 = VERTEX_POINT ( 'NONE', #1759 ) ;
#750 = VECTOR ( 'NONE', #3623, 1000.000000000000000 ) ;
#751 = DIRECTION ( 'NONE',  ( 1.000000000000000000, 0.000000000000000000, 0.000000000000000000 ) ) ;
#752 = EDGE_CURVE ( 'NONE', #3002, #3349, #3633, .T. ) ;
#753 = CARTESIAN_POINT ( 'NONE',  ( 11.49999999999999822, -1.387778780781445676E-14, -2.749999999999999112 ) ) ;
#754 = DIRECTION ( 'NONE',  ( 0.000000000000000000, -1.000000000000000000, 0.000000000000000000 ) ) ;
#755 = CARTESIAN_POINT ( 'NONE',  ( 15.49999999999999112, -5.500000000000000000, -4.750000000000004441 ) ) ;
#756 = VECTOR ( 'NONE', #5818, 1000.000000000000000 ) ;
#757 = LINE ( 'NONE', #1746, #320 ) ;
#758 = EDGE_CURVE ( 'NONE', #4251, #3832, #2354, .T. ) ;
#759 = AXIS2_PLACEMENT_3D ( 'NONE', #2568, #251, #218 ) ;
#760 = DIRECTION ( 'NONE',  ( -0.000000000000000000, 1.000000000000000000, -0.000000000000000000 ) ) ;
#761 = CYLINDRICAL_SURFACE ( 'NONE', #1534, 0.5000000000000004441 ) ;
#762 = ORIENTED_EDGE ( 'NONE', *, *, #4540, .F. ) ;
#763 = CARTESIAN_POINT ( 'NONE',  ( 2.500000000000000444, 5.000000000000000000, -41.49999999999999289 ) ) ;
#764 = VERTEX_POINT ( 'NONE', #5678 ) ;
#765 = AXIS2_PLACEMENT_3D ( 'NONE', #5650, #167, #733 ) ;
#766 = DIRECTION ( 'NONE',  ( -0.000000000000000000, 1.000000000000000000, -0.000000000000000000 ) ) ;
#767 = CARTESIAN_POINT ( 'NONE',  ( 2.000000000000000000, 5.000000000000000000, -44.00000000000000000 ) ) ;
#768 = DIRECTION ( 'NONE',  ( 1.000000000000000000, 0.000000000000000000, 0.000000000000000000 ) ) ;
#769 = EDGE_LOOP ( 'NONE', ( #5778, #18, #2602, #4852 ) ) ;
#770 = ORIENTED_EDGE ( 'NONE', *, *, #2470, .T. ) ;
#771 = DIRECTION ( 'NONE',  ( 0.000000000000000000, -0.000000000000000000, 1.000000000000000000 ) ) ;
#772 = CARTESIAN_POINT ( 'NONE',  ( 20.24999999999998934, 0.000000000000000000, -28.00000000000000355 ) ) ;
#773 = FACE_BOUND ( 'NONE', #2115, .T. ) ;
#774 = DIRECTION ( 'NONE',  ( 1.000000000000000000, -0.000000000000000000, 0.000000000000000000 ) ) ;
#775 = DIRECTION ( 'NONE',  ( -0.000000000000000000, -1.000000000000000000, -0.000000000000000000 ) ) ;
#776 = AXIS2_PLACEMENT_3D ( 'NONE', #3473, #2139, #4392 ) ;
#777 = ADVANCED_FACE ( 'NONE', ( #3325 ), #3339, .T. ) ;
#778 = ORIENTED_EDGE ( 'NONE', *, *, #344, .F. ) ;
#779 = ORIENTED_EDGE ( 'NONE', *, *, #2133, .T. ) ;
#780 = DIRECTION ( 'NONE',  ( 0.000000000000000000, 0.000000000000000000, 1.000000000000000000 ) ) ;
#781 = CARTESIAN_POINT ( 'NONE',  ( 19.49999999999998579, 0.000000000000000000, -26.00000000000000000 ) ) ;
#782 = AXIS2_PLACEMENT_3D ( 'NONE', #4588, #387, #592 ) ;
#783 = DIRECTION ( 'NONE',  ( 1.000000000000000000, -0.000000000000000000, -0.000000000000000000 ) ) ;
#784 = EDGE_CURVE ( 'NONE', #1764, #1537, #3265, .T. ) ;
#785 = AXIS2_PLACEMENT_3D ( 'NONE', #2025, #2543, #3961 ) ;
#786 = FACE_OUTER_BOUND ( 'NONE', #5439, .T. ) ;
#787 = DIRECTION ( 'NONE',  ( -0.000000000000000000, 1.000000000000000000, -0.000000000000000000 ) ) ;
#788 = DIRECTION ( 'NONE',  ( -1.000000000000000000, 0.000000000000000000, -0.000000000000000000 ) ) ;
#789 = CARTESIAN_POINT ( 'NONE',  ( 20.99999999999999645, -5.500000000000000000, -2.000000000000000000 ) ) ;
#790 = EDGE_CURVE ( 'NONE', #1537, #4515, #4705, .T. ) ;
#791 = ORIENTED_EDGE ( 'NONE', *, *, #1167, .T. ) ;
#792 = VECTOR ( 'NONE', #3453, 1000.000000000000000 ) ;
#793 = CARTESIAN_POINT ( 'NONE',  ( 15.49999999999999112, -11.86396103067893293, -3.250000000000002665 ) ) ;
#794 = DIRECTION ( 'NONE',  ( 8.673617379884035472E-16, 0.000000000000000000, -1.000000000000000000 ) ) ;
#795 = FACE_OUTER_BOUND ( 'NONE', #1405, .T. ) ;
#796 = AXIS2_PLACEMENT_3D ( 'NONE', #3907, #1573, #2582 ) ;
#797 = ORIENTED_EDGE ( 'NONE', *, *, #3049, .F. ) ;
#798 = LINE ( 'NONE', #322, #5798 ) ;
#799 = DIRECTION ( 'NONE',  ( 0.000000000000000000, 0.000000000000000000, -1.000000000000000000 ) ) ;
#800 = VERTEX_POINT ( 'NONE', #1480 ) ;
#801 = FACE_OUTER_BOUND ( 'NONE', #5703, .T. ) ;
#802 = AXIS2_PLACEMENT_3D ( 'NONE', #1360, #2245, #1788 ) ;
#803 = EDGE_CURVE ( 'NONE', #2799, #3047, #3353, .T. ) ;
#804 = CARTESIAN_POINT ( 'NONE',  ( 22.50000000000000000, 1.000000000000000000, -2.000000000000000000 ) ) ;
#805 = LINE ( 'NONE', #841, #5115 ) ;
#806 = ORIENTED_EDGE ( 'NONE', *, *, #2781, .T. ) ;
#807 = ORIENTED_EDGE ( 'NONE', *, *, #1341, .T. ) ;
#808 = ORIENTED_EDGE ( 'NONE', *, *, #5163, .F. ) ;
#809 = CARTESIAN_POINT ( 'NONE',  ( 2.500000000000000444, 1.500000000000000000, -42.49999999999999289 ) ) ;
#810 = CIRCLE ( 'NONE', #4933, 4.724999999999997868 ) ;
#811 = EDGE_CURVE ( 'NONE', #3905, #3890, #5619, .T. ) ;
#812 = CYLINDRICAL_SURFACE ( 'NONE', #3763, 1.000000000000000000 ) ;
#813 = LINE ( 'NONE', #2718, #4756 ) ;
#814 = AXIS2_PLACEMENT_3D ( 'NONE', #1923, #4259, #3796 ) ;
#815 = LINE ( 'NONE', #1715, #999 ) ;
#816 = ORIENTED_EDGE ( 'NONE', *, *, #5163, .T. ) ;
#817 = AXIS2_PLACEMENT_3D ( 'NONE', #420, #2594, #3668 ) ;
#818 = ORIENTED_EDGE ( 'NONE', *, *, #2029, .F. ) ;
#819 = DIRECTION ( 'NONE',  ( 0.000000000000000000, 1.000000000000000000, 0.000000000000000000 ) ) ;
#820 = ORIENTED_EDGE ( 'NONE', *, *, #5488, .T. ) ;
#821 = EDGE_CURVE ( 'NONE', #4767, #1931, #3726, .T. ) ;
#822 = EDGE_CURVE ( 'NONE', #2424, #669, #4204, .T. ) ;
#823 = PLANE ( 'NONE',  #3308 ) ;
#824 = LINE ( 'NONE', #3597, #641 ) ;
#825 = EDGE_LOOP ( 'NONE', ( #3450, #2127, #5709, #1146, #199, #3172, #946, #2350, #361 ) ) ;
#826 = DIRECTION ( 'NONE',  ( -0.000000000000000000, 1.000000000000000000, -0.000000000000000000 ) ) ;
#827 = CIRCLE ( 'NONE', #2689, 0.5000000000000000000 ) ;
#828 = EDGE_CURVE ( 'NONE', #1764, #2852, #4214, .T. ) ;
#829 = CARTESIAN_POINT ( 'NONE',  ( 2.500000000000003997, 7.099999999999991651, -13.99999999999999112 ) ) ;
#830 = VECTOR ( 'NONE', #5432, 1000.000000000000000 ) ;
#831 = DIRECTION ( 'NONE',  ( -0.000000000000000000, 1.000000000000000000, -0.000000000000000000 ) ) ;
#832 = VERTEX_POINT ( 'NONE', #4279 ) ;
#833 = ORIENTED_EDGE ( 'NONE', *, *, #2503, .T. ) ;
#834 = VERTEX_POINT ( 'NONE', #3841 ) ;
#835 = CARTESIAN_POINT ( 'NONE',  ( 20.99999999999999645, 1.500000000000000000, -43.50000000000000000 ) ) ;
#836 = EDGE_CURVE ( 'NONE', #2252, #321, #1361, .T. ) ;
#837 = VECTOR ( 'NONE', #4971, 1000.000000000000000 ) ;
#838 = CARTESIAN_POINT ( 'NONE',  ( 14.49999999999999467, 0.000000000000000000, -24.50000000000000000 ) ) ;
#839 = ORIENTED_EDGE ( 'NONE', *, *, #5718, .T. ) ;
#840 = CARTESIAN_POINT ( 'NONE',  ( 0.000000000000000000, -1.600000000000000089, 0.000000000000000000 ) ) ;
#841 = CARTESIAN_POINT ( 'NONE',  ( 22.99999999999999289, 5.000000000000000000, -44.00000000000000000 ) ) ;
#842 = VECTOR ( 'NONE', #5481, 1000.000000000000000 ) ;
#843 = ORIENTED_EDGE ( 'NONE', *, *, #5154, .T. ) ;
#844 = DIRECTION ( 'NONE',  ( 8.462065736472232314E-17, 0.000000000000000000, 1.000000000000000000 ) ) ;
#845 = CARTESIAN_POINT ( 'NONE',  ( 18.49999999999999645, 1.500000000000000000, -4.750000000000000888 ) ) ;
#846 = CARTESIAN_POINT ( 'NONE',  ( 14.49999999999998757, -5.501000000000002110, -26.50000000000000355 ) ) ;
#847 = AXIS2_PLACEMENT_3D ( 'NONE', #4806, #183, #4322 ) ;
#848 = CARTESIAN_POINT ( 'NONE',  ( 6.500000000000000888, 2.500000000000000000, -3.525000000000001243 ) ) ;
#849 = VERTEX_POINT ( 'NONE', #1508 ) ;
#850 = LINE ( 'NONE', #1229, #2802 ) ;
#851 = VERTEX_POINT ( 'NONE', #1019 ) ;
#852 = DIRECTION ( 'NONE',  ( -0.000000000000000000, 0.000000000000000000, 1.000000000000000000 ) ) ;
#853 = CIRCLE ( 'NONE', #4290, 1.500000000000001332 ) ;
#854 = ORIENTED_EDGE ( 'NONE', *, *, #2662, .F. ) ;
#855 = DIRECTION ( 'NONE',  ( -0.000000000000000000, 1.000000000000000000, -0.000000000000000000 ) ) ;
#856 = ORIENTED_EDGE ( 'NONE', *, *, #5331, .F. ) ;
#857 = EDGE_CURVE ( 'NONE', #5214, #2799, #287, .T. ) ;
#858 = CIRCLE ( 'NONE', #2208, 0.5000000000000000000 ) ;
#859 = CARTESIAN_POINT ( 'NONE',  ( 20.24999999999998934, -1.600000000000000089, -28.00000000000000355 ) ) ;
#860 = DIRECTION ( 'NONE',  ( 0.000000000000000000, 0.000000000000000000, 1.000000000000000000 ) ) ;
#861 = CARTESIAN_POINT ( 'NONE',  ( 18.49999999999999645, 3.799999999999999822, -4.750000000000000888 ) ) ;
#862 = VERTEX_POINT ( 'NONE', #1453 ) ;
#863 = ORIENTED_EDGE ( 'NONE', *, *, #5561, .F. ) ;
#864 = EDGE_CURVE ( 'NONE', #5789, #2729, #4784, .T. ) ;
#865 = FACE_OUTER_BOUND ( 'NONE', #285, .T. ) ;
#866 = APPLICATION_CONTEXT ( 'automotive_design' ) ;
#867 = CARTESIAN_POINT ( 'NONE',  ( 21.49999999999999289, -5.500000000000000000, -4.750000000000004441 ) ) ;
#868 = VERTEX_POINT ( 'NONE', #5708 ) ;
#869 = DIRECTION ( 'NONE',  ( -5.551115123125804889E-17, -1.000000000000000000, -2.775557561562891351E-16 ) ) ;
#870 = FACE_OUTER_BOUND ( 'NONE', #3655, .T. ) ;
#871 = FACE_OUTER_BOUND ( 'NONE', #2595, .T. ) ;
#872 = ORIENTED_EDGE ( 'NONE', *, *, #4485, .T. ) ;
#873 = ORIENTED_EDGE ( 'NONE', *, *, #4282, .F. ) ;
#874 = ADVANCED_FACE ( 'NONE', ( #3384 ), #2803, .T. ) ;
#875 = VECTOR ( 'NONE', #3819, 1000.000000000000000 ) ;
#876 = LINE ( 'NONE', #3149, #4156 ) ;
#877 = DIRECTION ( 'NONE',  ( 1.000000000000000000, -0.000000000000000000, 0.000000000000000000 ) ) ;
#878 = ADVANCED_FACE ( 'NONE', ( #3298 ), #4762, .T. ) ;
#879 = VECTOR ( 'NONE', #5372, 1000.000000000000000 ) ;
#880 = DIRECTION ( 'NONE',  ( 1.000000000000000000, 0.000000000000000000, -2.891205793294679312E-16 ) ) ;
#881 = EDGE_CURVE ( 'NONE', #3080, #966, #3715, .T. ) ;
#882 = FACE_OUTER_BOUND ( 'NONE', #5513, .T. ) ;
#883 = ORIENTED_EDGE ( 'NONE', *, *, #2495, .F. ) ;
#884 = DIRECTION ( 'NONE',  ( 0.000000000000000000, 0.000000000000000000, 1.000000000000000000 ) ) ;
#885 = ORIENTED_EDGE ( 'NONE', *, *, #5595, .F. ) ;
#886 = DIRECTION ( 'NONE',  ( 1.000000000000000000, 0.000000000000000000, 0.000000000000000000 ) ) ;
#887 = VERTEX_POINT ( 'NONE', #1391 ) ;
#888 = DIRECTION ( 'NONE',  ( -0.000000000000000000, -1.000000000000000000, -0.000000000000000000 ) ) ;
#889 = AXIS2_PLACEMENT_3D ( 'NONE', #1447, #3320, #4328 ) ;
#890 = ORIENTED_EDGE ( 'NONE', *, *, #3627, .F. ) ;
#891 = CARTESIAN_POINT ( 'NONE',  ( 13.74999999999997691, -1.600000000000000089, -4.999999999999990230 ) ) ;
#892 = CARTESIAN_POINT ( 'NONE',  ( 6.500000000000000000, -5.501000000000002110, -9.000000000000000000 ) ) ;
#893 = EDGE_CURVE ( 'NONE', #1378, #3926, #1851, .T. ) ;
#894 = DIRECTION ( 'NONE',  ( 0.000000000000000000, -1.000000000000000000, 0.000000000000000000 ) ) ;
#895 = ORIENTED_EDGE ( 'NONE', *, *, #1328, .T. ) ;
#896 = EDGE_LOOP ( 'NONE', ( #1675, #895, #5036, #243 ) ) ;
#897 = CYLINDRICAL_SURFACE ( 'NONE', #911, 1.000000000000000888 ) ;
#898 = CIRCLE ( 'NONE', #4132, 1.300000000000002487 ) ;
#899 = CARTESIAN_POINT ( 'NONE',  ( 20.49999999999998934, 1.500000000000000000, -42.49999999999999289 ) ) ;
#900 = EDGE_LOOP ( 'NONE', ( #4394, #3982, #1038, #3344 ) ) ;
#901 = CARTESIAN_POINT ( 'NONE',  ( 11.49999999999999822, 0.8499999999999896527, -2.749999999999999112 ) ) ;
#902 = ADVANCED_FACE ( 'NONE', ( #50 ), #1914, .T. ) ;
#903 = CARTESIAN_POINT ( 'NONE',  ( 15.24165738677394266, 0.000000000000000000, -3.000000000000000000 ) ) ;
#904 = VECTOR ( 'NONE', #2924, 1000.000000000000000 ) ;
#905 = ORIENTED_EDGE ( 'NONE', *, *, #2379, .F. ) ;
#906 = AXIS2_PLACEMENT_3D ( 'NONE', #3676, #5632, #6032 ) ;
#907 = PLANE ( 'NONE',  #2083 ) ;
#908 = EDGE_CURVE ( 'NONE', #611, #5214, #1598, .T. ) ;
#909 = CARTESIAN_POINT ( 'NONE',  ( 6.500000000000000000, -5.501000000000002110, -4.275000000000001243 ) ) ;
#910 = FACE_OUTER_BOUND ( 'NONE', #900, .T. ) ;
#911 = AXIS2_PLACEMENT_3D ( 'NONE', #415, #386, #2770 ) ;
#912 = DIRECTION ( 'NONE',  ( -0.000000000000000000, -1.000000000000000000, -0.000000000000000000 ) ) ;
#913 = VECTOR ( 'NONE', #715, 1000.000000000000000 ) ;
#914 = ADVANCED_FACE ( 'NONE', ( #5405 ), #5315, .F. ) ;
#915 = ORIENTED_EDGE ( 'NONE', *, *, #528, .T. ) ;
#916 = DIRECTION ( 'NONE',  ( -0.000000000000000000, -1.000000000000000000, -0.000000000000000000 ) ) ;
#917 = CIRCLE ( 'NONE', #139, 0.5000000000000004441 ) ;
#918 = ORIENTED_EDGE ( 'NONE', *, *, #2105, .F. ) ;
#919 = AXIS2_PLACEMENT_3D ( 'NONE', #2377, #5599, #1860 ) ;
#920 = EDGE_CURVE ( 'NONE', #2343, #5735, #3125, .T. ) ;
#921 = CARTESIAN_POINT ( 'NONE',  ( 18.49999999999999645, 1.500000000000000000, -4.750000000000000888 ) ) ;
#922 = ORIENTED_EDGE ( 'NONE', *, *, #4725, .T. ) ;
#923 = DIRECTION ( 'NONE',  ( -0.000000000000000000, -0.000000000000000000, -1.000000000000000000 ) ) ;
#924 = ORIENTED_EDGE ( 'NONE', *, *, #2464, .T. ) ;
#925 = AXIS2_PLACEMENT_3D ( 'NONE', #4628, #4743, #3244 ) ;
#926 = EDGE_CURVE ( 'NONE', #190, #68, #1661, .T. ) ;
#927 = DIRECTION ( 'NONE',  ( 0.000000000000000000, 0.000000000000000000, -1.000000000000000000 ) ) ;
#928 = CARTESIAN_POINT ( 'NONE',  ( 2.500000000000000444, 1.500000000000000000, -41.49999999999999289 ) ) ;
#929 = CARTESIAN_POINT ( 'NONE',  ( 2.000000000000000000, 5.000000000000000000, -2.000000000000000000 ) ) ;
#930 = ORIENTED_EDGE ( 'NONE', *, *, #1474, .T. ) ;
#931 = ORIENTED_EDGE ( 'NONE', *, *, #4409, .T. ) ;
#932 = PLANE ( 'NONE',  #3944 ) ;
#933 = DIRECTION ( 'NONE',  ( 0.000000000000000000, 0.000000000000000000, 1.000000000000000000 ) ) ;
#934 = VERTEX_POINT ( 'NONE', #2948 ) ;
#935 = DIRECTION ( 'NONE',  ( 1.000000000000000000, 0.000000000000000000, 8.673617379884035472E-16 ) ) ;
#936 = PLANE ( 'NONE',  #5141 ) ;
#937 = VECTOR ( 'NONE', #730, 1000.000000000000000 ) ;
#938 = ORIENTED_EDGE ( 'NONE', *, *, #2654, .T. ) ;
#939 = EDGE_CURVE ( 'NONE', #4767, #4600, #3042, .T. ) ;
#940 = DIRECTION ( 'NONE',  ( -1.000000000000000000, -0.000000000000000000, -0.000000000000000000 ) ) ;
#941 = DIRECTION ( 'NONE',  ( 0.000000000000000000, 0.000000000000000000, -1.000000000000000000 ) ) ;
#942 = AXIS2_PLACEMENT_3D ( 'NONE', #1610, #3116, #3084 ) ;
#943 = CARTESIAN_POINT ( 'NONE',  ( 2.000000000000000000, 1.500000000000000000, 0.000000000000000000 ) ) ;
#944 = DIRECTION ( 'NONE',  ( -0.000000000000000000, -1.000000000000000000, 0.000000000000000000 ) ) ;
#945 = EDGE_CURVE ( 'NONE', #1809, #4442, #1205, .T. ) ;
#946 = ORIENTED_EDGE ( 'NONE', *, *, #3284, .F. ) ;
#947 = VERTEX_POINT ( 'NONE', #4853 ) ;
#948 = LINE ( 'NONE', #973, #4571 ) ;
#949 = DIRECTION ( 'NONE',  ( -0.000000000000000000, 1.000000000000000000, -0.000000000000000000 ) ) ;
#950 = ORIENTED_EDGE ( 'NONE', *, *, #5389, .T. ) ;
#951 = DIRECTION ( 'NONE',  ( 0.000000000000000000, -0.000000000000000000, 1.000000000000000000 ) ) ;
#952 = ORIENTED_EDGE ( 'NONE', *, *, #1909, .F. ) ;
#953 = EDGE_CURVE ( 'NONE', #2044, #5029, #574, .T. ) ;
#954 = CIRCLE ( 'NONE', #4286, 1.500000000000000444 ) ;
#955 = PLANE ( 'NONE',  #4591 ) ;
#956 = CARTESIAN_POINT ( 'NONE',  ( 20.99999999999999645, 1.000000000000000000, -41.99999999999999289 ) ) ;
#957 = DIRECTION ( 'NONE',  ( 0.000000000000000000, -1.000000000000000000, 0.000000000000000000 ) ) ;
#958 = ORIENTED_EDGE ( 'NONE', *, *, #2578, .F. ) ;
#959 = CIRCLE ( 'NONE', #2820, 0.8500000000000035305 ) ;
#960 = ORIENTED_EDGE ( 'NONE', *, *, #4725, .F. ) ;
#961 = CARTESIAN_POINT ( 'NONE',  ( 1.500000000000003775, 5.000000000000000000, -13.99999999999999112 ) ) ;
#962 = CARTESIAN_POINT ( 'NONE',  ( 20.49999999999998934, 5.000000000000000000, -41.49999999999999289 ) ) ;
#963 = VERTEX_POINT ( 'NONE', #707 ) ;
#964 = LINE ( 'NONE', #504, #2672 ) ;
#965 = DIRECTION ( 'NONE',  ( 1.000000000000000000, 0.000000000000000000, -1.163534038764931666E-16 ) ) ;
#966 = VERTEX_POINT ( 'NONE', #4916 ) ;
#967 = DIRECTION ( 'NONE',  ( -0.000000000000000000, 1.000000000000000000, -0.000000000000000000 ) ) ;
#968 = DIRECTION ( 'NONE',  ( 1.000000000000000000, -0.000000000000000000, -0.000000000000000000 ) ) ;
#969 = LINE ( 'NONE', #943, #5349 ) ;
#970 = EDGE_CURVE ( 'NONE', #3876, #300, #3416, .T. ) ;
#971 = ORIENTED_EDGE ( 'NONE', *, *, #984, .T. ) ;
#972 = ORIENTED_EDGE ( 'NONE', *, *, #534, .T. ) ;
#973 = CARTESIAN_POINT ( 'NONE',  ( 15.49999999999999112, -11.86396103067893293, -39.24999999999999289 ) ) ;
#974 = PRESENTATION_LAYER_ASSIGNMENT (  '', '', ( #5574 ) ) ;
#975 = PLANE ( 'NONE',  #469 ) ;
#976 = ORIENTED_EDGE ( 'NONE', *, *, #6008, .F. ) ;
#977 = CARTESIAN_POINT ( 'NONE',  ( 0.000000000000000000, 5.000000000000000000, 0.000000000000000000 ) ) ;
#978 = EDGE_CURVE ( 'NONE', #1667, #868, #2509, .T. ) ;
#979 = VERTEX_POINT ( 'NONE', #1565 ) ;
#980 = VERTEX_POINT ( 'NONE', #1996 ) ;
#981 = PLANE ( 'NONE',  #5368 ) ;
#982 = LINE ( 'NONE', #5190, #5655 ) ;
#983 = CARTESIAN_POINT ( 'NONE',  ( 20.99999999999999645, 1.500000000000000000, 0.000000000000000000 ) ) ;
#984 = EDGE_CURVE ( 'NONE', #749, #4304, #5347, .T. ) ;
#985 = VECTOR ( 'NONE', #5196, 1000.000000000000000 ) ;
#986 = ORIENTED_EDGE ( 'NONE', *, *, #2183, .T. ) ;
#987 = ORIENTED_EDGE ( 'NONE', *, *, #4578, .T. ) ;
#988 = DIRECTION ( 'NONE',  ( -1.000000000000000000, -0.000000000000000000, -0.000000000000000000 ) ) ;
#989 = ORIENTED_EDGE ( 'NONE', *, *, #3383, .F. ) ;
#990 =( NAMED_UNIT ( * ) SI_UNIT ( $, .STERADIAN. ) SOLID_ANGLE_UNIT ( ) );
#991 = FACE_OUTER_BOUND ( 'NONE', #5226, .T. ) ;
#992 = ADVANCED_FACE ( 'NONE', ( #1145 ), #3012, .F. ) ;
#993 = PRODUCT_DEFINITION_CONTEXT ( 'detailed design', #55, 'design' ) ;
#994 = ORIENTED_EDGE ( 'NONE', *, *, #3914, .F. ) ;
#995 = CARTESIAN_POINT ( 'NONE',  ( -0.001000000000001000089, -2.399999999999999911, -4.999999999999990230 ) ) ;
#996 = VECTOR ( 'NONE', #2123, 1000.000000000000000 ) ;
#997 = FACE_OUTER_BOUND ( 'NONE', #531, .T. ) ;
#998 = FACE_OUTER_BOUND ( 'NONE', #3548, .T. ) ;
#999 = VECTOR ( 'NONE', #5453, 1000.000000000000000 ) ;
#1000 = ORIENTED_EDGE ( 'NONE', *, *, #13, .F. ) ;
#1001 = EDGE_CURVE ( 'NONE', #611, #4278, #2541, .T. ) ;
#1002 = EDGE_LOOP ( 'NONE', ( #388, #4668, #1604, #5916, #2013, #1053, #446, #3752 ) ) ;
#1003 = CARTESIAN_POINT ( 'NONE',  ( 21.49999999999999289, -5.500000000000000000, -1.500000000000000000 ) ) ;
#1004 = CARTESIAN_POINT ( 'NONE',  ( 18.49999999999999645, 5.000000000000000000, -4.000000000000000000 ) ) ;
#1005 = AXIS2_PLACEMENT_3D ( 'NONE', #1325, #1819, #3694 ) ;
#1006 = ORIENTED_EDGE ( 'NONE', *, *, #5059, .T. ) ;
#1007 = CARTESIAN_POINT ( 'NONE',  ( 21.49999999999999289, -11.86396103067893293, -40.74999999999999289 ) ) ;
#1008 = EDGE_LOOP ( 'NONE', ( #2824, #1728 ) ) ;
#1009 = EDGE_CURVE ( 'NONE', #5636, #4174, #5377, .T. ) ;
#1010 = LINE ( 'NONE', #1446, #3214 ) ;
#1011 = DIRECTION ( 'NONE',  ( 0.000000000000000000, 0.000000000000000000, -1.000000000000000000 ) ) ;
#1012 = CARTESIAN_POINT ( 'NONE',  ( 3.525359410719047126, 0.000000000000000000, -4.750000000000004441 ) ) ;
#1013 = VECTOR ( 'NONE', #4226, 1000.000000000000000 ) ;
#1014 = ORIENTED_EDGE ( 'NONE', *, *, #467, .F. ) ;
#1015 = VECTOR ( 'NONE', #940, 1000.000000000000000 ) ;
#1016 = VERTEX_POINT ( 'NONE', #2575 ) ;
#1017 = DIRECTION ( 'NONE',  ( 1.216421949617883318E-16, 0.000000000000000000, -1.000000000000000000 ) ) ;
#1018 = EDGE_CURVE ( 'NONE', #1496, #48, #2111, .T. ) ;
#1019 = CARTESIAN_POINT ( 'NONE',  ( 2.000000000000000000, 0.000000000000000000, -43.50000000000000000 ) ) ;
#1020 =( LENGTH_UNIT ( ) NAMED_UNIT ( * ) SI_UNIT ( .MILLI., .METRE. ) );
#1021 = CARTESIAN_POINT ( 'NONE',  ( 15.49999999999999112, 0.000000000000000000, -40.74999999999999289 ) ) ;
#1022 = EDGE_CURVE ( 'NONE', #711, #1427, #259, .T. ) ;
#1023 = ORIENTED_EDGE ( 'NONE', *, *, #4819, .F. ) ;
#1024 = ORIENTED_EDGE ( 'NONE', *, *, #269, .T. ) ;
#1025 = EDGE_CURVE ( 'NONE', #5768, #5194, #3869, .T. ) ;
#1026 = LINE ( 'NONE', #5265, #4527 ) ;
#1027 = LINE ( 'NONE', #1611, #4350 ) ;
#1028 = VECTOR ( 'NONE', #3714, 1000.000000000000000 ) ;
#1029 = CARTESIAN_POINT ( 'NONE',  ( 19.50000000000000000, 1.500000000000000000, -22.50000000000000355 ) ) ;
#1030 = VERTEX_POINT ( 'NONE', #1077 ) ;
#1031 = VERTEX_POINT ( 'NONE', #2482 ) ;
#1032 = ORIENTED_EDGE ( 'NONE', *, *, #4478, .T. ) ;
#1033 = VECTOR ( 'NONE', #1234, 1000.000000000000000 ) ;
#1034 = CARTESIAN_POINT ( 'NONE',  ( 14.49999999999999467, 1.500000000000000000, -24.00000000000000000 ) ) ;
#1035 = FACE_OUTER_BOUND ( 'NONE', #2932, .T. ) ;
#1036 = ORIENTED_EDGE ( 'NONE', *, *, #1328, .F. ) ;
#1037 = CARTESIAN_POINT ( 'NONE',  ( 20.24999999999998934, -1.600000000000000089, -29.99999999999999645 ) ) ;
#1038 = ORIENTED_EDGE ( 'NONE', *, *, #5570, .T. ) ;
#1039 = FACE_OUTER_BOUND ( 'NONE', #5383, .T. ) ;
#1040 = DIRECTION ( 'NONE',  ( 0.000000000000000000, -1.000000000000000000, 0.000000000000000000 ) ) ;
#1041 = DIRECTION ( 'NONE',  ( 0.000000000000000000, -1.000000000000000000, 0.000000000000000000 ) ) ;
#1042 = ADVANCED_FACE ( 'NONE', ( #4369 ), #5552, .F. ) ;
#1043 = ORIENTED_EDGE ( 'NONE', *, *, #4984, .F. ) ;
#1044 = ORIENTED_EDGE ( 'NONE', *, *, #3348, .T. ) ;
#1045 = AXIS2_PLACEMENT_3D ( 'NONE', #5750, #3463, #3948 ) ;
#1046 = FILL_AREA_STYLE ('',( #3382 ) ) ;
#1047 = EDGE_LOOP ( 'NONE', ( #1807, #2589, #83, #5031, #2902, #3685, #5760, #2901, #1334, #1134, #2299, #1074 ) ) ;
#1048 = DIRECTION ( 'NONE',  ( -1.000000000000000000, -0.000000000000000000, 1.163534038764931666E-16 ) ) ;
#1049 = CARTESIAN_POINT ( 'NONE',  ( 2.000000000000000000, 5.000000000000000000, 0.000000000000000000 ) ) ;
#1050 = FACE_OUTER_BOUND ( 'NONE', #2762, .T. ) ;
#1051 = AXIS2_PLACEMENT_3D ( 'NONE', #5248, #1040, #3863 ) ;
#1052 = EDGE_CURVE ( 'NONE', #5157, #4850, #2700, .T. ) ;
#1053 = ORIENTED_EDGE ( 'NONE', *, *, #1888, .F. ) ;
#1054 = DIRECTION ( 'NONE',  ( -0.000000000000000000, -0.000000000000000000, 1.000000000000000000 ) ) ;
#1055 = VECTOR ( 'NONE', #4697, 1000.000000000000000 ) ;
#1056 = CARTESIAN_POINT ( 'NONE',  ( 2.000000000000000000, 1.000000000000000000, -44.00000000000000000 ) ) ;
#1057 = CARTESIAN_POINT ( 'NONE',  ( 22.99999999999999289, 5.000000000000000000, -44.00000000000000000 ) ) ;
#1058 = CARTESIAN_POINT ( 'NONE',  ( 22.50000000000000000, 0.000000000000000000, -2.000000000000000000 ) ) ;
#1059 = EDGE_CURVE ( 'NONE', #2574, #5222, #5918, .T. ) ;
#1060 = VECTOR ( 'NONE', #1968, 1000.000000000000000 ) ;
#1061 = ORIENTED_EDGE ( 'NONE', *, *, #3097, .T. ) ;
#1062 = ADVANCED_FACE ( 'NONE', ( #1355 ), #2763, .F. ) ;
#1063 = DIRECTION ( 'NONE',  ( -1.000000000000000000, 1.665334536937717061E-16, 0.000000000000000000 ) ) ;
#1064 = DIRECTION ( 'NONE',  ( 0.000000000000000000, 0.000000000000000000, -1.000000000000000000 ) ) ;
#1065 = CARTESIAN_POINT ( 'NONE',  ( 19.50000000000004263, 0.000000000000000000, -18.00000000000000000 ) ) ;
#1066 = ADVANCED_FACE ( 'NONE', ( #4114 ), #4053, .F. ) ;
#1067 = ORIENTED_EDGE ( 'NONE', *, *, #3872, .T. ) ;
#1068 = AXIS2_PLACEMENT_3D ( 'NONE', #2859, #4737, #539 ) ;
#1069 = ORIENTED_EDGE ( 'NONE', *, *, #5488, .F. ) ;
#1070 = DIRECTION ( 'NONE',  ( 0.000000000000000000, -1.000000000000000000, 0.000000000000000000 ) ) ;
#1071 = CARTESIAN_POINT ( 'NONE',  ( 1.500000000000004885, -5.399999999999997691, -24.89999999999999858 ) ) ;
#1072 = CARTESIAN_POINT ( 'NONE',  ( 1.525359410719044906, -11.86396103067893293, -4.750000000000004441 ) ) ;
#1073 = VECTOR ( 'NONE', #2973, 1000.000000000000000 ) ;
#1074 = ORIENTED_EDGE ( 'NONE', *, *, #4071, .T. ) ;
#1075 = ORIENTED_EDGE ( 'NONE', *, *, #4811, .T. ) ;
#1076 = ORIENTED_EDGE ( 'NONE', *, *, #4758, .F. ) ;
#1077 = CARTESIAN_POINT ( 'NONE',  ( 1.525359410719045128, -5.500000000000001776, -40.74999999999999289 ) ) ;
#1078 = VERTEX_POINT ( 'NONE', #1813 ) ;
#1079 = ADVANCED_FACE ( 'NONE', ( #4581 ), #5981, .T. ) ;
#1080 = DIRECTION ( 'NONE',  ( 0.000000000000000000, 0.000000000000000000, -1.000000000000000000 ) ) ;
#1081 = LINE ( 'NONE', #4283, #2930 ) ;
#1082 = AXIS2_PLACEMENT_3D ( 'NONE', #4086, #4611, #4054 ) ;
#1083 = VERTEX_POINT ( 'NONE', #1781 ) ;
#1084 = EDGE_CURVE ( 'NONE', #3988, #520, #458, .T. ) ;
#1085 = ORIENTED_EDGE ( 'NONE', *, *, #3558, .F. ) ;
#1086 = CARTESIAN_POINT ( 'NONE',  ( 21.49999999999999645, 5.000000000000000000, -2.500000000000002220 ) ) ;
#1087 = PLANE ( 'NONE',  #2367 ) ;
#1088 = ADVANCED_FACE ( 'NONE', ( #3227 ), #4547, .F. ) ;
#1089 = CARTESIAN_POINT ( 'NONE',  ( 14.50000000000004263, 1.500000000000000000, -18.50000000000000355 ) ) ;
#1090 = PLANE ( 'NONE',  #220 ) ;
#1091 = VERTEX_POINT ( 'NONE', #5521 ) ;
#1092 = CIRCLE ( 'NONE', #2951, 1.500000000000001332 ) ;
#1093 = VECTOR ( 'NONE', #1124, 1000.000000000000000 ) ;
#1094 = EDGE_LOOP ( 'NONE', ( #5281, #3477, #3852, #123 ) ) ;
#1095 = VERTEX_POINT ( 'NONE', #891 ) ;
#1096 = EDGE_CURVE ( 'NONE', #4635, #329, #5068, .T. ) ;
#1097 = CARTESIAN_POINT ( 'NONE',  ( 11.50000000000000178, -5.500000000000000000, -40.39999999999999147 ) ) ;
#1098 = LINE ( 'NONE', #1164, #5212 ) ;
#1099 = CARTESIAN_POINT ( 'NONE',  ( 20.24999999999998934, 0.000000000000000000, -4.999999999999990230 ) ) ;
#1100 = AXIS2_PLACEMENT_3D ( 'NONE', #1833, #1895, #1803 ) ;
#1101 = ORIENTED_EDGE ( 'NONE', *, *, #3007, .T. ) ;
#1102 = ORIENTED_EDGE ( 'NONE', *, *, #534, .F. ) ;
#1103 = EDGE_CURVE ( 'NONE', #2243, #1503, #4963, .T. ) ;
#1104 = CARTESIAN_POINT ( 'NONE',  ( 17.00000000000000000, 0.000000000000000000, -5.899999999999999467 ) ) ;
#1105 = COLOUR_RGB ( '',1.000000000000000000, 1.000000000000000000, 1.000000000000000000 ) ;
#1106 = DIRECTION ( 'NONE',  ( 1.000000000000000000, 0.000000000000000000, -0.000000000000000000 ) ) ;
#1107 = ORIENTED_EDGE ( 'NONE', *, *, #5728, .T. ) ;
#1108 = CARTESIAN_POINT ( 'NONE',  ( 0.000000000000000000, 3.799999999999999822, -44.00000000000000000 ) ) ;
#1109 = EDGE_LOOP ( 'NONE', ( #2793, #873, #2669, #1454, #5283, #588 ) ) ;
#1110 = VERTEX_POINT ( 'NONE', #3132 ) ;
#1111 = ORIENTED_EDGE ( 'NONE', *, *, #5638, .F. ) ;
#1112 = VECTOR ( 'NONE', #2454, 1000.000000000000000 ) ;
#1113 = CARTESIAN_POINT ( 'NONE',  ( 10.00000000000000178, 8.099999999999999645, -38.99999999999999289 ) ) ;
#1114 = CARTESIAN_POINT ( 'NONE',  ( 1.500000000000000444, 3.799999999999999822, -4.750000000000000888 ) ) ;
#1115 = VECTOR ( 'NONE', #2129, 1000.000000000000000 ) ;
#1116 = DIRECTION ( 'NONE',  ( -0.000000000000000000, -0.000000000000000000, 1.000000000000000000 ) ) ;
#1117 = EDGE_CURVE ( 'NONE', #2404, #800, #2143, .T. ) ;
#1118 = ORIENTED_EDGE ( 'NONE', *, *, #4799, .F. ) ;
#1119 = PLANE ( 'NONE',  #1786 ) ;
#1120 = VECTOR ( 'NONE', #1273, 1000.000000000000000 ) ;
#1121 = DIRECTION ( 'NONE',  ( -0.000000000000000000, 1.000000000000000000, -0.000000000000000000 ) ) ;
#1122 = CARTESIAN_POINT ( 'NONE',  ( 14.50000000000000000, 0.000000000000000000, -21.49999999999999645 ) ) ;
#1123 = CARTESIAN_POINT ( 'NONE',  ( 15.49999999999999112, -11.86396103067893293, -4.750000000000004441 ) ) ;
#1124 = DIRECTION ( 'NONE',  ( -0.000000000000000000, 1.000000000000000000, -0.000000000000000000 ) ) ;
#1125 = EDGE_CURVE ( 'NONE', #2978, #2252, #5489, .T. ) ;
#1126 = FACE_OUTER_BOUND ( 'NONE', #3778, .T. ) ;
#1127 = VECTOR ( 'NONE', #5964, 1000.000000000000000 ) ;
#1128 = ORIENTED_EDGE ( 'NONE', *, *, #4044, .F. ) ;
#1129 = VECTOR ( 'NONE', #4905, 1000.000000000000000 ) ;
#1130 = FACE_OUTER_BOUND ( 'NONE', #3860, .T. ) ;
#1131 = DIRECTION ( 'NONE',  ( -1.000000000000000000, 1.665334536937737769E-16, 0.000000000000000000 ) ) ;
#1132 = CARTESIAN_POINT ( 'NONE',  ( 0.000000000000000000, -5.500000000000000000, 0.000000000000000000 ) ) ;
#1133 = ADVANCED_FACE ( 'NONE', ( #409 ), #4085, .F. ) ;
#1134 = ORIENTED_EDGE ( 'NONE', *, *, #4775, .F. ) ;
#1135 = VECTOR ( 'NONE', #5941, 1000.000000000000000 ) ;
#1136 = VERTEX_POINT ( 'NONE', #4610 ) ;
#1137 = CARTESIAN_POINT ( 'NONE',  ( 20.99999999999999645, 1.500000000000000000, -0.5000000000000000000 ) ) ;
#1138 = CARTESIAN_POINT ( 'NONE',  ( 2.000000000000000000, 0.000000000000000000, -0.5000000000000000000 ) ) ;
#1139 = DIRECTION ( 'NONE',  ( 0.000000000000000000, 1.000000000000000000, 0.000000000000000000 ) ) ;
#1140 = AXIS2_PLACEMENT_3D ( 'NONE', #486, #2353, #4719 ) ;
#1141 = EDGE_CURVE ( 'NONE', #3309, #5762, #2128, .T. ) ;
#1142 = ORIENTED_EDGE ( 'NONE', *, *, #1125, .F. ) ;
#1143 = SHAPE_DEFINITION_REPRESENTATION ( #1185, #1881 ) ;
#1144 = ORIENTED_EDGE ( 'NONE', *, *, #1773, .T. ) ;
#1145 = FACE_OUTER_BOUND ( 'NONE', #93, .T. ) ;
#1146 = ORIENTED_EDGE ( 'NONE', *, *, #4144, .F. ) ;
#1147 = CARTESIAN_POINT ( 'NONE',  ( 20.99999999999999645, -5.500000000000000000, -41.99999999999999289 ) ) ;
#1148 = FACE_OUTER_BOUND ( 'NONE', #2721, .T. ) ;
#1149 = EDGE_CURVE ( 'NONE', #1303, #5157, #1942, .T. ) ;
#1150 = AXIS2_PLACEMENT_3D ( 'NONE', #3432, #5394, #4840 ) ;
#1151 = EDGE_CURVE ( 'NONE', #4544, #4589, #2267, .T. ) ;
#1152 = ORIENTED_EDGE ( 'NONE', *, *, #4879, .T. ) ;
#1153 = DIRECTION ( 'NONE',  ( 1.000000000000000000, 0.000000000000000000, -0.000000000000000000 ) ) ;
#1154 = CYLINDRICAL_SURFACE ( 'NONE', #4236, 1.500000000000000000 ) ;
#1155 = CIRCLE ( 'NONE', #277, 1.500000000000000444 ) ;
#1156 = FACE_BOUND ( 'NONE', #2704, .T. ) ;
#1157 = DIRECTION ( 'NONE',  ( 0.000000000000000000, 1.000000000000000000, 0.000000000000000000 ) ) ;
#1158 = LINE ( 'NONE', #5236, #1093 ) ;
#1159 = VECTOR ( 'NONE', #5671, 1000.000000000000000 ) ;
#1160 = LINE ( 'NONE', #3560, #1115 ) ;
#1161 = ORIENTED_EDGE ( 'NONE', *, *, #2284, .F. ) ;
#1162 = EDGE_CURVE ( 'NONE', #2220, #5365, #2328, .T. ) ;
#1163 = CARTESIAN_POINT ( 'NONE',  ( 11.49999999999995381, 1.387778780781445676E-14, -41.24999999999999289 ) ) ;
#1164 = CARTESIAN_POINT ( 'NONE',  ( 13.74999999999997691, -1.600000000000000089, -28.00000000000000000 ) ) ;
#1165 = CARTESIAN_POINT ( 'NONE',  ( 23.00000000000000000, -5.500000000000000000, -2.000000000000000000 ) ) ;
#1166 = LINE ( 'NONE', #4909, #3016 ) ;
#1167 = EDGE_CURVE ( 'NONE', #2965, #5993, #3319, .T. ) ;
#1168 = CARTESIAN_POINT ( 'NONE',  ( 11.50000000000000178, 0.000000000000000000, -2.750000000000002665 ) ) ;
#1169 = CARTESIAN_POINT ( 'NONE',  ( 21.49999999999999289, -5.500000000000000000, -1.500000000000000000 ) ) ;
#1170 = VERTEX_POINT ( 'NONE', #5189 ) ;
#1171 = COLOUR_RGB ( '',1.000000000000000000, 1.000000000000000000, 1.000000000000000000 ) ;
#1172 = ORIENTED_EDGE ( 'NONE', *, *, #1547, .F. ) ;
#1173 = DIRECTION ( 'NONE',  ( 1.445602896647337931E-16, 0.000000000000000000, -1.000000000000000000 ) ) ;
#1174 = ADVANCED_FACE ( 'NONE', ( #5581 ), #981, .F. ) ;
#1175 = FACE_OUTER_BOUND ( 'NONE', #3203, .T. ) ;
#1176 = CARTESIAN_POINT ( 'NONE',  ( 19.50000000000004263, 1.500000000000000000, -18.50000000000000355 ) ) ;
#1177 = ORIENTED_EDGE ( 'NONE', *, *, #3435, .T. ) ;
#1178 = DIRECTION ( 'NONE',  ( 1.000000000000000000, 0.000000000000000000, 0.000000000000000000 ) ) ;
#1179 = EDGE_CURVE ( 'NONE', #2075, #1016, #2423, .T. ) ;
#1180 = CARTESIAN_POINT ( 'NONE',  ( 7.500000000000000888, 3.799999999999999822, -39.99999999999999289 ) ) ;
#1181 = DIRECTION ( 'NONE',  ( -0.000000000000000000, -0.000000000000000000, -1.000000000000000000 ) ) ;
#1182 = CARTESIAN_POINT ( 'NONE',  ( 12.99999999999997513, -1.600000000000000089, -30.00000000000000000 ) ) ;
#1183 = AXIS2_PLACEMENT_3D ( 'NONE', #956, #3346, #1939 ) ;
#1184 = LINE ( 'NONE', #5932, #2655 ) ;
#1185 = PRODUCT_DEFINITION_SHAPE ( 'NONE', 'NONE',  #4161 ) ;
#1186 = ORIENTED_EDGE ( 'NONE', *, *, #1888, .T. ) ;
#1187 = ORIENTED_EDGE ( 'NONE', *, *, #2592, .F. ) ;
#1188 = CARTESIAN_POINT ( 'NONE',  ( 17.00000000000000000, -5.501000000000002110, -9.000000000000000000 ) ) ;
#1189 = DIRECTION ( 'NONE',  ( -1.000000000000000000, 0.000000000000000000, 0.000000000000000000 ) ) ;
#1190 = CARTESIAN_POINT ( 'NONE',  ( 6.500000000000000000, 0.000000000000000000, -4.275000000000001243 ) ) ;
#1191 = CARTESIAN_POINT ( 'NONE',  ( 15.24165738677394266, 0.000000000000000000, -1.500000000000000000 ) ) ;
#1192 = CARTESIAN_POINT ( 'NONE',  ( 9.649999999999954170, 1.398048343759228500E-14, -41.24999999999999289 ) ) ;
#1193 = ADVANCED_FACE ( 'NONE', ( #2825 ), #2419, .T. ) ;
#1194 = ORIENTED_EDGE ( 'NONE', *, *, #4812, .F. ) ;
#1195 = CARTESIAN_POINT ( 'NONE',  ( 20.99999999999998934, -1.600000000000000089, -29.99999999999999645 ) ) ;
#1196 = ORIENTED_EDGE ( 'NONE', *, *, #2749, .F. ) ;
#1197 = FACE_OUTER_BOUND ( 'NONE', #4654, .T. ) ;
#1198 = AXIS2_PLACEMENT_3D ( 'NONE', #2189, #2588, #1301 ) ;
#1199 = CARTESIAN_POINT ( 'NONE',  ( 21.49999999999999289, 5.000000000000000000, -40.74999999999999289 ) ) ;
#1200 = VERTEX_POINT ( 'NONE', #4727 ) ;
#1201 = ADVANCED_FACE ( 'NONE', ( #3779 ), #1498, .F. ) ;
#1202 = CARTESIAN_POINT ( 'NONE',  ( -9.775064225477660074, 20.17496878488283230, 30.82967095951557468 ) ) ;
#1203 = VECTOR ( 'NONE', #2597, 1000.000000000000000 ) ;
#1204 = ORIENTED_EDGE ( 'NONE', *, *, #2431, .T. ) ;
#1205 = LINE ( 'NONE', #650, #3224 ) ;
#1206 = DIRECTION ( 'NONE',  ( -5.551115123125804889E-17, -1.000000000000000000, -2.775557561562891351E-16 ) ) ;
#1207 = DIRECTION ( 'NONE',  ( -0.000000000000000000, -0.000000000000000000, 1.000000000000000000 ) ) ;
#1208 = ORIENTED_EDGE ( 'NONE', *, *, #4240, .T. ) ;
#1209 = ORIENTED_EDGE ( 'NONE', *, *, #5595, .T. ) ;
#1210 = ORIENTED_EDGE ( 'NONE', *, *, #1443, .F. ) ;
#1211 = EDGE_CURVE ( 'NONE', #4640, #2746, #1872, .T. ) ;
#1212 = AXIS2_PLACEMENT_3D ( 'NONE', #2710, #3698, #1272 ) ;
#1213 = DIRECTION ( 'NONE',  ( -1.000000000000000000, -0.000000000000000000, 2.891205793294679312E-16 ) ) ;
#1214 = LINE ( 'NONE', #5892, #5597 ) ;
#1215 = CARTESIAN_POINT ( 'NONE',  ( 14.50000000000002132, 0.000000000000000000, -20.50000000000000355 ) ) ;
#1216 = CARTESIAN_POINT ( 'NONE',  ( 9.255005567935635113, 0.000000000000000000, -41.09999999999999432 ) ) ;
#1217 = ADVANCED_FACE ( 'NONE', ( #1039 ), #3345, .T. ) ;
#1218 = CARTESIAN_POINT ( 'NONE',  ( 14.50000000000000000, 0.000000000000000000, -21.49999999999999645 ) ) ;
#1219 = VERTEX_POINT ( 'NONE', #1907 ) ;
#1220 = VECTOR ( 'NONE', #4596, 1000.000000000000000 ) ;
#1221 = ADVANCED_FACE ( 'NONE', ( #4642 ), #442, .T. ) ;
#1222 = ORIENTED_EDGE ( 'NONE', *, *, #3376, .F. ) ;
#1223 = CARTESIAN_POINT ( 'NONE',  ( 0.000000000000000000, -4.099999999999997868, -24.89999999999999858 ) ) ;
#1224 = DIRECTION ( 'NONE',  ( -1.000000000000000000, -0.000000000000000000, 0.000000000000000000 ) ) ;
#1225 = DIRECTION ( 'NONE',  ( 0.000000000000000000, 1.000000000000000000, -0.000000000000000000 ) ) ;
#1226 = EDGE_CURVE ( 'NONE', #980, #5338, #3289, .T. ) ;
#1227 = CARTESIAN_POINT ( 'NONE',  ( 1.525359410719044906, -11.86396103067893293, -39.24999999999999289 ) ) ;
#1228 = CARTESIAN_POINT ( 'NONE',  ( 15.49999999999999112, -11.86396103067893293, -4.750000000000004441 ) ) ;
#1229 = CARTESIAN_POINT ( 'NONE',  ( 1.500000000000000444, 3.799999999999999822, -4.750000000000000888 ) ) ;
#1230 = DIRECTION ( 'NONE',  ( -0.000000000000000000, 1.000000000000000000, -0.000000000000000000 ) ) ;
#1231 = PLANE ( 'NONE',  #1720 ) ;
#1232 = AXIS2_PLACEMENT_3D ( 'NONE', #763, #888, #4607 ) ;
#1233 = ORIENTED_EDGE ( 'NONE', *, *, #5162, .F. ) ;
#1234 = DIRECTION ( 'NONE',  ( -1.000000000000000000, -0.000000000000000000, -0.000000000000000000 ) ) ;
#1235 = DIRECTION ( 'NONE',  ( 0.000000000000000000, -1.000000000000000000, 0.000000000000000000 ) ) ;
#1236 = AXIS2_PLACEMENT_3D ( 'NONE', #3679, #3063, #4941 ) ;
#1237 = AXIS2_PLACEMENT_3D ( 'NONE', #4948, #4886, #677 ) ;
#1238 = DIRECTION ( 'NONE',  ( -0.000000000000000000, -0.000000000000000000, -1.000000000000000000 ) ) ;
#1239 = ORIENTED_EDGE ( 'NONE', *, *, #3468, .F. ) ;
#1240 = ORIENTED_EDGE ( 'NONE', *, *, #2934, .T. ) ;
#1241 = DIRECTION ( 'NONE',  ( 0.000000000000000000, -0.000000000000000000, -1.000000000000000000 ) ) ;
#1242 = DIRECTION ( 'NONE',  ( 0.000000000000000000, 0.000000000000000000, 1.000000000000000000 ) ) ;
#1243 = FACE_OUTER_BOUND ( 'NONE', #2192, .T. ) ;
#1244 = ADVANCED_FACE ( 'NONE', ( #5215 ), #1844, .T. ) ;
#1245 = PRODUCT_DEFINITION_CONTEXT ( 'detailed design', #2236, 'design' ) ;
#1246 = DIRECTION ( 'NONE',  ( 0.000000000000000000, 0.000000000000000000, 1.000000000000000000 ) ) ;
#1247 = DIRECTION ( 'NONE',  ( 0.000000000000000000, -1.000000000000000000, 0.000000000000000000 ) ) ;
#1248 = ORIENTED_EDGE ( 'NONE', *, *, #4129, .F. ) ;
#1249 = ORIENTED_EDGE ( 'NONE', *, *, #908, .T. ) ;
#1250 = CONICAL_SURFACE ( 'NONE', #2906, 1.850000000000000977, 0.7853981633974471688 ) ;
#1251 = DIRECTION ( 'NONE',  ( -1.000000000000000000, 0.000000000000000000, 0.000000000000000000 ) ) ;
#1252 = EDGE_CURVE ( 'NONE', #868, #368, #3412, .T. ) ;
#1253 = FACE_OUTER_BOUND ( 'NONE', #5571, .T. ) ;
#1254 = CARTESIAN_POINT ( 'NONE',  ( 11.50000000000000178, -5.500000000000000000, -2.750000000000002665 ) ) ;
#1255 = DIRECTION ( 'NONE',  ( -0.000000000000000000, -1.000000000000000000, -0.000000000000000000 ) ) ;
#1256 = CARTESIAN_POINT ( 'NONE',  ( 20.99999999999998934, -1.600000000000000089, -28.00000000000000355 ) ) ;
#1257 = EDGE_CURVE ( 'NONE', #2619, #402, #2361, .T. ) ;
#1258 = CARTESIAN_POINT ( 'NONE',  ( 7.758342613226059115, 0.000000000000000000, -40.99999999999999289 ) ) ;
#1259 = EDGE_CURVE ( 'NONE', #2093, #1442, #2795, .T. ) ;
#1260 = LINE ( 'NONE', #3130, #255 ) ;
#1261 = ORIENTED_EDGE ( 'NONE', *, *, #828, .F. ) ;
#1262 = CARTESIAN_POINT ( 'NONE',  ( 19.50000000000000000, 0.000000000000000000, -22.00000000000000000 ) ) ;
#1263 = DIRECTION ( 'NONE',  ( -1.000000000000000000, 0.000000000000000000, -0.000000000000000000 ) ) ;
#1264 = CARTESIAN_POINT ( 'NONE',  ( 13.74499443206436666, -5.500000000000000000, -2.900000000000001243 ) ) ;
#1265 = ORIENTED_EDGE ( 'NONE', *, *, #5191, .T. ) ;
#1266 = EDGE_LOOP ( 'NONE', ( #915, #5900, #1644, #2994, #327, #5408, #1983, #807 ) ) ;
#1267 = DIRECTION ( 'NONE',  ( 0.000000000000000000, 0.000000000000000000, 1.000000000000000000 ) ) ;
#1268 = EDGE_CURVE ( 'NONE', #1503, #5029, #1010, .T. ) ;
#1269 = DIRECTION ( 'NONE',  ( 1.000000000000000000, -0.000000000000000000, -0.000000000000000000 ) ) ;
#1270 = ORIENTED_EDGE ( 'NONE', *, *, #3514, .T. ) ;
#1271 = VECTOR ( 'NONE', #3512, 1000.000000000000000 ) ;
#1272 = DIRECTION ( 'NONE',  ( 0.000000000000000000, 0.000000000000000000, 1.000000000000000000 ) ) ;
#1273 = DIRECTION ( 'NONE',  ( -0.000000000000000000, 1.000000000000000000, -0.000000000000000000 ) ) ;
#1274 = DIRECTION ( 'NONE',  ( 0.000000000000000000, -0.000000000000000000, 1.000000000000000000 ) ) ;
#1275 = VERTEX_POINT ( 'NONE', #2880 ) ;
#1276 = ORIENTED_EDGE ( 'NONE', *, *, #4248, .T. ) ;
#1277 = ADVANCED_FACE ( 'NONE', ( #5610 ), #955, .F. ) ;
#1278 = DIRECTION ( 'NONE',  ( 1.445602896647338177E-16, 0.000000000000000000, -1.000000000000000000 ) ) ;
#1279 = LINE ( 'NONE', #2160, #143 ) ;
#1280 = AXIS2_PLACEMENT_3D ( 'NONE', #4093, #3235, #2643 ) ;
#1281 = CARTESIAN_POINT ( 'NONE',  ( 1.500000000000000444, 5.000000000000000000, -42.49999999999999289 ) ) ;
#1282 = DIRECTION ( 'NONE',  ( 0.000000000000000000, -1.000000000000000000, 0.000000000000000000 ) ) ;
#1283 = LINE ( 'NONE', #3187, #3513 ) ;
#1284 = VERTEX_POINT ( 'NONE', #1104 ) ;
#1285 = DIRECTION ( 'NONE',  ( 0.000000000000000000, 0.000000000000000000, -1.000000000000000000 ) ) ;
#1286 = CARTESIAN_POINT ( 'NONE',  ( 6.500000000000000000, 2.500000000000000000, -9.000000000000000000 ) ) ;
#1287 = ADVANCED_FACE ( 'NONE', ( #1652 ), #1588, .T. ) ;
#1288 = ORIENTED_EDGE ( 'NONE', *, *, #2894, .T. ) ;
#1289 = EDGE_CURVE ( 'NONE', #3615, #5697, #1989, .T. ) ;
#1290 = DIRECTION ( 'NONE',  ( 0.000000000000000000, 1.000000000000000000, 0.000000000000000000 ) ) ;
#1291 = AXIS2_PLACEMENT_3D ( 'NONE', #2317, #4196, #3 ) ;
#1292 = FACE_OUTER_BOUND ( 'NONE', #2327, .T. ) ;
#1293 = DIRECTION ( 'NONE',  ( 1.000000000000000000, 0.000000000000000000, 0.000000000000000000 ) ) ;
#1294 = ORIENTED_EDGE ( 'NONE', *, *, #4992, .F. ) ;
#1295 = VECTOR ( 'NONE', #5510, 1000.000000000000000 ) ;
#1296 = ORIENTED_EDGE ( 'NONE', *, *, #718, .F. ) ;
#1297 = PLANE ( 'NONE',  #1688 ) ;
#1298 = DIRECTION ( 'NONE',  ( -0.000000000000000000, -1.000000000000000000, -0.000000000000000000 ) ) ;
#1299 = ORIENTED_EDGE ( 'NONE', *, *, #2773, .T. ) ;
#1300 = LINE ( 'NONE', #1762, #5133 ) ;
#1301 = DIRECTION ( 'NONE',  ( -1.000000000000000000, 2.168404344971010840E-16, 0.000000000000000000 ) ) ;
#1302 = ORIENTED_EDGE ( 'NONE', *, *, #1257, .F. ) ;
#1303 = VERTEX_POINT ( 'NONE', #2473 ) ;
#1304 = DIRECTION ( 'NONE',  ( 0.000000000000000000, 0.000000000000000000, 1.000000000000000000 ) ) ;
#1305 = CARTESIAN_POINT ( 'NONE',  ( 1.500000000000005329, 0.000000000000000000, -42.49999999999999289 ) ) ;
#1306 = CARTESIAN_POINT ( 'NONE',  ( 18.49999999999999645, 3.799999999999999822, -39.24999999999999289 ) ) ;
#1307 = VECTOR ( 'NONE', #2623, 1000.000000000000000 ) ;
#1308 = EDGE_CURVE ( 'NONE', #3895, #2874, #959, .T. ) ;
#1309 = PLANE ( 'NONE',  #3564 ) ;
#1310 = EDGE_LOOP ( 'NONE', ( #2333, #1531, #3139, #6049 ) ) ;
#1311 = CIRCLE ( 'NONE', #2086, 1.000000000000000000 ) ;
#1312 = DIRECTION ( 'NONE',  ( 0.000000000000000000, -1.000000000000000000, 0.000000000000000000 ) ) ;
#1313 = ORIENTED_EDGE ( 'NONE', *, *, #4984, .T. ) ;
#1314 = DIRECTION ( 'NONE',  ( 0.000000000000000000, 0.000000000000000000, -1.000000000000000000 ) ) ;
#1315 = ORIENTED_EDGE ( 'NONE', *, *, #4428, .T. ) ;
#1316 = CARTESIAN_POINT ( 'NONE',  ( 19.49999999999998579, 0.5000000000000004441, -26.00000000000000000 ) ) ;
#1317 = EDGE_LOOP ( 'NONE', ( #1270, #2570, #2923, #3148 ) ) ;
#1318 = CARTESIAN_POINT ( 'NONE',  ( 2.500000000000000444, 0.000000000000000000, -1.500000000000000000 ) ) ;
#1319 = FACE_OUTER_BOUND ( 'NONE', #2449, .T. ) ;
#1320 = AXIS2_PLACEMENT_3D ( 'NONE', #3950, #1524, #3403 ) ;
#1321 = DIRECTION ( 'NONE',  ( 1.000000000000000000, 0.000000000000000000, 1.156482317317871331E-15 ) ) ;
#1322 = EDGE_CURVE ( 'NONE', #2381, #5636, #3534, .T. ) ;
#1323 = ORIENTED_EDGE ( 'NONE', *, *, #4632, .F. ) ;
#1324 = ORIENTED_EDGE ( 'NONE', *, *, #528, .F. ) ;
#1325 = CARTESIAN_POINT ( 'NONE',  ( 0.000000000000000000, 0.000000000000000000, 0.000000000000000000 ) ) ;
#1326 = AXIS2_PLACEMENT_3D ( 'NONE', #1254, #5872, #3644 ) ;
#1327 = DIRECTION ( 'NONE',  ( 0.000000000000000000, 0.000000000000000000, -1.000000000000000000 ) ) ;
#1328 = EDGE_CURVE ( 'NONE', #2156, #2736, #2042, .T. ) ;
#1329 = ORIENTED_EDGE ( 'NONE', *, *, #2823, .T. ) ;
#1330 = CYLINDRICAL_SURFACE ( 'NONE', #3570, 1.299999999999999156 ) ;
#1331 = DIRECTION ( 'NONE',  ( 0.000000000000000000, 0.000000000000000000, -1.000000000000000000 ) ) ;
#1332 = EDGE_CURVE ( 'NONE', #3323, #3398, #3470, .T. ) ;
#1333 = CARTESIAN_POINT ( 'NONE',  ( 13.74999999999997691, -1.600000000000000089, -4.999999999999990230 ) ) ;
#1334 = ORIENTED_EDGE ( 'NONE', *, *, #297, .F. ) ;
#1335 = CARTESIAN_POINT ( 'NONE',  ( 0.000000000000000000, 1.500000000000000000, -0.5000000000000000000 ) ) ;
#1336 = DIRECTION ( 'NONE',  ( -0.000000000000000000, 0.000000000000000000, -1.000000000000000000 ) ) ;
#1337 = DIRECTION ( 'NONE',  ( -0.000000000000000000, -1.000000000000000000, -0.000000000000000000 ) ) ;
#1338 = AXIS2_PLACEMENT_3D ( 'NONE', #5156, #2819, #489 ) ;
#1339 = CARTESIAN_POINT ( 'NONE',  ( 14.50000000000000000, -5.501000000000002110, -22.50000000000000355 ) ) ;
#1340 = EDGE_LOOP ( 'NONE', ( #1523, #3509, #2271, #1635, #3529, #5485, #5052, #4868 ) ) ;
#1341 = EDGE_CURVE ( 'NONE', #555, #3422, #5817, .T. ) ;
#1342 = VERTEX_POINT ( 'NONE', #1137 ) ;
#1343 = CARTESIAN_POINT ( 'NONE',  ( 11.50000000000000178, -5.500000000000000000, -2.750000000000002665 ) ) ;
#1344 = VERTEX_POINT ( 'NONE', #3003 ) ;
#1345 = DIRECTION ( 'NONE',  ( -0.000000000000000000, 1.000000000000000000, -0.000000000000000000 ) ) ;
#1346 = CIRCLE ( 'NONE', #82, 2.000000000000001776 ) ;
#1347 = ORIENTED_EDGE ( 'NONE', *, *, #836, .F. ) ;
#1348 = VERTEX_POINT ( 'NONE', #4450 ) ;
#1349 = DIRECTION ( 'NONE',  ( -0.000000000000000000, -0.000000000000000000, 1.000000000000000000 ) ) ;
#1350 = EDGE_CURVE ( 'NONE', #4552, #633, #5399, .T. ) ;
#1351 = EDGE_LOOP ( 'NONE', ( #5527, #2832, #3761, #2049 ) ) ;
#1352 = ITEM_DEFINED_TRANSFORMATION ( 'NONE', 'NONE', #3361,  #1398 ) ;
#1353 = VECTOR ( 'NONE', #5340, 1000.000000000000000 ) ;
#1354 = EDGE_CURVE ( 'NONE', #190, #4368, #2910, .T. ) ;
#1355 = FACE_OUTER_BOUND ( 'NONE', #1470, .T. ) ;
#1356 = DIRECTION ( 'NONE',  ( 0.000000000000000000, 0.000000000000000000, -1.000000000000000000 ) ) ;
#1357 = FACE_OUTER_BOUND ( 'NONE', #4325, .T. ) ;
#1358 = ORIENTED_EDGE ( 'NONE', *, *, #2565, .F. ) ;
#1359 = ORIENTED_EDGE ( 'NONE', *, *, #5433, .T. ) ;
#1360 = CARTESIAN_POINT ( 'NONE',  ( 15.49999999999999112, -11.86396103067893293, -39.24999999999999289 ) ) ;
#1361 = CIRCLE ( 'NONE', #5852, 2.000000000000001776 ) ;
#1362 = ADVANCED_FACE ( 'NONE', ( #3500 ), #3437, .T. ) ;
#1363 = CARTESIAN_POINT ( 'NONE',  ( -0.001000000000001000089, 3.809999976158144896, 5.697669312166042120E-16 ) ) ;
#1364 = VERTEX_POINT ( 'NONE', #5785 ) ;
#1365 = LINE ( 'NONE', #5469, #4147 ) ;
#1366 = UNCERTAINTY_MEASURE_WITH_UNIT (LENGTH_MEASURE( 1.000000000000000082E-05 ), #590, 'distance_accuracy_value', 'NONE');
#1367 = EDGE_CURVE ( 'NONE', #2737, #3002, #1166, .T. ) ;
#1368 = ORIENTED_EDGE ( 'NONE', *, *, #1308, .T. ) ;
#1369 = VECTOR ( 'NONE', #5200, 1000.000000000000000 ) ;
#1370 = DIRECTION ( 'NONE',  ( -0.000000000000000000, -1.000000000000000000, 0.000000000000000000 ) ) ;
#1371 = LINE ( 'NONE', #5629, #4448 ) ;
#1372 = DIRECTION ( 'NONE',  ( 0.000000000000000000, 1.000000000000000000, 0.000000000000000000 ) ) ;
#1373 = CARTESIAN_POINT ( 'NONE',  ( 1.525359410719044906, 0.000000000000000000, -39.24999999999999289 ) ) ;
#1374 = ORIENTED_EDGE ( 'NONE', *, *, #2140, .F. ) ;
#1375 = FACE_OUTER_BOUND ( 'NONE', #694, .T. ) ;
#1376 = ORIENTED_EDGE ( 'NONE', *, *, #4028, .T. ) ;
#1377 = CARTESIAN_POINT ( 'NONE',  ( 7.758342613226058226, -5.500000000000000000, -42.49999999999999289 ) ) ;
#1378 = VERTEX_POINT ( 'NONE', #3983 ) ;
#1379 = LINE ( 'NONE', #1410, #1617 ) ;
#1380 = AXIS2_PLACEMENT_3D ( 'NONE', #3164, #4178, #5982 ) ;
#1381 = ORIENTED_EDGE ( 'NONE', *, *, #945, .T. ) ;
#1382 = ORIENTED_EDGE ( 'NONE', *, *, #2342, .F. ) ;
#1383 = DIRECTION ( 'NONE',  ( -1.000000000000000000, 0.000000000000000000, 0.000000000000000000 ) ) ;
#1384 = DIRECTION ( 'NONE',  ( 0.000000000000000000, 0.000000000000000000, -1.000000000000000000 ) ) ;
#1385 = CARTESIAN_POINT ( 'NONE',  ( 1.525359410719045128, 0.000000000000000000, -40.74999999999999289 ) ) ;
#1386 = EDGE_CURVE ( 'NONE', #4068, #2219, #124, .T. ) ;
#1387 = ORIENTED_EDGE ( 'NONE', *, *, #2064, .F. ) ;
#1388 = VERTEX_POINT ( 'NONE', #584 ) ;
#1389 = VECTOR ( 'NONE', #714, 1000.000000000000000 ) ;
#1390 = VECTOR ( 'NONE', #2928, 1000.000000000000000 ) ;
#1391 = CARTESIAN_POINT ( 'NONE',  ( 23.00000000000000000, 5.000000000000000000, -2.000000000000001776 ) ) ;
#1392 = ORIENTED_EDGE ( 'NONE', *, *, #4463, .F. ) ;
#1393 = DIRECTION ( 'NONE',  ( -1.000000000000000000, 0.000000000000000000, 0.000000000000000000 ) ) ;
#1394 = FACE_BOUND ( 'NONE', #4976, .T. ) ;
#1395 = AXIS2_PLACEMENT_3D ( 'NONE', #367, #5843, #2229 ) ;
#1396 = EDGE_CURVE ( 'NONE', #4724, #516, #4845, .T. ) ;
#1397 = ORIENTED_EDGE ( 'NONE', *, *, #2894, .F. ) ;
#1398 = AXIS2_PLACEMENT_3D ( 'NONE', #2366, #5706, #4249 ) ;
#1399 = CARTESIAN_POINT ( 'NONE',  ( 15.24165738677394444, -5.500000000000000000, -42.49999999999999289 ) ) ;
#1400 = CARTESIAN_POINT ( 'NONE',  ( 20.49999999999998934, -5.500000000000000000, -41.49999999999999289 ) ) ;
#1401 = DIRECTION ( 'NONE',  ( 1.216421949617883318E-16, 0.000000000000000000, -1.000000000000000000 ) ) ;
#1402 = EDGE_CURVE ( 'NONE', #5656, #2978, #84, .T. ) ;
#1403 = AXIS2_PLACEMENT_3D ( 'NONE', #2886, #2915, #5345 ) ;
#1404 = LINE ( 'NONE', #3246, #2860 ) ;
#1405 = EDGE_LOOP ( 'NONE', ( #3723, #6003, #2893, #739 ) ) ;
#1406 = CARTESIAN_POINT ( 'NONE',  ( 13.34999999999995524, 1.377509217803662851E-14, -41.24999999999999289 ) ) ;
#1407 = AXIS2_PLACEMENT_3D ( 'NONE', #3305, #5178, #6027 ) ;
#1408 = FACE_OUTER_BOUND ( 'NONE', #3751, .T. ) ;
#1409 = EDGE_LOOP ( 'NONE', ( #4239, #596, #3008, #5692 ) ) ;
#1410 = CARTESIAN_POINT ( 'NONE',  ( 7.500000000000000888, 1.500000000000000000, -4.750000000000000888 ) ) ;
#1411 = ORIENTED_EDGE ( 'NONE', *, *, #6011, .T. ) ;
#1412 = CIRCLE ( 'NONE', #1707, 5.474999999999998757 ) ;
#1413 = VERTEX_POINT ( 'NONE', #3407 ) ;
#1414 = CARTESIAN_POINT ( 'NONE',  ( 22.50000000000000000, 0.5000000000000000000, -41.99999999999999289 ) ) ;
#1415 = CARTESIAN_POINT ( 'NONE',  ( 0.000000000000000000, 0.5000000000000000000, -2.000000000000000000 ) ) ;
#1416 = DIRECTION ( 'NONE',  ( 0.000000000000000000, 0.000000000000000000, 1.000000000000000000 ) ) ;
#1417 = ORIENTED_EDGE ( 'NONE', *, *, #2495, .T. ) ;
#1418 = ORIENTED_EDGE ( 'NONE', *, *, #2828, .T. ) ;
#1419 = CARTESIAN_POINT ( 'NONE',  ( 0.5000000000000000000, 1.500000000000000000, 0.000000000000000000 ) ) ;
#1420 = ORIENTED_EDGE ( 'NONE', *, *, #3825, .F. ) ;
#1421 = VECTOR ( 'NONE', #5211, 1000.000000000000000 ) ;
#1422 = EDGE_CURVE ( 'NONE', #4351, #1303, #5277, .T. ) ;
#1423 = CARTESIAN_POINT ( 'NONE',  ( 18.49999999999999645, 5.000000000000000000, -39.99999999999999289 ) ) ;
#1424 = CARTESIAN_POINT ( 'NONE',  ( 11.50000000000000178, -11.86396103067893293, -2.750000000000002665 ) ) ;
#1425 = ADVANCED_FACE ( 'NONE', ( #191 ), #614, .T. ) ;
#1426 = CIRCLE ( 'NONE', #3871, 1.500000000000001332 ) ;
#1427 = VERTEX_POINT ( 'NONE', #281 ) ;
#1428 = DIRECTION ( 'NONE',  ( -1.000000000000000000, 0.000000000000000000, -0.000000000000000000 ) ) ;
#1429 = EDGE_CURVE ( 'NONE', #3288, #4604, #1283, .T. ) ;
#1430 = CARTESIAN_POINT ( 'NONE',  ( 1.500000000000001110, 8.099999999999999645, -38.99999999999999289 ) ) ;
#1431 = AXIS2_PLACEMENT_3D ( 'NONE', #5060, #819, #3594 ) ;
#1432 = CARTESIAN_POINT ( 'NONE',  ( 0.5000000000000000000, 1.000000000000000000, -2.000000000000000000 ) ) ;
#1433 = CARTESIAN_POINT ( 'NONE',  ( 20.99999999999998934, 0.000000000000000000, -4.999999999999990230 ) ) ;
#1434 = ORIENTED_EDGE ( 'NONE', *, *, #1854, .T. ) ;
#1435 = ORIENTED_EDGE ( 'NONE', *, *, #3276, .F. ) ;
#1436 = EDGE_CURVE ( 'NONE', #2619, #2343, #858, .T. ) ;
#1437 = DIRECTION ( 'NONE',  ( 0.000000000000000000, 0.000000000000000000, 1.000000000000000000 ) ) ;
#1438 = LINE ( 'NONE', #92, #5945 ) ;
#1439 = ORIENTED_EDGE ( 'NONE', *, *, #5227, .T. ) ;
#1440 = CARTESIAN_POINT ( 'NONE',  ( 12.99999999999997691, -1.600000000000000089, -28.00000000000000000 ) ) ;
#1441 = CIRCLE ( 'NONE', #4866, 1.299999999999999156 ) ;
#1442 = VERTEX_POINT ( 'NONE', #4479 ) ;
#1443 = EDGE_CURVE ( 'NONE', #3701, #3035, #2136, .T. ) ;
#1444 = AXIS2_PLACEMENT_3D ( 'NONE', #1647, #4412, #4355 ) ;
#1445 = ADVANCED_FACE ( 'NONE', ( #4973 ), #5875, .F. ) ;
#1446 = CARTESIAN_POINT ( 'NONE',  ( 19.50000000000000000, -5.501000000000002110, -22.50000000000000355 ) ) ;
#1447 = CARTESIAN_POINT ( 'NONE',  ( 11.50000000000000178, -11.86396103067893293, -41.24999999999999289 ) ) ;
#1448 = CARTESIAN_POINT ( 'NONE',  ( 17.00000000000000000, -5.501000000000002110, -9.000000000000000000 ) ) ;
#1449 = ORIENTED_EDGE ( 'NONE', *, *, #3767, .T. ) ;
#1450 = EDGE_CURVE ( 'NONE', #633, #2746, #4999, .T. ) ;
#1451 = VERTEX_POINT ( 'NONE', #1774 ) ;
#1452 = PRESENTATION_STYLE_ASSIGNMENT (( #2853 ) ) ;
#1453 = CARTESIAN_POINT ( 'NONE',  ( 3.525359410719047126, -5.500000000000001776, -39.24999999999999289 ) ) ;
#1454 = ORIENTED_EDGE ( 'NONE', *, *, #1985, .F. ) ;
#1455 = LINE ( 'NONE', #4736, #3467 ) ;
#1456 = CARTESIAN_POINT ( 'NONE',  ( 13.99999999999998934, 0.000000000000000000, -25.99999999999999289 ) ) ;
#1457 = EDGE_CURVE ( 'NONE', #2810, #5857, #4962, .T. ) ;
#1458 = ORIENTED_EDGE ( 'NONE', *, *, #3947, .F. ) ;
#1459 = FACE_OUTER_BOUND ( 'NONE', #3135, .T. ) ;
#1460 = CARTESIAN_POINT ( 'NONE',  ( 9.649999999999996803, -1.356970091848097676E-14, -2.749999999999997335 ) ) ;
#1461 = CARTESIAN_POINT ( 'NONE',  ( 14.49999999999998757, 1.500000000000000000, -26.50000000000000355 ) ) ;
#1462 = EDGE_CURVE ( 'NONE', #1413, #2220, #5943, .T. ) ;
#1463 = VERTEX_POINT ( 'NONE', #4078 ) ;
#1464 = LINE ( 'NONE', #4663, #1725 ) ;
#1465 = VECTOR ( 'NONE', #5192, 1000.000000000000000 ) ;
#1466 = DIRECTION ( 'NONE',  ( -1.000000000000000000, -0.000000000000000000, -0.000000000000000000 ) ) ;
#1467 = ORIENTED_EDGE ( 'NONE', *, *, #3498, .T. ) ;
#1468 = CARTESIAN_POINT ( 'NONE',  ( 14.50000000000002132, 1.500000000000000000, -19.49999999999999645 ) ) ;
#1469 = EDGE_CURVE ( 'NONE', #5543, #4299, #4136, .T. ) ;
#1470 = EDGE_LOOP ( 'NONE', ( #4802, #502, #2057, #4637 ) ) ;
#1471 = DIRECTION ( 'NONE',  ( -0.000000000000000000, -1.000000000000000000, -0.000000000000000000 ) ) ;
#1472 = CARTESIAN_POINT ( 'NONE',  ( 14.49999999999999467, -5.501000000000002110, -24.50000000000000000 ) ) ;
#1473 = VECTOR ( 'NONE', #3600, 1000.000000000000000 ) ;
#1474 = EDGE_CURVE ( 'NONE', #5402, #2404, #3391, .T. ) ;
#1475 = CARTESIAN_POINT ( 'NONE',  ( 23.00100000000000122, -5.399999999999997691, -19.09999999999999787 ) ) ;
#1476 = EDGE_CURVE ( 'NONE', #5073, #682, #5454, .T. ) ;
#1477 = ORIENTED_EDGE ( 'NONE', *, *, #4083, .F. ) ;
#1478 = VERTEX_POINT ( 'NONE', #3650 ) ;
#1479 = DIRECTION ( 'NONE',  ( -1.000000000000000000, 0.000000000000000000, -0.000000000000000000 ) ) ;
#1480 = CARTESIAN_POINT ( 'NONE',  ( 2.500000000000000444, 0.000000000000000000, -1.500000000000000000 ) ) ;
#1481 = EDGE_LOOP ( 'NONE', ( #987, #4171, #2334, #1660 ) ) ;
#1482 = CARTESIAN_POINT ( 'NONE',  ( 2.500000000000009326, 7.099999999999999645, -38.99999999999999289 ) ) ;
#1483 = EDGE_CURVE ( 'NONE', #4228, #647, #3128, .T. ) ;
#1484 = DIRECTION ( 'NONE',  ( -1.000000000000000000, 0.000000000000000000, 0.000000000000000000 ) ) ;
#1485 = EDGE_LOOP ( 'NONE', ( #26, #5560, #5822, #2237 ) ) ;
#1486 = DIRECTION ( 'NONE',  ( -8.462065736472232314E-17, 1.495451272393799296E-16, -1.000000000000000000 ) ) ;
#1487 = VECTOR ( 'NONE', #1735, 1000.000000000000000 ) ;
#1488 = DIRECTION ( 'NONE',  ( -1.577021341797097560E-16, -0.000000000000000000, -1.000000000000000000 ) ) ;
#1489 = DIRECTION ( 'NONE',  ( -0.000000000000000000, -1.000000000000000000, -0.000000000000000000 ) ) ;
#1490 = VERTEX_POINT ( 'NONE', #1195 ) ;
#1491 = VERTEX_POINT ( 'NONE', #5030 ) ;
#1492 = ADVANCED_FACE ( 'NONE', ( #4108 ), #5972, .F. ) ;
#1493 = DIRECTION ( 'NONE',  ( 0.000000000000000000, 0.000000000000000000, 1.000000000000000000 ) ) ;
#1494 = DIRECTION ( 'NONE',  ( -0.000000000000000000, -1.000000000000000000, -0.000000000000000000 ) ) ;
#1495 = CARTESIAN_POINT ( 'NONE',  ( 18.49999999999999645, 1.500000000000000000, -39.24999999999999289 ) ) ;
#1496 = VERTEX_POINT ( 'NONE', #5512 ) ;
#1497 = VECTOR ( 'NONE', #1393, 1000.000000000000000 ) ;
#1498 = CYLINDRICAL_SURFACE ( 'NONE', #3610, 4.724999999999997868 ) ;
#1499 = EDGE_CURVE ( 'NONE', #9, #5145, #850, .T. ) ;
#1500 = CARTESIAN_POINT ( 'NONE',  ( 20.99999999999998934, 0.000000000000000000, -6.999999999999990230 ) ) ;
#1501 = DIRECTION ( 'NONE',  ( 0.000000000000000000, 0.000000000000000000, -1.000000000000000000 ) ) ;
#1502 = AXIS2_PLACEMENT_3D ( 'NONE', #4800, #1577, #5805 ) ;
#1503 = VERTEX_POINT ( 'NONE', #2260 ) ;
#1504 = AXIS2_PLACEMENT_3D ( 'NONE', #3793, #1428, #85 ) ;
#1505 = EDGE_LOOP ( 'NONE', ( #2292, #3745, #1994, #2147 ) ) ;
#1506 = DIRECTION ( 'NONE',  ( 0.000000000000000000, 0.000000000000000000, -1.000000000000000000 ) ) ;
#1507 = ORIENTED_EDGE ( 'NONE', *, *, #3317, .T. ) ;
#1508 = CARTESIAN_POINT ( 'NONE',  ( 20.99999999999999645, 5.000000000000000000, 0.000000000000000000 ) ) ;
#1509 = EDGE_CURVE ( 'NONE', #4297, #1136, #360, .T. ) ;
#1510 = LINE ( 'NONE', #5652, #5327 ) ;
#1511 = LINE ( 'NONE', #5624, #393 ) ;
#1512 = ORIENTED_EDGE ( 'NONE', *, *, #5758, .T. ) ;
#1513 = ADVANCED_FACE ( 'NONE', ( #338 ), #1806, .F. ) ;
#1514 = LINE ( 'NONE', #508, #5233 ) ;
#1515 = CARTESIAN_POINT ( 'NONE',  ( 19.50000000000000000, -5.501000000000002110, -21.49999999999999645 ) ) ;
#1516 = VECTOR ( 'NONE', #3315, 1000.000000000000000 ) ;
#1517 = LINE ( 'NONE', #2554, #5598 ) ;
#1518 = ORIENTED_EDGE ( 'NONE', *, *, #1736, .F. ) ;
#1519 = ORIENTED_EDGE ( 'NONE', *, *, #3776, .F. ) ;
#1520 = VECTOR ( 'NONE', #2152, 1000.000000000000000 ) ;
#1521 = CARTESIAN_POINT ( 'NONE',  ( 1.500000000000000222, 0.000000000000000000, -1.500000000000000000 ) ) ;
#1522 = DIRECTION ( 'NONE',  ( 0.000000000000000000, -1.000000000000000000, 0.000000000000000000 ) ) ;
#1523 = ORIENTED_EDGE ( 'NONE', *, *, #1257, .T. ) ;
#1524 = DIRECTION ( 'NONE',  ( 0.000000000000000000, -1.000000000000000000, 0.000000000000000000 ) ) ;
#1525 = ORIENTED_EDGE ( 'NONE', *, *, #3160, .F. ) ;
#1526 = ADVANCED_FACE ( 'NONE', ( #728 ), #2600, .F. ) ;
#1527 = ORIENTED_EDGE ( 'NONE', *, *, #503, .T. ) ;
#1528 = DIRECTION ( 'NONE',  ( 0.000000000000000000, 0.000000000000000000, 1.000000000000000000 ) ) ;
#1529 = DIRECTION ( 'NONE',  ( -0.000000000000000000, 1.000000000000000000, -0.000000000000000000 ) ) ;
#1530 = CARTESIAN_POINT ( 'NONE',  ( 11.50000000000000178, 0.000000000000000000, -2.750000000000002665 ) ) ;
#1531 = ORIENTED_EDGE ( 'NONE', *, *, #2530, .F. ) ;
#1532 = ORIENTED_EDGE ( 'NONE', *, *, #5694, .F. ) ;
#1533 = ADVANCED_FACE ( 'NONE', ( #3248 ), #551, .T. ) ;
#1534 = AXIS2_PLACEMENT_3D ( 'NONE', #4636, #1749, #886 ) ;
#1535 = EDGE_LOOP ( 'NONE', ( #3326, #581, #3816, #5459 ) ) ;
#1536 = DIRECTION ( 'NONE',  ( -0.000000000000000000, 1.000000000000000000, -0.000000000000000000 ) ) ;
#1537 = VERTEX_POINT ( 'NONE', #2870 ) ;
#1538 = LINE ( 'NONE', #1423, #4543 ) ;
#1539 = DIRECTION ( 'NONE',  ( -1.163534038764931666E-16, 0.000000000000000000, -1.000000000000000000 ) ) ;
#1540 = ORIENTED_EDGE ( 'NONE', *, *, #3383, .T. ) ;
#1541 = EDGE_CURVE ( 'NONE', #1785, #1995, #3710, .T. ) ;
#1542 = LINE ( 'NONE', #3518, #2775 ) ;
#1543 = LINE ( 'NONE', #4683, #4449 ) ;
#1544 = LINE ( 'NONE', #3942, #2577 ) ;
#1545 = ADVANCED_FACE ( 'NONE', ( #2383, #4748, #4378 ), #3772, .T. ) ;
#1546 = CARTESIAN_POINT ( 'NONE',  ( 14.49999999999998757, 0.5000000000000004441, -26.00000000000000000 ) ) ;
#1547 = EDGE_CURVE ( 'NONE', #4066, #5213, #2494, .T. ) ;
#1548 = AXIS2_PLACEMENT_3D ( 'NONE', #2397, #2855, #5225 ) ;
#1549 = ORIENTED_EDGE ( 'NONE', *, *, #984, .F. ) ;
#1550 = DIRECTION ( 'NONE',  ( -1.000000000000000000, 0.000000000000000000, 0.000000000000000000 ) ) ;
#1551 = FACE_OUTER_BOUND ( 'NONE', #3604, .T. ) ;
#1552 = DIRECTION ( 'NONE',  ( -1.445602896647337931E-16, -0.000000000000000000, -1.000000000000000000 ) ) ;
#1553 = ORIENTED_EDGE ( 'NONE', *, *, #91, .F. ) ;
#1554 = AXIS2_PLACEMENT_3D ( 'NONE', #2241, #3659, #4116 ) ;
#1555 = ORIENTED_EDGE ( 'NONE', *, *, #2633, .T. ) ;
#1556 = CARTESIAN_POINT ( 'NONE',  ( 21.49999999999999645, 3.799999999999999822, -4.000000000000000888 ) ) ;
#1557 = CARTESIAN_POINT ( 'NONE',  ( 20.99999999999999645, 0.5000000000000000000, -43.50000000000000000 ) ) ;
#1558 = EDGE_CURVE ( 'NONE', #4600, #2491, #4634, .T. ) ;
#1559 = CARTESIAN_POINT ( 'NONE',  ( 12.99999999999995559, 0.000000000000000000, -6.999999999999990230 ) ) ;
#1560 = TOROIDAL_SURFACE ( 'NONE', #3431, 1.500000000000000000, 0.5000000000000000000 ) ;
#1561 = ORIENTED_EDGE ( 'NONE', *, *, #3579, .T. ) ;
#1562 = VERTEX_POINT ( 'NONE', #3802 ) ;
#1563 =( NAMED_UNIT ( * ) PLANE_ANGLE_UNIT ( ) SI_UNIT ( $, .RADIAN. ) );
#1564 = ORIENTED_EDGE ( 'NONE', *, *, #2300, .T. ) ;
#1565 = CARTESIAN_POINT ( 'NONE',  ( 1.500000000000000444, 3.799999999999999822, -4.000000000000001776 ) ) ;
#1566 = ORIENTED_EDGE ( 'NONE', *, *, #5994, .F. ) ;
#1567 = LINE ( 'NONE', #5825, #5587 ) ;
#1568 = VECTOR ( 'NONE', #988, 1000.000000000000000 ) ;
#1569 = EDGE_CURVE ( 'NONE', #3631, #2156, #3593, .T. ) ;
#1570 = LINE ( 'NONE', #5407, #294 ) ;
#1571 = CIRCLE ( 'NONE', #3041, 1.500000000000000000 ) ;
#1572 = ORIENTED_EDGE ( 'NONE', *, *, #703, .T. ) ;
#1573 = DIRECTION ( 'NONE',  ( 0.000000000000000000, -1.000000000000000000, 0.000000000000000000 ) ) ;
#1574 = CARTESIAN_POINT ( 'NONE',  ( 20.24999999999998934, -1.600000000000000089, -28.00000000000000355 ) ) ;
#1575 = FACE_BOUND ( 'NONE', #5821, .T. ) ;
#1576 = EDGE_CURVE ( 'NONE', #2264, #4149, #5123, .T. ) ;
#1577 = DIRECTION ( 'NONE',  ( 0.000000000000000000, -1.000000000000000000, 0.000000000000000000 ) ) ;
#1578 = DIRECTION ( 'NONE',  ( 0.000000000000000000, 0.000000000000000000, 1.000000000000000000 ) ) ;
#1579 = VECTOR ( 'NONE', #1701, 1000.000000000000000 ) ;
#1580 = VECTOR ( 'NONE', #5780, 1000.000000000000114 ) ;
#1581 = CYLINDRICAL_SURFACE ( 'NONE', #1702, 0.5000000000000038858 ) ;
#1582 = EDGE_LOOP ( 'NONE', ( #4715, #1161 ) ) ;
#1583 = ADVANCED_FACE ( 'NONE', ( #5155 ), #434, .F. ) ;
#1584 = DIRECTION ( 'NONE',  ( -0.000000000000000000, -1.000000000000000000, -0.000000000000000000 ) ) ;
#1585 = CARTESIAN_POINT ( 'NONE',  ( 1.500000000000000444, 1.500000000000000000, -42.49999999999999289 ) ) ;
#1586 = LINE ( 'NONE', #4357, #2004 ) ;
#1587 = ORIENTED_EDGE ( 'NONE', *, *, #1252, .F. ) ;
#1588 = PLANE ( 'NONE',  #759 ) ;
#1589 = VECTOR ( 'NONE', #5195, 1000.000000000000000 ) ;
#1590 = EDGE_CURVE ( 'NONE', #1463, #1170, #1821, .T. ) ;
#1591 = DIRECTION ( 'NONE',  ( 0.000000000000000000, -1.000000000000000000, 0.000000000000000000 ) ) ;
#1592 = ORIENTED_EDGE ( 'NONE', *, *, #4049, .T. ) ;
#1593 = DIRECTION ( 'NONE',  ( -0.000000000000000000, -0.000000000000000000, 1.000000000000000000 ) ) ;
#1594 = ORIENTED_EDGE ( 'NONE', *, *, #4348, .T. ) ;
#1595 = PRESENTATION_STYLE_ASSIGNMENT (( #5761 ) ) ;
#1596 = ORIENTED_EDGE ( 'NONE', *, *, #3801, .T. ) ;
#1597 = AXIS2_PLACEMENT_3D ( 'NONE', #840, #1855, #2743 ) ;
#1598 = LINE ( 'NONE', #3900, #3421 ) ;
#1599 = ORIENTED_EDGE ( 'NONE', *, *, #5066, .F. ) ;
#1600 = CARTESIAN_POINT ( 'NONE',  ( 15.49999999999999112, 0.000000000000000000, -39.24999999999999289 ) ) ;
#1601 = AXIS2_PLACEMENT_3D ( 'NONE', #4345, #2062, #5326 ) ;
#1602 = CARTESIAN_POINT ( 'NONE',  ( 1.500000000000000222, 0.000000000000000000, -1.500000000000000000 ) ) ;
#1603 = ORIENTED_EDGE ( 'NONE', *, *, #953, .F. ) ;
#1604 = ORIENTED_EDGE ( 'NONE', *, *, #3627, .T. ) ;
#1605 = ORIENTED_EDGE ( 'NONE', *, *, #4052, .T. ) ;
#1606 = DIRECTION ( 'NONE',  ( 0.000000000000000000, 1.000000000000000000, 0.000000000000000000 ) ) ;
#1607 = VECTOR ( 'NONE', #1672, 1000.000000000000000 ) ;
#1608 = EDGE_CURVE ( 'NONE', #1478, #1709, #1464, .T. ) ;
#1609 = DIRECTION ( 'NONE',  ( 1.000000000000000000, -0.000000000000000000, -0.000000000000000000 ) ) ;
#1610 = CARTESIAN_POINT ( 'NONE',  ( 20.24999999999998934, -1.600000000000000089, -28.00000000000000355 ) ) ;
#1611 = CARTESIAN_POINT ( 'NONE',  ( 2.500000000000005329, 5.000000000000000000, -1.500000000000000000 ) ) ;
#1612 = CARTESIAN_POINT ( 'NONE',  ( 19.49999999999998579, 1.500000000000000000, -26.50000000000000355 ) ) ;
#1613 = EDGE_CURVE ( 'NONE', #2758, #2769, #3740, .T. ) ;
#1614 = PLANE ( 'NONE',  #3572 ) ;
#1615 = CIRCLE ( 'NONE', #2198, 1.000000000000000000 ) ;
#1616 = EDGE_LOOP ( 'NONE', ( #568, #738, #2321, #1102 ) ) ;
#1617 = VECTOR ( 'NONE', #923, 1000.000000000000000 ) ;
#1618 = DIRECTION ( 'NONE',  ( -1.000000000000000000, 1.665334536937717061E-16, 0.000000000000000000 ) ) ;
#1619 = CARTESIAN_POINT ( 'NONE',  ( 20.99999999999999645, 0.5000000000000000000, 0.000000000000000000 ) ) ;
#1620 = LINE ( 'NONE', #2499, #3093 ) ;
#1621 = AXIS2_PLACEMENT_3D ( 'NONE', #1281, #5056, #5998 ) ;
#1622 = EDGE_CURVE ( 'NONE', #5617, #2117, #948, .T. ) ;
#1623 = DIRECTION ( 'NONE',  ( -0.000000000000000000, -1.000000000000000000, -0.000000000000000000 ) ) ;
#1624 = DIRECTION ( 'NONE',  ( -1.000000000000000000, -0.000000000000000000, 0.000000000000000000 ) ) ;
#1625 = DIRECTION ( 'NONE',  ( 0.000000000000000000, 0.000000000000000000, -1.000000000000000000 ) ) ;
#1626 = VECTOR ( 'NONE', #370, 1000.000000000000000 ) ;
#1627 = ORIENTED_EDGE ( 'NONE', *, *, #209, .T. ) ;
#1628 = EDGE_CURVE ( 'NONE', #3220, #5474, #517, .T. ) ;
#1629 = ORIENTED_EDGE ( 'NONE', *, *, #3303, .F. ) ;
#1630 = DIRECTION ( 'NONE',  ( 0.000000000000000000, 1.000000000000000000, 0.000000000000000000 ) ) ;
#1631 = DIRECTION ( 'NONE',  ( 0.000000000000000000, -1.000000000000000000, 0.000000000000000000 ) ) ;
#1632 = FACE_OUTER_BOUND ( 'NONE', #2694, .T. ) ;
#1633 = CIRCLE ( 'NONE', #847, 1.500000000000001332 ) ;
#1634 = ORIENTED_EDGE ( 'NONE', *, *, #3586, .F. ) ;
#1635 = ORIENTED_EDGE ( 'NONE', *, *, #5293, .T. ) ;
#1636 = CARTESIAN_POINT ( 'NONE',  ( 20.24999999999998934, -1.600000000000000089, -28.00000000000000355 ) ) ;
#1637 = VERTEX_POINT ( 'NONE', #1406 ) ;
#1638 = CARTESIAN_POINT ( 'NONE',  ( 21.49999999999999645, 3.799999999999999822, -3.250000000000000444 ) ) ;
#1639 = AXIS2_PLACEMENT_3D ( 'NONE', #729, #219, #5400 ) ;
#1640 = LINE ( 'NONE', #3051, #913 ) ;
#1641 = PLANE ( 'NONE',  #2389 ) ;
#1642 = DIRECTION ( 'NONE',  ( 0.000000000000000000, 0.000000000000000000, -1.000000000000000000 ) ) ;
#1643 = EDGE_CURVE ( 'NONE', #68, #2365, #3283, .T. ) ;
#1644 = ORIENTED_EDGE ( 'NONE', *, *, #1211, .F. ) ;
#1645 = VECTOR ( 'NONE', #6042, 1000.000000000000000 ) ;
#1646 = CARTESIAN_POINT ( 'NONE',  ( 2.000000000000000000, 0.5000000000000000000, -0.5000000000000000000 ) ) ;
#1647 = CARTESIAN_POINT ( 'NONE',  ( 11.50000000000000178, 0.000000000000000000, -41.24999999999999289 ) ) ;
#1648 = LINE ( 'NONE', #4653, #628 ) ;
#1649 = LINE ( 'NONE', #3031, #5630 ) ;
#1650 = EDGE_CURVE ( 'NONE', #5260, #4804, #2841, .T. ) ;
#1651 = CARTESIAN_POINT ( 'NONE',  ( 21.49999999999999289, 5.109999976158149160, -24.89999999999999858 ) ) ;
#1652 = FACE_OUTER_BOUND ( 'NONE', #1915, .T. ) ;
#1653 = ORIENTED_EDGE ( 'NONE', *, *, #13, .T. ) ;
#1654 = PLANE ( 'NONE',  #5270 ) ;
#1655 = CARTESIAN_POINT ( 'NONE',  ( 11.50000000000000178, -11.86396103067893293, -42.10000000000000142 ) ) ;
#1656 = ADVANCED_FACE ( 'NONE', ( #1375 ), #463, .T. ) ;
#1657 = VERTEX_POINT ( 'NONE', #2585 ) ;
#1658 = AXIS2_PLACEMENT_3D ( 'NONE', #202, #229, #3933 ) ;
#1659 = CARTESIAN_POINT ( 'NONE',  ( 13.22493577452232927, -23.82503121511713218, 41.32967095951549652 ) ) ;
#1660 = ORIENTED_EDGE ( 'NONE', *, *, #3835, .T. ) ;
#1661 = LINE ( 'NONE', #2050, #2626 ) ;
#1662 = ADVANCED_FACE ( 'NONE', ( #1243 ), #2987, .F. ) ;
#1663 = CARTESIAN_POINT ( 'NONE',  ( 11.49999999999999822, -1.387778780781445676E-14, -2.749999999999999112 ) ) ;
#1664 = AXIS2_PLACEMENT_3D ( 'NONE', #1475, #3321, #2330 ) ;
#1665 = LINE ( 'NONE', #1602, #5386 ) ;
#1666 = EDGE_CURVE ( 'NONE', #966, #2348, #3520, .T. ) ;
#1667 = VERTEX_POINT ( 'NONE', #3582 ) ;
#1668 = EDGE_LOOP ( 'NONE', ( #95, #2232, #4050, #4682 ) ) ;
#1669 = CARTESIAN_POINT ( 'NONE',  ( 12.99999999999997691, -1.600000000000000089, -28.00000000000000000 ) ) ;
#1670 = CARTESIAN_POINT ( 'NONE',  ( 14.49999999999998757, -5.501000000000002110, -26.50000000000000355 ) ) ;
#1671 = CARTESIAN_POINT ( 'NONE',  ( 13.74499443206436844, -5.500000000000000000, -41.09999999999999432 ) ) ;
#1672 = DIRECTION ( 'NONE',  ( 0.000000000000000000, -1.000000000000000000, 0.000000000000000000 ) ) ;
#1673 = VECTOR ( 'NONE', #623, 1000.000000000000000 ) ;
#1674 = CARTESIAN_POINT ( 'NONE',  ( 22.99999999999999645, 5.000000000000000000, -26.19533779580664046 ) ) ;
#1675 = ORIENTED_EDGE ( 'NONE', *, *, #1917, .F. ) ;
#1676 = LINE ( 'NONE', #5809, #5135 ) ;
#1677 = DIRECTION ( 'NONE',  ( -0.000000000000000000, 1.000000000000000000, -0.000000000000000000 ) ) ;
#1678 = FACE_OUTER_BOUND ( 'NONE', #4585, .T. ) ;
#1679 = CARTESIAN_POINT ( 'NONE',  ( 2.500000000000005329, 1.500000000000000000, -1.500000000000000000 ) ) ;
#1680 = AXIS2_PLACEMENT_3D ( 'NONE', #4561, #1274, #326 ) ;
#1681 = DIRECTION ( 'NONE',  ( 0.000000000000000000, 0.000000000000000000, -1.000000000000000000 ) ) ;
#1682 = ADVANCED_FACE ( 'NONE', ( #2520, #4986, #4525, #687, #4862, #743, #773, #2644, #3487, #5387, #1575, #5443, #1156, #5356 ), #3909, .T. ) ;
#1683 = DIRECTION ( 'NONE',  ( -0.000000000000000000, 1.000000000000000000, -0.000000000000000000 ) ) ;
#1684 = CARTESIAN_POINT ( 'NONE',  ( 0.000000000000000000, 1.500000000000000000, -2.000000000000000000 ) ) ;
#1685 = AXIS2_PLACEMENT_3D ( 'NONE', #2099, #5691, #1131 ) ;
#1686 = CARTESIAN_POINT ( 'NONE',  ( 7.500000000000000888, 5.000000000000000000, -4.000000000000001776 ) ) ;
#1687 = ORIENTED_EDGE ( 'NONE', *, *, #3296, .F. ) ;
#1688 = AXIS2_PLACEMENT_3D ( 'NONE', #5558, #4587, #771 ) ;
#1689 = EDGE_CURVE ( 'NONE', #4774, #2019, #267, .T. ) ;
#1690 = DIRECTION ( 'NONE',  ( 0.000000000000000000, 0.000000000000000000, 1.000000000000000000 ) ) ;
#1691 = DIRECTION ( 'NONE',  ( 0.000000000000000000, -1.000000000000000000, 0.000000000000000000 ) ) ;
#1692 = SHAPE_REPRESENTATION ( 'top', ( #1398 ), #4440 ) ;
#1693 = SURFACE_SIDE_STYLE ('',( #4399 ) ) ;
#1694 =( GEOMETRIC_REPRESENTATION_CONTEXT ( 3 ) GLOBAL_UNCERTAINTY_ASSIGNED_CONTEXT ( ( #1366 ) ) GLOBAL_UNIT_ASSIGNED_CONTEXT ( ( #590, #5649, #104 ) ) REPRESENTATION_CONTEXT ( 'NONE', 'WORKASPACE' ) );
#1695 = ORIENTED_EDGE ( 'NONE', *, *, #4370, .T. ) ;
#1696 = ORIENTED_EDGE ( 'NONE', *, *, #5433, .F. ) ;
#1697 = ORIENTED_EDGE ( 'NONE', *, *, #5299, .T. ) ;
#1698 = PRESENTATION_LAYER_ASSIGNMENT (  '', '', ( #4346 ) ) ;
#1699 = CARTESIAN_POINT ( 'NONE',  ( 20.24999999999998934, -1.600000000000000089, -4.999999999999990230 ) ) ;
#1700 = ADVANCED_FACE ( 'NONE', ( #2121 ), #5771, .T. ) ;
#1701 = DIRECTION ( 'NONE',  ( 0.000000000000000000, 0.000000000000000000, -1.000000000000000000 ) ) ;
#1702 = AXIS2_PLACEMENT_3D ( 'NONE', #302, #4441, #780 ) ;
#1703 = VECTOR ( 'NONE', #5660, 1000.000000000000000 ) ;
#1704 = DIRECTION ( 'NONE',  ( -1.000000000000000000, 0.000000000000000000, 0.000000000000000000 ) ) ;
#1705 = FACE_OUTER_BOUND ( 'NONE', #1668, .T. ) ;
#1706 = DIRECTION ( 'NONE',  ( 1.000000000000000000, 0.000000000000000000, 0.000000000000000000 ) ) ;
#1707 = AXIS2_PLACEMENT_3D ( 'NONE', #2313, #5592, #6022 ) ;
#1708 = ORIENTED_EDGE ( 'NONE', *, *, #2976, .F. ) ;
#1709 = VERTEX_POINT ( 'NONE', #2552 ) ;
#1710 = EDGE_CURVE ( 'NONE', #3161, #2769, #4434, .T. ) ;
#1711 = FACE_OUTER_BOUND ( 'NONE', #3724, .T. ) ;
#1712 = FACE_OUTER_BOUND ( 'NONE', #4900, .T. ) ;
#1713 = LINE ( 'NONE', #5532, #5334 ) ;
#1714 = DIRECTION ( 'NONE',  ( 1.445602896647338177E-16, 0.000000000000000000, -1.000000000000000000 ) ) ;
#1715 = CARTESIAN_POINT ( 'NONE',  ( 15.49999999999999112, 0.000000000000000000, -39.24999999999999289 ) ) ;
#1716 = VERTEX_POINT ( 'NONE', #1671 ) ;
#1717 = CARTESIAN_POINT ( 'NONE',  ( 10.49999999999999822, -1.371125435412068485E-14, -2.749999999999998224 ) ) ;
#1718 = DIRECTION ( 'NONE',  ( 0.000000000000000000, -1.000000000000000000, 0.000000000000000000 ) ) ;
#1719 = CARTESIAN_POINT ( 'NONE',  ( 19.50000000000002132, 1.500000000000000000, -19.99999999999999645 ) ) ;
#1720 = AXIS2_PLACEMENT_3D ( 'NONE', #1686, #2202, #3569 ) ;
#1721 = EDGE_CURVE ( 'NONE', #3430, #2114, #5415, .T. ) ;
#1722 = ORIENTED_EDGE ( 'NONE', *, *, #1476, .F. ) ;
#1723 = DIRECTION ( 'NONE',  ( -0.000000000000000000, 0.000000000000000000, 1.000000000000000000 ) ) ;
#1724 = PLANE ( 'NONE',  #2942 ) ;
#1725 = VECTOR ( 'NONE', #1865, 1000.000000000000000 ) ;
#1726 = DIRECTION ( 'NONE',  ( -0.000000000000000000, 1.000000000000000000, -0.000000000000000000 ) ) ;
#1727 = EDGE_CURVE ( 'NONE', #2799, #3288, #4924, .T. ) ;
#1728 = ORIENTED_EDGE ( 'NONE', *, *, #1761, .T. ) ;
#1729 = ORIENTED_EDGE ( 'NONE', *, *, #3189, .F. ) ;
#1730 = FACE_OUTER_BOUND ( 'NONE', #3024, .T. ) ;
#1731 = DIRECTION ( 'NONE',  ( -0.000000000000000000, 1.000000000000000000, -0.000000000000000000 ) ) ;
#1732 = VERTEX_POINT ( 'NONE', #1122 ) ;
#1733 = DIRECTION ( 'NONE',  ( -1.000000000000000000, 1.665334536937725443E-16, 9.376883653928682679E-16 ) ) ;
#1734 = CARTESIAN_POINT ( 'NONE',  ( 14.50000000000000000, 0.000000000000000000, -22.50000000000000355 ) ) ;
#1735 = DIRECTION ( 'NONE',  ( -1.000000000000000000, -0.000000000000000000, -0.000000000000000000 ) ) ;
#1736 = EDGE_CURVE ( 'NONE', #4429, #2534, #2615, .T. ) ;
#1737 = ORIENTED_EDGE ( 'NONE', *, *, #3454, .F. ) ;
#1738 = ORIENTED_EDGE ( 'NONE', *, *, #784, .F. ) ;
#1739 = AXIS2_PLACEMENT_3D ( 'NONE', #5877, #852, #3129 ) ;
#1740 = DIRECTION ( 'NONE',  ( -0.000000000000000000, 1.000000000000000000, -0.000000000000000000 ) ) ;
#1741 = EDGE_CURVE ( 'NONE', #3147, #9, #295, .T. ) ;
#1742 = CARTESIAN_POINT ( 'NONE',  ( -0.001000000000001000089, -2.399999999999999911, -29.99999999999999289 ) ) ;
#1743 = LINE ( 'NONE', #3619, #549 ) ;
#1744 = EDGE_CURVE ( 'NONE', #1979, #5799, #5903, .T. ) ;
#1745 = VECTOR ( 'NONE', #5247, 1000.000000000000000 ) ;
#1746 = CARTESIAN_POINT ( 'NONE',  ( 14.49999999999999467, 1.500000000000000000, -23.49999999999999289 ) ) ;
#1747 = CARTESIAN_POINT ( 'NONE',  ( 13.74999999999997691, -1.600000000000000089, -6.999999999999990230 ) ) ;
#1748 = ORIENTED_EDGE ( 'NONE', *, *, #2046, .F. ) ;
#1749 = DIRECTION ( 'NONE',  ( 0.000000000000000000, 0.000000000000000000, 1.000000000000000000 ) ) ;
#1750 = DIRECTION ( 'NONE',  ( 0.000000000000000000, 0.000000000000000000, -1.000000000000000000 ) ) ;
#1751 = ORIENTED_EDGE ( 'NONE', *, *, #5743, .T. ) ;
#1752 = DIRECTION ( 'NONE',  ( 0.000000000000000000, 0.000000000000000000, -1.000000000000000000 ) ) ;
#1753 = CARTESIAN_POINT ( 'NONE',  ( 12.49999999999999645, 1.500000000000000000, -2.749999999999999556 ) ) ;
#1754 = LINE ( 'NONE', #2703, #1465 ) ;
#1755 = ORIENTED_EDGE ( 'NONE', *, *, #250, .T. ) ;
#1756 = EDGE_LOOP ( 'NONE', ( #931, #1249, #2573, #3260 ) ) ;
#1757 = ORIENTED_EDGE ( 'NONE', *, *, #1797, .F. ) ;
#1758 = PLANE ( 'NONE',  #5508 ) ;
#1759 = CARTESIAN_POINT ( 'NONE',  ( 7.500000000000000888, 5.000000000000000000, -3.250000000000000444 ) ) ;
#1760 = ORIENTED_EDGE ( 'NONE', *, *, #1103, .F. ) ;
#1761 = EDGE_CURVE ( 'NONE', #2234, #5073, #2282, .T. ) ;
#1762 = CARTESIAN_POINT ( 'NONE',  ( 21.49999999999999289, 1.500000000000000000, -42.49999999999999289 ) ) ;
#1763 = DIRECTION ( 'NONE',  ( 0.000000000000000000, 0.000000000000000000, -1.000000000000000000 ) ) ;
#1764 = VERTEX_POINT ( 'NONE', #3969 ) ;
#1765 = ORIENTED_EDGE ( 'NONE', *, *, #4627, .T. ) ;
#1766 = CARTESIAN_POINT ( 'NONE',  ( 11.50000000000000178, -5.500000000000000000, -41.24999999999999289 ) ) ;
#1767 = EDGE_CURVE ( 'NONE', #4141, #3398, #1640, .T. ) ;
#1768 = LINE ( 'NONE', #274, #4740 ) ;
#1769 = AXIS2_PLACEMENT_3D ( 'NONE', #21, #1882, #2452 ) ;
#1770 = CARTESIAN_POINT ( 'NONE',  ( 20.99999999999999645, 0.000000000000000000, -43.50000000000000000 ) ) ;
#1771 = DIRECTION ( 'NONE',  ( -0.000000000000000000, 1.000000000000000000, -0.000000000000000000 ) ) ;
#1772 = ORIENTED_EDGE ( 'NONE', *, *, #1252, .T. ) ;
#1773 = EDGE_CURVE ( 'NONE', #620, #2095, #1300, .T. ) ;
#1774 = CARTESIAN_POINT ( 'NONE',  ( 20.24999999999998934, 0.000000000000000000, -29.99999999999999645 ) ) ;
#1775 = VERTEX_POINT ( 'NONE', #4155 ) ;
#1776 = CARTESIAN_POINT ( 'NONE',  ( 15.49999999999999112, -5.500000000000001776, -3.250000000000002665 ) ) ;
#1777 = CARTESIAN_POINT ( 'NONE',  ( 1.500000000000005107, 5.000000000000000000, -4.000000000000001776 ) ) ;
#1778 = VERTEX_POINT ( 'NONE', #5531 ) ;
#1779 = VERTEX_POINT ( 'NONE', #1825 ) ;
#1780 = EDGE_CURVE ( 'NONE', #834, #1388, #3848, .T. ) ;
#1781 = CARTESIAN_POINT ( 'NONE',  ( 20.99999999999999645, 1.000000000000000000, 0.000000000000000000 ) ) ;
#1782 = AXIS2_PLACEMENT_3D ( 'NONE', #3087, #3584, #1642 ) ;
#1783 = DIRECTION ( 'NONE',  ( 0.000000000000000000, -0.000000000000000000, -1.000000000000000000 ) ) ;
#1784 = CARTESIAN_POINT ( 'NONE',  ( 15.49999999999999112, 0.000000000000000000, -39.24999999999999289 ) ) ;
#1785 = VERTEX_POINT ( 'NONE', #3636 ) ;
#1786 = AXIS2_PLACEMENT_3D ( 'NONE', #3965, #2486, #1153 ) ;
#1787 = EDGE_LOOP ( 'NONE', ( #3011, #1828, #4703, #221 ) ) ;
#1788 = DIRECTION ( 'NONE',  ( -1.000000000000000000, 0.000000000000000000, -0.000000000000000000 ) ) ;
#1789 = CARTESIAN_POINT ( 'NONE',  ( 18.49999999999999645, 3.799999999999999822, -4.750000000000000888 ) ) ;
#1790 = ORIENTED_EDGE ( 'NONE', *, *, #128, .F. ) ;
#1791 = CARTESIAN_POINT ( 'NONE',  ( 17.00000000000000000, 1.500000000000000000, -5.900000000000000355 ) ) ;
#1792 = STYLED_ITEM ( 'NONE', ( #1595 ), #5436 ) ;
#1793 = CARTESIAN_POINT ( 'NONE',  ( 20.99999999999999645, 1.500000000000000000, -41.99999999999999289 ) ) ;
#1794 = ADVANCED_FACE ( 'NONE', ( #3141 ), #451, .T. ) ;
#1795 = ORIENTED_EDGE ( 'NONE', *, *, #5509, .T. ) ;
#1796 = DIRECTION ( 'NONE',  ( 1.000000000000000000, 0.000000000000000000, 0.000000000000000000 ) ) ;
#1797 = EDGE_CURVE ( 'NONE', #5352, #1657, #621, .T. ) ;
#1798 = DIRECTION ( 'NONE',  ( 0.000000000000000000, -1.000000000000000000, 0.000000000000000000 ) ) ;
#1799 = DIRECTION ( 'NONE',  ( 0.000000000000000000, -1.000000000000000000, 0.000000000000000000 ) ) ;
#1800 = CIRCLE ( 'NONE', #5136, 3.099999999999998757 ) ;
#1801 = CIRCLE ( 'NONE', #3857, 2.000000000000001776 ) ;
#1802 = ADVANCED_FACE ( 'NONE', ( #801 ), #2805, .F. ) ;
#1803 = DIRECTION ( 'NONE',  ( 0.000000000000000000, 0.000000000000000000, -1.000000000000000000 ) ) ;
#1804 = VERTEX_POINT ( 'NONE', #1791 ) ;
#1805 = ORIENTED_EDGE ( 'NONE', *, *, #2360, .T. ) ;
#1806 = CYLINDRICAL_SURFACE ( 'NONE', #1236, 0.9999999999999991118 ) ;
#1807 = ORIENTED_EDGE ( 'NONE', *, *, #5208, .T. ) ;
#1808 = CARTESIAN_POINT ( 'NONE',  ( 20.49999999999998934, -5.500000000000000000, -2.500000000000000000 ) ) ;
#1809 = VERTEX_POINT ( 'NONE', #5497 ) ;
#1810 = LINE ( 'NONE', #4047, #4167 ) ;
#1811 = EDGE_CURVE ( 'NONE', #4459, #1451, #1365, .T. ) ;
#1812 = ORIENTED_EDGE ( 'NONE', *, *, #1976, .T. ) ;
#1813 = CARTESIAN_POINT ( 'NONE',  ( 21.49999999999999289, 3.809999976158148893, -24.89999999999999858 ) ) ;
#1814 = CARTESIAN_POINT ( 'NONE',  ( 14.49999999999999467, 0.000000000000000000, -23.49999999999999289 ) ) ;
#1815 = AXIS2_PLACEMENT_3D ( 'NONE', #5458, #2265, #3191 ) ;
#1816 = DIRECTION ( 'NONE',  ( 0.000000000000000000, 0.000000000000000000, -1.000000000000000000 ) ) ;
#1817 = ORIENTED_EDGE ( 'NONE', *, *, #2318, .F. ) ;
#1818 = ORIENTED_EDGE ( 'NONE', *, *, #4478, .F. ) ;
#1819 = DIRECTION ( 'NONE',  ( 0.000000000000000000, -1.000000000000000000, 0.000000000000000000 ) ) ;
#1820 = AXIS2_PLACEMENT_3D ( 'NONE', #3333, #3737, #4744 ) ;
#1821 = CIRCLE ( 'NONE', #6028, 0.8500000000000009770 ) ;
#1822 = AXIS2_PLACEMENT_3D ( 'NONE', #2665, #1723, #2174 ) ;
#1823 = DIRECTION ( 'NONE',  ( 2.891205793294679312E-16, -0.000000000000000000, 1.000000000000000000 ) ) ;
#1824 = ORIENTED_EDGE ( 'NONE', *, *, #2284, .T. ) ;
#1825 = CARTESIAN_POINT ( 'NONE',  ( 7.758342613226060003, 0.000000000000000000, -1.500000000000000000 ) ) ;
#1826 = CARTESIAN_POINT ( 'NONE',  ( 1.525359410719044906, -5.500000000000000000, -39.24999999999999289 ) ) ;
#1827 = EDGE_LOOP ( 'NONE', ( #2690, #1248, #4264, #3249 ) ) ;
#1828 = ORIENTED_EDGE ( 'NONE', *, *, #3718, .T. ) ;
#1829 = CARTESIAN_POINT ( 'NONE',  ( 1.500000000000000666, 5.000000000000000000, -41.49999999999999289 ) ) ;
#1830 = LINE ( 'NONE', #2812, #3573 ) ;
#1831 = CARTESIAN_POINT ( 'NONE',  ( 2.500000000000005329, 5.000000000000000000, -2.500000000000002220 ) ) ;
#1832 = CIRCLE ( 'NONE', #5266, 2.000000000000000000 ) ;
#1833 = CARTESIAN_POINT ( 'NONE',  ( 11.49999999999995381, 1.500000000000000000, -41.24999999999999289 ) ) ;
#1834 = ORIENTED_EDGE ( 'NONE', *, *, #130, .T. ) ;
#1835 = CARTESIAN_POINT ( 'NONE',  ( 9.649999999999954170, 1.418587469714793517E-14, -41.24999999999999289 ) ) ;
#1836 = VERTEX_POINT ( 'NONE', #2216 ) ;
#1837 = EDGE_CURVE ( 'NONE', #4515, #1971, #5959, .T. ) ;
#1838 = CYLINDRICAL_SURFACE ( 'NONE', #4386, 0.5000000000000038858 ) ;
#1839 = AXIS2_PLACEMENT_3D ( 'NONE', #1071, #700, #160 ) ;
#1840 = VERTEX_POINT ( 'NONE', #2187 ) ;
#1841 = DIRECTION ( 'NONE',  ( -0.000000000000000000, 1.000000000000000000, -0.000000000000000000 ) ) ;
#1842 = EDGE_LOOP ( 'NONE', ( #2670, #1172, #4747, #1603 ) ) ;
#1843 = AXIS2_PLACEMENT_3D ( 'NONE', #3746, #72, #5645 ) ;
#1844 = PLANE ( 'NONE',  #1843 ) ;
#1845 = ADVANCED_FACE ( 'NONE', ( #4621 ), #5562, .F. ) ;
#1846 = PLANE ( 'NONE',  #5776 ) ;
#1847 = CARTESIAN_POINT ( 'NONE',  ( 7.500000000000000888, 3.799999999999999822, -4.000000000000001776 ) ) ;
#1848 = ORIENTED_EDGE ( 'NONE', *, *, #3647, .F. ) ;
#1849 = ORIENTED_EDGE ( 'NONE', *, *, #5917, .F. ) ;
#1850 = SURFACE_SIDE_STYLE ('',( #6050 ) ) ;
#1851 = CIRCLE ( 'NONE', #5756, 2.250000000000000444 ) ;
#1852 = DIRECTION ( 'NONE',  ( -0.000000000000000000, 1.000000000000000000, -0.000000000000000000 ) ) ;
#1853 = VERTEX_POINT ( 'NONE', #3238 ) ;
#1854 = EDGE_CURVE ( 'NONE', #5222, #3046, #5109, .T. ) ;
#1855 = DIRECTION ( 'NONE',  ( 0.000000000000000000, -1.000000000000000000, 0.000000000000000000 ) ) ;
#1856 = LINE ( 'NONE', #5871, #1906 ) ;
#1857 = ORIENTED_EDGE ( 'NONE', *, *, #5856, .T. ) ;
#1858 = VECTOR ( 'NONE', #1885, 1000.000000000000000 ) ;
#1859 = CARTESIAN_POINT ( 'NONE',  ( 11.50000000000000178, -11.86396103067893293, -41.24999999999999289 ) ) ;
#1860 = DIRECTION ( 'NONE',  ( 0.000000000000000000, 0.000000000000000000, 1.000000000000000000 ) ) ;
#1861 = VECTOR ( 'NONE', #2045, 1000.000000000000000 ) ;
#1862 = LINE ( 'NONE', #5600, #4919 ) ;
#1863 = FACE_OUTER_BOUND ( 'NONE', #465, .T. ) ;
#1864 = ORIENTED_EDGE ( 'NONE', *, *, #3794, .F. ) ;
#1865 = DIRECTION ( 'NONE',  ( 0.000000000000000000, -1.000000000000000000, 0.000000000000000000 ) ) ;
#1866 = LINE ( 'NONE', #921, #4873 ) ;
#1867 = ORIENTED_EDGE ( 'NONE', *, *, #685, .F. ) ;
#1868 = DIRECTION ( 'NONE',  ( -5.551115123125804889E-17, -1.000000000000000000, -2.775557561562891351E-16 ) ) ;
#1869 = AXIS2_PLACEMENT_3D ( 'NONE', #5764, #1691, #3992 ) ;
#1870 = ORIENTED_EDGE ( 'NONE', *, *, #6031, .F. ) ;
#1871 = EDGE_CURVE ( 'NONE', #5955, #33, #4187, .T. ) ;
#1872 = LINE ( 'NONE', #3377, #1745 ) ;
#1873 = CARTESIAN_POINT ( 'NONE',  ( 1.500000000000000666, 3.799999999999999822, -3.250000000000000444 ) ) ;
#1874 = CARTESIAN_POINT ( 'NONE',  ( 21.49999999999999645, 3.799999999999999822, -39.99999999999999289 ) ) ;
#1875 = ORIENTED_EDGE ( 'NONE', *, *, #3115, .T. ) ;
#1876 = ORIENTED_EDGE ( 'NONE', *, *, #5480, .T. ) ;
#1877 = EDGE_CURVE ( 'NONE', #5502, #682, #3760, .T. ) ;
#1878 = CARTESIAN_POINT ( 'NONE',  ( -0.001000000000001000089, 5.000000000000000000, -26.19533779580664046 ) ) ;
#1879 = VECTOR ( 'NONE', #1609, 1000.000000000000000 ) ;
#1880 = AXIS2_PLACEMENT_3D ( 'NONE', #1793, #2281, #5992 ) ;
#1881 = SHAPE_REPRESENTATION ( 'binocular_thermal_imager', ( #1403, #429, #3361 ), #4641 ) ;
#1882 = DIRECTION ( 'NONE',  ( 0.000000000000000000, -1.000000000000000000, 0.000000000000000000 ) ) ;
#1883 = ORIENTED_EDGE ( 'NONE', *, *, #2848, .T. ) ;
#1884 = LINE ( 'NONE', #3300, #2777 ) ;
#1885 = DIRECTION ( 'NONE',  ( 1.000000000000000000, 0.000000000000000000, 0.000000000000000000 ) ) ;
#1886 = VECTOR ( 'NONE', #2135, 1000.000000000000000 ) ;
#1887 = ORIENTED_EDGE ( 'NONE', *, *, #1628, .F. ) ;
#1888 = EDGE_CURVE ( 'NONE', #5543, #3236, #4652, .T. ) ;
#1889 = VECTOR ( 'NONE', #2706, 1000.000000000000000 ) ;
#1890 = FACE_OUTER_BOUND ( 'NONE', #4293, .T. ) ;
#1891 = CARTESIAN_POINT ( 'NONE',  ( 0.000000000000000000, 8.099999999999999645, -13.99999999999999112 ) ) ;
#1892 = DIRECTION ( 'NONE',  ( 0.000000000000000000, 0.000000000000000000, -1.000000000000000000 ) ) ;
#1893 = EDGE_LOOP ( 'NONE', ( #2761, #1359, #5285, #5088, #4874, #5210, #356, #2562 ) ) ;
#1894 = EDGE_CURVE ( 'NONE', #5346, #4220, #5990, .T. ) ;
#1895 = DIRECTION ( 'NONE',  ( 0.000000000000000000, -1.000000000000000000, 0.000000000000000000 ) ) ;
#1896 = AXIS2_PLACEMENT_3D ( 'NONE', #4281, #1080, #3356 ) ;
#1897 = VERTEX_POINT ( 'NONE', #5929 ) ;
#1898 = ORIENTED_EDGE ( 'NONE', *, *, #3152, .T. ) ;
#1899 = CARTESIAN_POINT ( 'NONE',  ( 10.00000000000000355, 8.099999999999999645, -13.99999999999999289 ) ) ;
#1900 = VECTOR ( 'NONE', #2524, 1000.000000000000000 ) ;
#1901 = VECTOR ( 'NONE', #4195, 1000.000000000000000 ) ;
#1902 = CARTESIAN_POINT ( 'NONE',  ( 0.000000000000000000, 1.500000000000000000, 0.000000000000000000 ) ) ;
#1903 = ORIENTED_EDGE ( 'NONE', *, *, #4968, .T. ) ;
#1904 = DIRECTION ( 'NONE',  ( -0.000000000000000000, -0.000000000000000000, 1.000000000000000000 ) ) ;
#1905 = ORIENTED_EDGE ( 'NONE', *, *, #5299, .F. ) ;
#1906 = VECTOR ( 'NONE', #4970, 1000.000000000000000 ) ;
#1907 = CARTESIAN_POINT ( 'NONE',  ( 9.255005567935635113, -5.500000000000000000, -41.09999999999999432 ) ) ;
#1908 = FACE_OUTER_BOUND ( 'NONE', #2417, .T. ) ;
#1909 = EDGE_CURVE ( 'NONE', #669, #5789, #3609, .T. ) ;
#1910 = LINE ( 'NONE', #496, #3818 ) ;
#1911 = ORIENTED_EDGE ( 'NONE', *, *, #5187, .T. ) ;
#1912 = ORIENTED_EDGE ( 'NONE', *, *, #4326, .T. ) ;
#1913 = DIRECTION ( 'NONE',  ( 0.000000000000000000, 0.000000000000000000, -1.000000000000000000 ) ) ;
#1914 = PLANE ( 'NONE',  #765 ) ;
#1915 = EDGE_LOOP ( 'NONE', ( #4531, #1729, #5127, #1941 ) ) ;
#1916 = PLANE ( 'NONE',  #1987 ) ;
#1917 = EDGE_CURVE ( 'NONE', #2156, #3631, #810, .T. ) ;
#1918 = ADVANCED_FACE ( 'NONE', ( #4095 ), #1330, .F. ) ;
#1919 = DIRECTION ( 'NONE',  ( -1.000000000000000000, 0.000000000000000000, -0.000000000000000000 ) ) ;
#1920 = AXIS2_PLACEMENT_3D ( 'NONE', #3765, #30, #3824 ) ;
#1921 = VERTEX_POINT ( 'NONE', #3873 ) ;
#1922 = CARTESIAN_POINT ( 'NONE',  ( 21.49999999999999289, 5.000000000000000000, -42.49999999999999289 ) ) ;
#1923 = CARTESIAN_POINT ( 'NONE',  ( 11.50000000000000178, -11.86396103067893293, -41.24999999999999289 ) ) ;
#1924 = VECTOR ( 'NONE', #4958, 1000.000000000000000 ) ;
#1925 = FACE_OUTER_BOUND ( 'NONE', #106, .T. ) ;
#1926 = ORIENTED_EDGE ( 'NONE', *, *, #598, .T. ) ;
#1927 = FACE_OUTER_BOUND ( 'NONE', #5161, .T. ) ;
#1928 = ORIENTED_EDGE ( 'NONE', *, *, #3536, .T. ) ;
#1929 = CARTESIAN_POINT ( 'NONE',  ( 14.50000000000000000, 1.500000000000000000, -22.00000000000000000 ) ) ;
#1930 = CARTESIAN_POINT ( 'NONE',  ( 1.500000000000000666, 1.500000000000000000, -40.74999999999999289 ) ) ;
#1931 = VERTEX_POINT ( 'NONE', #1482 ) ;
#1932 = ORIENTED_EDGE ( 'NONE', *, *, #5142, .T. ) ;
#1933 = LINE ( 'NONE', #2845, #1028 ) ;
#1934 = VECTOR ( 'NONE', #5062, 1000.000000000000000 ) ;
#1935 = MANIFOLD_SOLID_BREP ( '圆角3', #4834 ) ;
#1936 = ORIENTED_EDGE ( 'NONE', *, *, #4287, .F. ) ;
#1937 = CIRCLE ( 'NONE', #2418, 0.5000000000000004441 ) ;
#1938 = DIRECTION ( 'NONE',  ( 0.000000000000000000, 0.000000000000000000, -1.000000000000000000 ) ) ;
#1939 = DIRECTION ( 'NONE',  ( 0.000000000000000000, 0.000000000000000000, -1.000000000000000000 ) ) ;
#1940 = DIRECTION ( 'NONE',  ( -1.000000000000000000, 0.000000000000000000, 0.000000000000000000 ) ) ;
#1941 = ORIENTED_EDGE ( 'NONE', *, *, #4352, .F. ) ;
#1942 = CIRCLE ( 'NONE', #4096, 0.5000000000000038858 ) ;
#1943 = EDGE_LOOP ( 'NONE', ( #232, #5971 ) ) ;
#1944 = DIRECTION ( 'NONE',  ( -0.000000000000000000, 1.000000000000000000, -0.000000000000000000 ) ) ;
#1945 = CARTESIAN_POINT ( 'NONE',  ( 13.74999999999997691, -1.600000000000000089, -28.00000000000000000 ) ) ;
#1946 = ORIENTED_EDGE ( 'NONE', *, *, #5702, .F. ) ;
#1947 = DIRECTION ( 'NONE',  ( -1.127570259384924611E-16, 0.000000000000000000, -1.000000000000000000 ) ) ;
#1948 = DIRECTION ( 'NONE',  ( -0.000000000000000000, 1.000000000000000000, -0.000000000000000000 ) ) ;
#1949 = ORIENTED_EDGE ( 'NONE', *, *, #4016, .T. ) ;
#1950 = ADVANCED_FACE ( 'NONE', ( #5710 ), #1916, .F. ) ;
#1951 = DIRECTION ( 'NONE',  ( 0.000000000000000000, 0.000000000000000000, -1.000000000000000000 ) ) ;
#1952 = CARTESIAN_POINT ( 'NONE',  ( 1.500000000000000666, 1.500000000000000000, -40.74999999999999289 ) ) ;
#1953 = PLANE ( 'NONE',  #1920 ) ;
#1954 = AXIS2_PLACEMENT_3D ( 'NONE', #4148, #5555, #5491 ) ;
#1955 = EDGE_CURVE ( 'NONE', #1078, #963, #538, .T. ) ;
#1956 = LINE ( 'NONE', #1399, #4943 ) ;
#1957 = CIRCLE ( 'NONE', #5391, 2.250000000000001776 ) ;
#1958 = DIRECTION ( 'NONE',  ( 0.000000000000000000, 0.000000000000000000, 1.000000000000000000 ) ) ;
#1959 = ORIENTED_EDGE ( 'NONE', *, *, #6000, .F. ) ;
#1960 = DIRECTION ( 'NONE',  ( -1.000000000000000000, 0.000000000000000000, -2.891205793294679312E-16 ) ) ;
#1961 = ORIENTED_EDGE ( 'NONE', *, *, #1350, .F. ) ;
#1962 = EDGE_CURVE ( 'NONE', #1971, #3821, #1510, .T. ) ;
#1963 = DIRECTION ( 'NONE',  ( -1.000000000000000000, 0.000000000000000000, 0.000000000000000000 ) ) ;
#1964 = CARTESIAN_POINT ( 'NONE',  ( 1.500000000000005107, 0.000000000000000000, -41.49999999999999289 ) ) ;
#1965 = VECTOR ( 'NONE', #42, 1000.000000000000000 ) ;
#1966 = ORIENTED_EDGE ( 'NONE', *, *, #4225, .T. ) ;
#1967 = EDGE_LOOP ( 'NONE', ( #384, #1549, #313, #2077 ) ) ;
#1968 = DIRECTION ( 'NONE',  ( -0.000000000000000000, 1.000000000000000000, -0.000000000000000000 ) ) ;
#1969 = ORIENTED_EDGE ( 'NONE', *, *, #2464, .F. ) ;
#1970 = PLANE ( 'NONE',  #97 ) ;
#1971 = VERTEX_POINT ( 'NONE', #4764 ) ;
#1972 = PLANE ( 'NONE',  #3373 ) ;
#1973 = VECTOR ( 'NONE', #238, 1000.000000000000000 ) ;
#1974 = DIRECTION ( 'NONE',  ( 0.000000000000000000, -1.000000000000000000, -0.000000000000000000 ) ) ;
#1975 = DIRECTION ( 'NONE',  ( 1.000000000000000000, 0.000000000000000000, -0.000000000000000000 ) ) ;
#1976 = EDGE_CURVE ( 'NONE', #5768, #1995, #3386, .T. ) ;
#1977 = VECTOR ( 'NONE', #3646, 1000.000000000000000 ) ;
#1978 = VERTEX_POINT ( 'NONE', #1049 ) ;
#1979 = VERTEX_POINT ( 'NONE', #3418 ) ;
#1980 = PLANE ( 'NONE',  #1150 ) ;
#1981 = CARTESIAN_POINT ( 'NONE',  ( 2.000000000000000000, 1.000000000000000000, -2.000000000000000000 ) ) ;
#1982 = PRESENTATION_LAYER_ASSIGNMENT (  '', '', ( #3261 ) ) ;
#1983 = ORIENTED_EDGE ( 'NONE', *, *, #5287, .T. ) ;
#1984 = DIRECTION ( 'NONE',  ( -0.000000000000000000, 1.000000000000000000, -0.000000000000000000 ) ) ;
#1985 = EDGE_CURVE ( 'NONE', #5122, #5585, #1538, .T. ) ;
#1986 = ORIENTED_EDGE ( 'NONE', *, *, #1643, .T. ) ;
#1987 = AXIS2_PLACEMENT_3D ( 'NONE', #3789, #2427, #2890 ) ;
#1988 = ORIENTED_EDGE ( 'NONE', *, *, #2662, .T. ) ;
#1989 = LINE ( 'NONE', #1556, #5176 ) ;
#1990 = LINE ( 'NONE', #2796, #500 ) ;
#1991 = DIRECTION ( 'NONE',  ( -1.000000000000000000, 0.000000000000000000, 0.000000000000000000 ) ) ;
#1992 = ADVANCED_FACE ( 'NONE', ( #5286 ), #2400, .F. ) ;
#1993 = ORIENTED_EDGE ( 'NONE', *, *, #5217, .T. ) ;
#1994 = ORIENTED_EDGE ( 'NONE', *, *, #3324, .T. ) ;
#1995 = VERTEX_POINT ( 'NONE', #4707 ) ;
#1996 = CARTESIAN_POINT ( 'NONE',  ( 20.49999999999998934, -5.500000000000000000, -1.500000000000000000 ) ) ;
#1997 = EDGE_CURVE ( 'NONE', #4267, #4215, #2949, .T. ) ;
#1998 = ORIENTED_EDGE ( 'NONE', *, *, #3808, .T. ) ;
#1999 = CARTESIAN_POINT ( 'NONE',  ( 0.5000000000000000000, 1.000000000000000000, 0.000000000000000000 ) ) ;
#2000 = ORIENTED_EDGE ( 'NONE', *, *, #5743, .F. ) ;
#2001 = DIRECTION ( 'NONE',  ( -1.000000000000000000, 0.000000000000000000, -0.000000000000000000 ) ) ;
#2002 = DIRECTION ( 'NONE',  ( -0.000000000000000000, 1.000000000000000000, -0.000000000000000000 ) ) ;
#2003 = DIRECTION ( 'NONE',  ( 1.000000000000000000, 0.000000000000000000, 0.000000000000000000 ) ) ;
#2004 = VECTOR ( 'NONE', #638, 1000.000000000000000 ) ;
#2005 = DIRECTION ( 'NONE',  ( -1.000000000000000000, 0.000000000000000000, -0.000000000000000000 ) ) ;
#2006 = EDGE_LOOP ( 'NONE', ( #5159, #4234, #1233, #4902 ) ) ;
#2007 = VERTEX_POINT ( 'NONE', #4218 ) ;
#2008 = VECTOR ( 'NONE', #660, 1000.000000000000000 ) ;
#2009 = AXIS2_PLACEMENT_3D ( 'NONE', #5038, #6013, #3687 ) ;
#2010 = CARTESIAN_POINT ( 'NONE',  ( 13.74999999999997691, 0.000000000000000000, -28.00000000000000000 ) ) ;
#2011 = CARTESIAN_POINT ( 'NONE',  ( 19.49999999999999289, 1.500000000000000000, -24.50000000000000000 ) ) ;
#2012 = DIRECTION ( 'NONE',  ( -1.000000000000000000, 0.000000000000000000, -0.000000000000000000 ) ) ;
#2013 = ORIENTED_EDGE ( 'NONE', *, *, #2633, .F. ) ;
#2014 = EDGE_CURVE ( 'NONE', #2786, #2508, #1884, .T. ) ;
#2015 = DIRECTION ( 'NONE',  ( 0.000000000000000000, 1.000000000000000000, 0.000000000000000000 ) ) ;
#2016 = DIRECTION ( 'NONE',  ( 1.000000000000000000, -0.000000000000000000, 0.000000000000000000 ) ) ;
#2017 = DIRECTION ( 'NONE',  ( 0.000000000000000000, 0.000000000000000000, -1.000000000000000000 ) ) ;
#2018 = ORIENTED_EDGE ( 'NONE', *, *, #3233, .F. ) ;
#2019 = VERTEX_POINT ( 'NONE', #5171 ) ;
#2020 = CIRCLE ( 'NONE', #1045, 1.299999999999999156 ) ;
#2021 = ORIENTED_EDGE ( 'NONE', *, *, #1022, .F. ) ;
#2022 = EDGE_CURVE ( 'NONE', #5850, #5365, #964, .T. ) ;
#2023 = DIRECTION ( 'NONE',  ( 1.000000000000000000, 0.000000000000000000, 0.000000000000000000 ) ) ;
#2024 = ORIENTED_EDGE ( 'NONE', *, *, #3284, .T. ) ;
#2025 = CARTESIAN_POINT ( 'NONE',  ( 2.000000000000000000, 0.5000000000000000000, -2.000000000000000000 ) ) ;
#2026 = CYLINDRICAL_SURFACE ( 'NONE', #4309, 1.500000000000001332 ) ;
#2027 = VERTEX_POINT ( 'NONE', #4252 ) ;
#2028 = CARTESIAN_POINT ( 'NONE',  ( 17.00000000000000000, 1.500000000000000000, -9.000000000000000000 ) ) ;
#2029 = EDGE_CURVE ( 'NONE', #3001, #4767, #1455, .T. ) ;
#2030 = DIRECTION ( 'NONE',  ( -1.163534038764931666E-16, 0.000000000000000000, -1.000000000000000000 ) ) ;
#2031 = CARTESIAN_POINT ( 'NONE',  ( 21.49999999999999645, 5.000000000000000000, -39.99999999999999289 ) ) ;
#2032 = LINE ( 'NONE', #3970, #624 ) ;
#2033 = DIRECTION ( 'NONE',  ( 0.000000000000000000, 0.000000000000000000, -1.000000000000000000 ) ) ;
#2034 = ORIENTED_EDGE ( 'NONE', *, *, #2955, .T. ) ;
#2035 = DIRECTION ( 'NONE',  ( 0.000000000000000000, 0.000000000000000000, 1.000000000000000000 ) ) ;
#2036 = ORIENTED_EDGE ( 'NONE', *, *, #5517, .F. ) ;
#2037 = FACE_OUTER_BOUND ( 'NONE', #5828, .T. ) ;
#2038 = CARTESIAN_POINT ( 'NONE',  ( 2.000000000000000000, 1.000000000000000000, -41.99999999999999289 ) ) ;
#2039 = CARTESIAN_POINT ( 'NONE',  ( 14.50000000000002132, 1.500000000000000000, -20.50000000000000355 ) ) ;
#2040 = ORIENTED_EDGE ( 'NONE', *, *, #509, .F. ) ;
#2041 = VECTOR ( 'NONE', #318, 1000.000000000000000 ) ;
#2042 = LINE ( 'NONE', #4390, #1353 ) ;
#2043 = CARTESIAN_POINT ( 'NONE',  ( 22.50000000000000000, 1.000000000000000000, 0.000000000000000000 ) ) ;
#2044 = VERTEX_POINT ( 'NONE', #5680 ) ;
#2045 = DIRECTION ( 'NONE',  ( -0.000000000000000000, -0.000000000000000000, 1.000000000000000000 ) ) ;
#2046 = EDGE_CURVE ( 'NONE', #682, #5502, #5806, .T. ) ;
#2047 = VERTEX_POINT ( 'NONE', #3446 ) ;
#2048 =( NAMED_UNIT ( * ) SI_UNIT ( $, .STERADIAN. ) SOLID_ANGLE_UNIT ( ) );
#2049 = ORIENTED_EDGE ( 'NONE', *, *, #236, .F. ) ;
#2050 = CARTESIAN_POINT ( 'NONE',  ( 20.24999999999998934, -1.600000000000000089, -6.999999999999990230 ) ) ;
#2051 = ADVANCED_FACE ( 'NONE', ( #227 ), #5379, .F. ) ;
#2052 = ORIENTED_EDGE ( 'NONE', *, *, #926, .F. ) ;
#2053 = CARTESIAN_POINT ( 'NONE',  ( 23.00000000000000000, 1.000000000000000000, -41.99999999999999289 ) ) ;
#2054 = AXIS2_PLACEMENT_3D ( 'NONE', #1363, #5107, #2276 ) ;
#2055 = LINE ( 'NONE', #5318, #3230 ) ;
#2056 = EDGE_CURVE ( 'NONE', #1031, #3411, #5317, .T. ) ;
#2057 = ORIENTED_EDGE ( 'NONE', *, *, #4225, .F. ) ;
#2058 = VERTEX_POINT ( 'NONE', #3545 ) ;
#2059 = CARTESIAN_POINT ( 'NONE',  ( 15.49999999999999112, -5.500000000000001776, -40.74999999999999289 ) ) ;
#2060 = CARTESIAN_POINT ( 'NONE',  ( 7.500000000000000888, 3.799999999999999822, -39.99999999999999289 ) ) ;
#2061 = DIRECTION ( 'NONE',  ( 0.000000000000000000, 0.000000000000000000, -1.000000000000000000 ) ) ;
#2062 = DIRECTION ( 'NONE',  ( -1.000000000000000000, 0.000000000000000000, 0.000000000000000000 ) ) ;
#2063 = DIRECTION ( 'NONE',  ( -0.000000000000000000, 1.000000000000000000, -0.000000000000000000 ) ) ;
#2064 = EDGE_CURVE ( 'NONE', #516, #4820, #4457, .T. ) ;
#2065 = VECTOR ( 'NONE', #4777, 1000.000000000000000 ) ;
#2066 = CARTESIAN_POINT ( 'NONE',  ( 1.500000000000005329, -5.500000000000000000, -42.49999999999999289 ) ) ;
#2067 = ORIENTED_EDGE ( 'NONE', *, *, #978, .T. ) ;
#2068 = LINE ( 'NONE', #5779, #5360 ) ;
#2069 = CYLINDRICAL_SURFACE ( 'NONE', #5791, 0.5000000000000004441 ) ;
#2070 = CARTESIAN_POINT ( 'NONE',  ( 21.49999999999999289, -5.500000000000001776, -39.24999999999999289 ) ) ;
#2071 = CIRCLE ( 'NONE', #4533, 1.300000000000002487 ) ;
#2072 = CARTESIAN_POINT ( 'NONE',  ( 11.50000000000000178, -5.500000000000000000, -41.24999999999999289 ) ) ;
#2073 = PLANE ( 'NONE',  #3009 ) ;
#2074 = LINE ( 'NONE', #3956, #4312 ) ;
#2075 = VERTEX_POINT ( 'NONE', #2981 ) ;
#2076 = SHAPE_REPRESENTATION_RELATIONSHIP ( 'NONE' , 'NONE' ,  #1692, #5436 ) ;
#2077 = ORIENTED_EDGE ( 'NONE', *, *, #4083, .T. ) ;
#2078 = CARTESIAN_POINT ( 'NONE',  ( 14.50000000000002132, -5.501000000000002110, -19.49999999999999645 ) ) ;
#2079 = EDGE_CURVE ( 'NONE', #1775, #3648, #5350, .T. ) ;
#2080 = DIRECTION ( 'NONE',  ( -1.000000000000000000, 1.665334536937725443E-16, 9.376883653928682679E-16 ) ) ;
#2081 = CIRCLE ( 'NONE', #2871, 0.5000000000000038858 ) ;
#2082 = DIRECTION ( 'NONE',  ( -1.000000000000000000, -0.000000000000000000, -0.000000000000000000 ) ) ;
#2083 = AXIS2_PLACEMENT_3D ( 'NONE', #2780, #456, #2193 ) ;
#2084 = ORIENTED_EDGE ( 'NONE', *, *, #3180, .F. ) ;
#2085 = DIRECTION ( 'NONE',  ( 0.000000000000000000, 0.000000000000000000, 1.000000000000000000 ) ) ;
#2086 = AXIS2_PLACEMENT_3D ( 'NONE', #3086, #5444, #4030 ) ;
#2087 = CARTESIAN_POINT ( 'NONE',  ( 21.49999999999999645, 5.000000000000000000, -39.99999999999999289 ) ) ;
#2088 = EDGE_CURVE ( 'NONE', #1897, #3692, #261, .T. ) ;
#2089 = DIRECTION ( 'NONE',  ( 0.000000000000000000, 0.000000000000000000, -1.000000000000000000 ) ) ;
#2090 = CARTESIAN_POINT ( 'NONE',  ( 6.500000000000000000, 1.500000000000000000, -14.47499999999999787 ) ) ;
#2091 = FACE_OUTER_BOUND ( 'NONE', #2478, .T. ) ;
#2092 = ORIENTED_EDGE ( 'NONE', *, *, #1018, .F. ) ;
#2093 = VERTEX_POINT ( 'NONE', #4398 ) ;
#2094 = DIRECTION ( 'NONE',  ( -5.551115123125804889E-17, -1.000000000000000000, -2.775557561562891351E-16 ) ) ;
#2095 = VERTEX_POINT ( 'NONE', #2606 ) ;
#2096 = ADVANCED_FACE ( 'NONE', ( #200 ), #4319, .T. ) ;
#2097 = CIRCLE ( 'NONE', #1232, 1.000000000000000888 ) ;
#2098 = DIRECTION ( 'NONE',  ( -0.000000000000000000, -1.000000000000000000, -0.000000000000000000 ) ) ;
#2099 = CARTESIAN_POINT ( 'NONE',  ( 11.49999999999995381, 1.387778780781445676E-14, -41.24999999999999289 ) ) ;
#2100 = DIRECTION ( 'NONE',  ( 0.000000000000000000, 0.000000000000000000, -1.000000000000000000 ) ) ;
#2101 = EDGE_CURVE ( 'NONE', #4760, #485, #4426, .T. ) ;
#2102 = DIRECTION ( 'NONE',  ( -1.000000000000000000, -0.000000000000000000, -0.000000000000000000 ) ) ;
#2103 = VECTOR ( 'NONE', #2625, 1000.000000000000000 ) ;
#2104 = AXIS2_PLACEMENT_3D ( 'NONE', #379, #2731, #3599 ) ;
#2105 = EDGE_CURVE ( 'NONE', #5145, #979, #3576, .T. ) ;
#2106 = DIRECTION ( 'NONE',  ( -1.000000000000000000, 0.000000000000000000, 2.891205793294679312E-16 ) ) ;
#2107 = CARTESIAN_POINT ( 'NONE',  ( 0.000000000000000000, 1.500000000000000000, 0.000000000000000000 ) ) ;
#2108 = DIRECTION ( 'NONE',  ( 0.000000000000000000, 0.000000000000000000, 1.000000000000000000 ) ) ;
#2109 = ORIENTED_EDGE ( 'NONE', *, *, #1268, .T. ) ;
#2110 = VERTEX_POINT ( 'NONE', #3043 ) ;
#2111 = LINE ( 'NONE', #4455, #2599 ) ;
#2112 =( NAMED_UNIT ( * ) PLANE_ANGLE_UNIT ( ) SI_UNIT ( $, .RADIAN. ) );
#2113 = AXIS2_PLACEMENT_3D ( 'NONE', #1034, #4295, #464 ) ;
#2114 = VERTEX_POINT ( 'NONE', #2053 ) ;
#2115 = EDGE_LOOP ( 'NONE', ( #1313, #4746 ) ) ;
#2116 = EDGE_CURVE ( 'NONE', #1836, #5749, #5854, .T. ) ;
#2117 = VERTEX_POINT ( 'NONE', #1600 ) ;
#2118 = DIRECTION ( 'NONE',  ( 1.000000000000000000, 0.000000000000000000, -0.000000000000000000 ) ) ;
#2119 = CARTESIAN_POINT ( 'NONE',  ( 1.525359410719044906, 0.000000000000000000, -4.750000000000004441 ) ) ;
#2120 = AXIS2_PLACEMENT_3D ( 'NONE', #2391, #4273, #4755 ) ;
#2121 = FACE_OUTER_BOUND ( 'NONE', #3390, .T. ) ;
#2122 = DIRECTION ( 'NONE',  ( 1.000000000000000000, 0.000000000000000000, 0.000000000000000000 ) ) ;
#2123 = DIRECTION ( 'NONE',  ( -0.000000000000000000, -0.000000000000000000, 1.000000000000000000 ) ) ;
#2124 = ORIENTED_EDGE ( 'NONE', *, *, #1226, .T. ) ;
#2125 = EDGE_CURVE ( 'NONE', #1388, #834, #4119, .T. ) ;
#2126 = ORIENTED_EDGE ( 'NONE', *, *, #5802, .T. ) ;
#2127 = ORIENTED_EDGE ( 'NONE', *, *, #3825, .T. ) ;
#2128 = CIRCLE ( 'NONE', #2514, 0.5000000000000038858 ) ;
#2129 = DIRECTION ( 'NONE',  ( -0.000000000000000000, 1.000000000000000000, -0.000000000000000000 ) ) ;
#2130 = CARTESIAN_POINT ( 'NONE',  ( 1.500000000000000444, 3.799999999999999822, -39.24999999999999289 ) ) ;
#2131 = DIRECTION ( 'NONE',  ( 1.163534038764931666E-16, 0.000000000000000000, 1.000000000000000000 ) ) ;
#2132 = DIRECTION ( 'NONE',  ( 1.000000000000000000, -0.000000000000000000, -0.000000000000000000 ) ) ;
#2133 = EDGE_CURVE ( 'NONE', #5170, #3430, #2154, .T. ) ;
#2134 = AXIS2_PLACEMENT_3D ( 'NONE', #2337, #535, #3815 ) ;
#2135 = DIRECTION ( 'NONE',  ( -1.000000000000000000, -0.000000000000000000, 0.000000000000000000 ) ) ;
#2136 = LINE ( 'NONE', #1747, #646 ) ;
#2137 = LINE ( 'NONE', #3471, #3989 ) ;
#2138 = ORIENTED_EDGE ( 'NONE', *, *, #284, .T. ) ;
#2139 = DIRECTION ( 'NONE',  ( -0.000000000000000000, 1.000000000000000000, -0.000000000000000000 ) ) ;
#2140 = EDGE_CURVE ( 'NONE', #887, #1667, #170, .T. ) ;
#2141 = ORIENTED_EDGE ( 'NONE', *, *, #4262, .F. ) ;
#2142 = CIRCLE ( 'NONE', #1068, 0.5000000000000004441 ) ;
#2143 = LINE ( 'NONE', #1318, #378 ) ;
#2144 = DIRECTION ( 'NONE',  ( 0.000000000000000000, 0.000000000000000000, 1.000000000000000000 ) ) ;
#2145 = AXIS2_PLACEMENT_3D ( 'NONE', #1448, #2392, #5219 ) ;
#2146 = CARTESIAN_POINT ( 'NONE',  ( 7.758342613226059115, -11.86396103067893293, -40.99999999999999289 ) ) ;
#2147 = ORIENTED_EDGE ( 'NONE', *, *, #2749, .T. ) ;
#2148 = ORIENTED_EDGE ( 'NONE', *, *, #2828, .F. ) ;
#2149 = ORIENTED_EDGE ( 'NONE', *, *, #5835, .T. ) ;
#2150 = DIRECTION ( 'NONE',  ( 0.000000000000000000, 0.000000000000000000, 1.000000000000000000 ) ) ;
#2151 = LINE ( 'NONE', #3050, #2163 ) ;
#2152 = DIRECTION ( 'NONE',  ( -1.000000000000000000, -0.000000000000000000, -0.000000000000000000 ) ) ;
#2153 = CARTESIAN_POINT ( 'NONE',  ( -0.001000000000001000089, 3.809999976158148005, -19.09999999999999787 ) ) ;
#2154 = CIRCLE ( 'NONE', #5105, 2.000000000000001776 ) ;
#2155 = DIRECTION ( 'NONE',  ( 1.000000000000000000, 0.000000000000000000, 0.000000000000000000 ) ) ;
#2156 = VERTEX_POINT ( 'NONE', #5406 ) ;
#2157 = ORIENTED_EDGE ( 'NONE', *, *, #926, .T. ) ;
#2158 = DIRECTION ( 'NONE',  ( -1.000000000000000000, 1.665334536937737769E-16, 0.000000000000000000 ) ) ;
#2159 = EDGE_CURVE ( 'NONE', #4696, #1110, #2447, .T. ) ;
#2160 = CARTESIAN_POINT ( 'NONE',  ( 1.525359410719044906, -11.86396103067893293, -39.24999999999999289 ) ) ;
#2161 = CARTESIAN_POINT ( 'NONE',  ( 20.24999999999998934, 0.000000000000000000, -4.999999999999990230 ) ) ;
#2162 = CARTESIAN_POINT ( 'NONE',  ( 21.49999999999999645, 3.809999976158148005, -19.09999999999999787 ) ) ;
#2163 = VECTOR ( 'NONE', #2584, 1000.000000000000000 ) ;
#2164 = CIRCLE ( 'NONE', #2268, 0.5000000000000000000 ) ;
#2165 = CARTESIAN_POINT ( 'NONE',  ( 1.500000000000000444, 5.000000000000000000, -42.49999999999999289 ) ) ;
#2166 = ADVANCED_FACE ( 'NONE', ( #3480 ), #689, .T. ) ;
#2167 = DIRECTION ( 'NONE',  ( -0.000000000000000000, -1.000000000000000000, -0.000000000000000000 ) ) ;
#2168 = EDGE_CURVE ( 'NONE', #5810, #2019, #1567, .T. ) ;
#2169 = DIRECTION ( 'NONE',  ( 0.000000000000000000, 0.000000000000000000, -1.000000000000000000 ) ) ;
#2170 = AXIS2_PLACEMENT_3D ( 'NONE', #2954, #3082, #4460 ) ;
#2171 = LINE ( 'NONE', #1777, #4461 ) ;
#2172 = ORIENTED_EDGE ( 'NONE', *, *, #3195, .F. ) ;
#2173 =( GEOMETRIC_REPRESENTATION_CONTEXT ( 3 ) GLOBAL_UNCERTAINTY_ASSIGNED_CONTEXT ( ( #3085 ) ) GLOBAL_UNIT_ASSIGNED_CONTEXT ( ( #5588, #4676, #4213 ) ) REPRESENTATION_CONTEXT ( 'NONE', 'WORKASPACE' ) );
#2174 = DIRECTION ( 'NONE',  ( 1.000000000000000000, 0.000000000000000000, 0.000000000000000000 ) ) ;
#2175 = ADVANCED_FACE ( 'NONE', ( #1175, #3688 ), #1724, .T. ) ;
#2176 = CARTESIAN_POINT ( 'NONE',  ( 17.00000000000000000, 1.500000000000000000, -12.09999999999999964 ) ) ;
#2177 = CARTESIAN_POINT ( 'NONE',  ( 3.525359410719047126, -11.86396103067893293, -4.750000000000004441 ) ) ;
#2178 = PRODUCT_DEFINITION_FORMATION_WITH_SPECIFIED_SOURCE ( '任何', '', #3689, .NOT_KNOWN. ) ;
#2179 = VERTEX_POINT ( 'NONE', #3196 ) ;
#2180 = ORIENTED_EDGE ( 'NONE', *, *, #2088, .T. ) ;
#2181 = VECTOR ( 'NONE', #5739, 1000.000000000000000 ) ;
#2182 = LINE ( 'NONE', #5494, #1889 ) ;
#2183 = EDGE_CURVE ( 'NONE', #3865, #2510, #5873, .T. ) ;
#2184 = LINE ( 'NONE', #2310, #3140 ) ;
#2185 = CIRCLE ( 'NONE', #2779, 0.5000000000000038858 ) ;
#2186 = VECTOR ( 'NONE', #3910, 1000.000000000000000 ) ;
#2187 = CARTESIAN_POINT ( 'NONE',  ( 18.49999999999999645, 3.799999999999999822, -39.24999999999999289 ) ) ;
#2188 = FACE_OUTER_BOUND ( 'NONE', #3866, .T. ) ;
#2189 = CARTESIAN_POINT ( 'NONE',  ( 11.49999999999995381, 0.8500000000000174083, -41.24999999999999289 ) ) ;
#2190 = VECTOR ( 'NONE', #2462, 1000.000000000000000 ) ;
#2191 = ORIENTED_EDGE ( 'NONE', *, *, #3445, .F. ) ;
#2192 = EDGE_LOOP ( 'NONE', ( #3483, #4081, #148, #213 ) ) ;
#2193 = DIRECTION ( 'NONE',  ( 1.000000000000000000, 0.000000000000000000, 0.000000000000000000 ) ) ;
#2194 = CARTESIAN_POINT ( 'NONE',  ( 13.74999999999997691, 0.000000000000000000, -6.999999999999990230 ) ) ;
#2195 = FACE_OUTER_BOUND ( 'NONE', #5608, .T. ) ;
#2196 = CARTESIAN_POINT ( 'NONE',  ( 11.50000000000000178, -11.86396103067893293, -40.39999999999999147 ) ) ;
#2197 = ADVANCED_FACE ( 'NONE', ( #4115 ), #2269, .F. ) ;
#2198 = AXIS2_PLACEMENT_3D ( 'NONE', #2622, #722, #4502 ) ;
#2199 = VECTOR ( 'NONE', #3465, 1000.000000000000000 ) ;
#2200 = DIRECTION ( 'NONE',  ( -1.000000000000000000, 0.000000000000000000, 0.000000000000000000 ) ) ;
#2201 = FACE_OUTER_BOUND ( 'NONE', #6053, .T. ) ;
#2202 = DIRECTION ( 'NONE',  ( 0.000000000000000000, -0.000000000000000000, 1.000000000000000000 ) ) ;
#2203 = VECTOR ( 'NONE', #4105, 1000.000000000000000 ) ;
#2204 = VERTEX_POINT ( 'NONE', #2176 ) ;
#2205 = EDGE_CURVE ( 'NONE', #3890, #3466, #1571, .T. ) ;
#2206 = DIRECTION ( 'NONE',  ( 0.000000000000000000, 0.000000000000000000, -1.000000000000000000 ) ) ;
#2207 = CARTESIAN_POINT ( 'NONE',  ( 1.500000000000004663, -5.500000000000000000, -17.80385186031842792 ) ) ;
#2208 = AXIS2_PLACEMENT_3D ( 'NONE', #3566, #5912, #2200 ) ;
#2209 = PLANE ( 'NONE',  #1554 ) ;
#2210 = EDGE_LOOP ( 'NONE', ( #4191, #155, #3262, #3069 ) ) ;
#2211 = ORIENTED_EDGE ( 'NONE', *, *, #4021, .T. ) ;
#2212 = ADVANCED_FACE ( 'NONE', ( #2638 ), #5951, .F. ) ;
#2213 = LINE ( 'NONE', #4617, #4143 ) ;
#2214 = CARTESIAN_POINT ( 'NONE',  ( 0.000000000000000000, 5.000000000000000000, 0.000000000000000000 ) ) ;
#2215 = ORIENTED_EDGE ( 'NONE', *, *, #1052, .T. ) ;
#2216 = CARTESIAN_POINT ( 'NONE',  ( 19.99999999999998934, 0.5000000000000000000, -31.49999999999998579 ) ) ;
#2217 = CARTESIAN_POINT ( 'NONE',  ( 14.50000000000000000, -5.501000000000002110, -22.50000000000000355 ) ) ;
#2218 = DIRECTION ( 'NONE',  ( 0.000000000000000000, 0.000000000000000000, 1.000000000000000000 ) ) ;
#2219 = VERTEX_POINT ( 'NONE', #2207 ) ;
#2220 = VERTEX_POINT ( 'NONE', #5582 ) ;
#2221 = ADVANCED_FACE ( 'NONE', ( #1292 ), #6043, .T. ) ;
#2222 = ORIENTED_EDGE ( 'NONE', *, *, #864, .T. ) ;
#2223 = VECTOR ( 'NONE', #1624, 1000.000000000000000 ) ;
#2224 = FACE_OUTER_BOUND ( 'NONE', #4014, .T. ) ;
#2225 = DIRECTION ( 'NONE',  ( -1.000000000000000000, 0.000000000000000000, -0.000000000000000000 ) ) ;
#2226 = PLANE ( 'NONE',  #2403 ) ;
#2227 = AXIS2_PLACEMENT_3D ( 'NONE', #1414, #1938, #1383 ) ;
#2228 = EDGE_CURVE ( 'NONE', #48, #674, #3658, .T. ) ;
#2229 = DIRECTION ( 'NONE',  ( 0.000000000000000000, 0.000000000000000000, 1.000000000000000000 ) ) ;
#2230 = ORIENTED_EDGE ( 'NONE', *, *, #5455, .T. ) ;
#2231 = DIRECTION ( 'NONE',  ( -0.000000000000000000, 1.000000000000000000, -0.000000000000000000 ) ) ;
#2232 = ORIENTED_EDGE ( 'NONE', *, *, #1167, .F. ) ;
#2233 = CARTESIAN_POINT ( 'NONE',  ( 0.5000000000000000000, 0.000000000000000000, -2.000000000000000000 ) ) ;
#2234 = VERTEX_POINT ( 'NONE', #1753 ) ;
#2235 = FACE_OUTER_BOUND ( 'NONE', #3523, .T. ) ;
#2236 = APPLICATION_CONTEXT ( 'automotive_design' ) ;
#2237 = ORIENTED_EDGE ( 'NONE', *, *, #598, .F. ) ;
#2238 = DIRECTION ( 'NONE',  ( -1.000000000000000000, -0.000000000000000000, -0.000000000000000000 ) ) ;
#2239 = CARTESIAN_POINT ( 'NONE',  ( 1.500000000000003775, 8.099999999999999645, -13.99999999999999112 ) ) ;
#2240 = ADVANCED_FACE ( 'NONE', ( #1319 ), #5069, .F. ) ;
#2241 = CARTESIAN_POINT ( 'NONE',  ( 18.49999999999999645, 3.799999999999999822, -3.250000000000000444 ) ) ;
#2242 = VECTOR ( 'NONE', #4645, 1000.000000000000000 ) ;
#2243 = VERTEX_POINT ( 'NONE', #2732 ) ;
#2244 = VERTEX_POINT ( 'NONE', #2302 ) ;
#2245 = DIRECTION ( 'NONE',  ( 0.000000000000000000, 0.000000000000000000, -1.000000000000000000 ) ) ;
#2246 = PLANE ( 'NONE',  #2054 ) ;
#2247 = VERTEX_POINT ( 'NONE', #3133 ) ;
#2248 = VECTOR ( 'NONE', #1991, 1000.000000000000000 ) ;
#2249 = DIRECTION ( 'NONE',  ( -0.000000000000000000, -0.000000000000000000, -1.000000000000000000 ) ) ;
#2250 = EDGE_CURVE ( 'NONE', #3557, #5448, #5919, .T. ) ;
#2251 = DIRECTION ( 'NONE',  ( -1.577021341797097560E-16, -0.000000000000000000, -1.000000000000000000 ) ) ;
#2252 = VERTEX_POINT ( 'NONE', #767 ) ;
#2253 = CARTESIAN_POINT ( 'NONE',  ( 1.525359410719044906, -11.86396103067893293, -39.24999999999999289 ) ) ;
#2254 = VECTOR ( 'NONE', #3378, 1000.000000000000000 ) ;
#2255 = EDGE_CURVE ( 'NONE', #1853, #48, #3335, .T. ) ;
#2256 = CARTESIAN_POINT ( 'NONE',  ( 19.49999999999999289, -5.501000000000002110, -23.49999999999999645 ) ) ;
#2257 = DIRECTION ( 'NONE',  ( 1.000000000000000000, 0.000000000000000000, 8.673617379884037444E-16 ) ) ;
#2258 = DIRECTION ( 'NONE',  ( 1.000000000000000000, 0.000000000000000000, 0.000000000000000000 ) ) ;
#2259 = VERTEX_POINT ( 'NONE', #1814 ) ;
#2260 = CARTESIAN_POINT ( 'NONE',  ( 19.50000000000000000, 0.000000000000000000, -22.50000000000000355 ) ) ;
#2261 = ORIENTED_EDGE ( 'NONE', *, *, #939, .F. ) ;
#2262 = ADVANCED_FACE ( 'NONE', ( #5554 ), #1846, .F. ) ;
#2263 = DIRECTION ( 'NONE',  ( 0.000000000000000000, -1.000000000000000000, 0.000000000000000000 ) ) ;
#2264 = VERTEX_POINT ( 'NONE', #5100 ) ;
#2265 = DIRECTION ( 'NONE',  ( -1.000000000000000000, 0.000000000000000000, 0.000000000000000000 ) ) ;
#2266 = VERTEX_POINT ( 'NONE', #2765 ) ;
#2267 = LINE ( 'NONE', #4145, #1055 ) ;
#2268 = AXIS2_PLACEMENT_3D ( 'NONE', #1432, #5086, #2751 ) ;
#2269 = PLANE ( 'NONE',  #5005 ) ;
#2270 = LINE ( 'NONE', #4087, #2734 ) ;
#2271 = ORIENTED_EDGE ( 'NONE', *, *, #4812, .T. ) ;
#2272 = CIRCLE ( 'NONE', #2170, 2.000000000000000000 ) ;
#2273 = EDGE_LOOP ( 'NONE', ( #1772, #4522, #4069, #1969 ) ) ;
#2274 = CARTESIAN_POINT ( 'NONE',  ( 14.50000000000004263, -5.501000000000002110, -18.50000000000000355 ) ) ;
#2275 = ADVANCED_FACE ( 'NONE', ( #443 ), #5461, .T. ) ;
#2276 = DIRECTION ( 'NONE',  ( 0.000000000000000000, 1.495451272393799296E-16, -1.000000000000000000 ) ) ;
#2277 = ORIENTED_EDGE ( 'NONE', *, *, #5208, .F. ) ;
#2278 = DIRECTION ( 'NONE',  ( 8.673617379884035472E-16, 0.000000000000000000, -1.000000000000000000 ) ) ;
#2279 = VECTOR ( 'NONE', #3234, 1000.000000000000000 ) ;
#2280 = FACE_BOUND ( 'NONE', #1842, .T. ) ;
#2281 = DIRECTION ( 'NONE',  ( 0.000000000000000000, -1.000000000000000000, 0.000000000000000000 ) ) ;
#2282 = CIRCLE ( 'NONE', #5612, 0.9999999999999986677 ) ;
#2283 = ORIENTED_EDGE ( 'NONE', *, *, #758, .F. ) ;
#2284 = EDGE_CURVE ( 'NONE', #3899, #3314, #3243, .T. ) ;
#2285 = CYLINDRICAL_SURFACE ( 'NONE', #4741, 0.5000000000000038858 ) ;
#2286 = CARTESIAN_POINT ( 'NONE',  ( 23.00000000000000000, 5.109999976158149160, -24.89999999999999858 ) ) ;
#2287 = FACE_OUTER_BOUND ( 'NONE', #769, .T. ) ;
#2288 = AXIS2_PLACEMENT_3D ( 'NONE', #723, #3181, #4004 ) ;
#2289 = AXIS2_PLACEMENT_3D ( 'NONE', #2253, #2685, #1278 ) ;
#2290 = CARTESIAN_POINT ( 'NONE',  ( 20.99999999999999645, 1.500000000000000000, -44.00000000000000000 ) ) ;
#2291 = ADVANCED_FACE ( 'NONE', ( #15 ), #2362, .F. ) ;
#2292 = ORIENTED_EDGE ( 'NONE', *, *, #3097, .F. ) ;
#2293 = CARTESIAN_POINT ( 'NONE',  ( 20.99999999999998934, -1.600000000000000089, -6.999999999999990230 ) ) ;
#2294 = ORIENTED_EDGE ( 'NONE', *, *, #2848, .F. ) ;
#2295 = DIRECTION ( 'NONE',  ( 0.000000000000000000, 0.000000000000000000, -1.000000000000000000 ) ) ;
#2296 = ORIENTED_EDGE ( 'NONE', *, *, #3000, .T. ) ;
#2297 = CARTESIAN_POINT ( 'NONE',  ( 0.000000000000000000, -5.500000000000000000, 0.000000000000000000 ) ) ;
#2298 = EDGE_CURVE ( 'NONE', #5073, #2234, #595, .T. ) ;
#2299 = ORIENTED_EDGE ( 'NONE', *, *, #5901, .F. ) ;
#2300 = EDGE_CURVE ( 'NONE', #748, #4220, #5165, .T. ) ;
#2301 = CARTESIAN_POINT ( 'NONE',  ( 20.24999999999998934, 0.000000000000000000, -28.00000000000000355 ) ) ;
#2302 = CARTESIAN_POINT ( 'NONE',  ( 22.50000000000000000, 0.000000000000000000, -2.000000000000000000 ) ) ;
#2303 = VECTOR ( 'NONE', #216, 1000.000000000000000 ) ;
#2304 = CARTESIAN_POINT ( 'NONE',  ( 1.500000000000003775, 5.000000000000000000, -13.99999999999999112 ) ) ;
#2305 = EDGE_LOOP ( 'NONE', ( #1959, #188, #2084, #2283 ) ) ;
#2306 = EDGE_LOOP ( 'NONE', ( #1898, #4360, #22, #2840 ) ) ;
#2307 = DIRECTION ( 'NONE',  ( 0.000000000000000000, -1.000000000000000000, 0.000000000000000000 ) ) ;
#2308 = VECTOR ( 'NONE', #5183, 1000.000000000000000 ) ;
#2309 = AXIS2_PLACEMENT_3D ( 'NONE', #5099, #3657, #315 ) ;
#2310 = CARTESIAN_POINT ( 'NONE',  ( 7.500000000000000888, 5.000000000000000000, -3.250000000000000444 ) ) ;
#2311 = ORIENTED_EDGE ( 'NONE', *, *, #524, .F. ) ;
#2312 = CARTESIAN_POINT ( 'NONE',  ( 15.49999999999999112, 0.000000000000000000, -4.750000000000004441 ) ) ;
#2313 = CARTESIAN_POINT ( 'NONE',  ( 6.500000000000000000, 1.500000000000000000, -9.000000000000000000 ) ) ;
#2314 = ORIENTED_EDGE ( 'NONE', *, *, #5413, .T. ) ;
#2315 = LINE ( 'NONE', #6057, #1015 ) ;
#2316 = CARTESIAN_POINT ( 'NONE',  ( 2.000000000000000000, 1.000000000000000000, -0.5000000000000000000 ) ) ;
#2317 = CARTESIAN_POINT ( 'NONE',  ( 23.00000000000000000, 1.500000000000000000, 0.000000000000000000 ) ) ;
#2318 = EDGE_CURVE ( 'NONE', #9, #70, #126, .T. ) ;
#2319 = VECTOR ( 'NONE', #6037, 1000.000000000000000 ) ;
#2320 = CARTESIAN_POINT ( 'NONE',  ( 20.99999999999999645, 0.000000000000000000, -2.000000000000000000 ) ) ;
#2321 = ORIENTED_EDGE ( 'NONE', *, *, #3388, .F. ) ;
#2322 = CARTESIAN_POINT ( 'NONE',  ( 14.50000000000004263, -5.501000000000002110, -17.49999999999999645 ) ) ;
#2323 = FACE_OUTER_BOUND ( 'NONE', #4340, .T. ) ;
#2324 = ORIENTED_EDGE ( 'NONE', *, *, #4217, .F. ) ;
#2325 = CARTESIAN_POINT ( 'NONE',  ( 23.00000000000000000, 1.000000000000000000, -2.000000000000000000 ) ) ;
#2326 = EDGE_CURVE ( 'NONE', #1364, #4068, #1990, .T. ) ;
#2327 = EDGE_LOOP ( 'NONE', ( #2536, #2230, #3493, #5984 ) ) ;
#2328 = LINE ( 'NONE', #2301, #2719 ) ;
#2329 = FACE_OUTER_BOUND ( 'NONE', #5305, .T. ) ;
#2330 = DIRECTION ( 'NONE',  ( 0.000000000000000000, 0.000000000000000000, 1.000000000000000000 ) ) ;
#2331 = ADVANCED_FACE ( 'NONE', ( #4243 ), #4616, .T. ) ;
#2332 = EDGE_LOOP ( 'NONE', ( #4079, #2157, #3341, #4211 ) ) ;
#2333 = ORIENTED_EDGE ( 'NONE', *, *, #4463, .T. ) ;
#2334 = ORIENTED_EDGE ( 'NONE', *, *, #319, .F. ) ;
#2335 = DIRECTION ( 'NONE',  ( 0.000000000000000000, 0.000000000000000000, 1.000000000000000000 ) ) ;
#2336 = VECTOR ( 'NONE', #2979, 1000.000000000000000 ) ;
#2337 = CARTESIAN_POINT ( 'NONE',  ( 19.50000000000002132, 0.000000000000000000, -19.99999999999999645 ) ) ;
#2338 = EDGE_CURVE ( 'NONE', #5298, #5304, #4783, .T. ) ;
#2339 = ORIENTED_EDGE ( 'NONE', *, *, #5187, .F. ) ;
#2340 = CARTESIAN_POINT ( 'NONE',  ( 12.99999999999995381, 0.000000000000000000, -4.999999999999990230 ) ) ;
#2341 = DIRECTION ( 'NONE',  ( 0.000000000000000000, 0.000000000000000000, -1.000000000000000000 ) ) ;
#2342 = EDGE_CURVE ( 'NONE', #2047, #1979, #5132, .T. ) ;
#2343 = VERTEX_POINT ( 'NONE', #1415 ) ;
#2344 = AXIS2_PLACEMENT_3D ( 'NONE', #3630, #894, #5524 ) ;
#2345 = FACE_OUTER_BOUND ( 'NONE', #3524, .T. ) ;
#2346 = CARTESIAN_POINT ( 'NONE',  ( 14.49999999999998757, 1.500000000000000000, -25.49999999999999645 ) ) ;
#2347 = DIRECTION ( 'NONE',  ( 1.000000000000000000, 0.000000000000000000, 0.000000000000000000 ) ) ;
#2348 = VERTEX_POINT ( 'NONE', #2826 ) ;
#2349 = DIRECTION ( 'NONE',  ( 0.000000000000000000, 0.000000000000000000, 1.000000000000000000 ) ) ;
#2350 = ORIENTED_EDGE ( 'NONE', *, *, #2864, .F. ) ;
#2351 = ADVANCED_FACE ( 'NONE', ( #2329 ), #471, .F. ) ;
#2352 = ORIENTED_EDGE ( 'NONE', *, *, #5561, .T. ) ;
#2353 = DIRECTION ( 'NONE',  ( 0.000000000000000000, 0.000000000000000000, -1.000000000000000000 ) ) ;
#2354 = CIRCLE ( 'NONE', #782, 0.5000000000000038858 ) ;
#2355 = DIRECTION ( 'NONE',  ( 0.000000000000000000, -1.000000000000000000, 0.000000000000000000 ) ) ;
#2356 = ORIENTED_EDGE ( 'NONE', *, *, #2960, .T. ) ;
#2357 = CARTESIAN_POINT ( 'NONE',  ( 15.49999999999999112, -5.500000000000000000, -4.750000000000004441 ) ) ;
#2358 = AXIS2_PLACEMENT_3D ( 'NONE', #892, #5039, #860 ) ;
#2359 = ORIENTED_EDGE ( 'NONE', *, *, #1322, .T. ) ;
#2360 = EDGE_CURVE ( 'NONE', #1778, #4615, #2881, .T. ) ;
#2361 = LINE ( 'NONE', #5164, #5274 ) ;
#2362 = PLANE ( 'NONE',  #407 ) ;
#2363 = DIRECTION ( 'NONE',  ( 0.000000000000000000, 0.000000000000000000, 1.000000000000000000 ) ) ;
#2364 = ORIENTED_EDGE ( 'NONE', *, *, #4437, .T. ) ;
#2365 = VERTEX_POINT ( 'NONE', #1500 ) ;
#2366 = CARTESIAN_POINT ( 'NONE',  ( 0.000000000000000000, 0.000000000000000000, 0.000000000000000000 ) ) ;
#2367 = AXIS2_PLACEMENT_3D ( 'NONE', #1670, #2956, #4861 ) ;
#2368 = AXIS2_PLACEMENT_3D ( 'NONE', #2433, #179, #1975 ) ;
#2369 = ADVANCED_FACE ( 'NONE', ( #1908 ), #6047, .T. ) ;
#2370 = DIRECTION ( 'NONE',  ( 0.000000000000000000, -1.000000000000000000, 0.000000000000000000 ) ) ;
#2371 = EDGE_LOOP ( 'NONE', ( #2741, #1067, #133, #1296 ) ) ;
#2372 = DIRECTION ( 'NONE',  ( -0.000000000000000000, 1.000000000000000000, -0.000000000000000000 ) ) ;
#2373 = PLANE ( 'NONE',  #680 ) ;
#2374 = AXIS2_PLACEMENT_3D ( 'NONE', #5057, #3738, #5742 ) ;
#2375 = ORIENTED_EDGE ( 'NONE', *, *, #2823, .F. ) ;
#2376 = CARTESIAN_POINT ( 'NONE',  ( 20.99999999999999645, 0.5000000000000000000, 0.000000000000000000 ) ) ;
#2377 = CARTESIAN_POINT ( 'NONE',  ( 23.00000000000000000, 1.500000000000000000, 0.000000000000000000 ) ) ;
#2378 = DIRECTION ( 'NONE',  ( 2.891205793294679312E-16, -0.000000000000000000, 1.000000000000000000 ) ) ;
#2379 = EDGE_CURVE ( 'NONE', #3926, #5338, #1155, .T. ) ;
#2380 = EDGE_LOOP ( 'NONE', ( #5376, #720, #1875, #6024 ) ) ;
#2381 = VERTEX_POINT ( 'NONE', #3780 ) ;
#2382 = ORIENTED_EDGE ( 'NONE', *, *, #4805, .F. ) ;
#2383 = FACE_BOUND ( 'NONE', #613, .T. ) ;
#2384 = CIRCLE ( 'NONE', #6010, 4.724999999999997868 ) ;
#2385 = LINE ( 'NONE', #5184, #2319 ) ;
#2386 = ORIENTED_EDGE ( 'NONE', *, *, #25, .T. ) ;
#2387 = DIRECTION ( 'NONE',  ( 0.000000000000000000, -0.000000000000000000, 1.000000000000000000 ) ) ;
#2388 = ORIENTED_EDGE ( 'NONE', *, *, #3337, .F. ) ;
#2389 = AXIS2_PLACEMENT_3D ( 'NONE', #3583, #774, #2645 ) ;
#2390 = CARTESIAN_POINT ( 'NONE',  ( 6.500000000000000000, 2.500000000000000000, -9.000000000000000000 ) ) ;
#2391 = CARTESIAN_POINT ( 'NONE',  ( 2.000000000000000000, 1.500000000000000000, -41.99999999999999289 ) ) ;
#2392 = DIRECTION ( 'NONE',  ( -0.000000000000000000, 1.000000000000000000, -0.000000000000000000 ) ) ;
#2393 = EDGE_CURVE ( 'NONE', #2264, #5122, #982, .T. ) ;
#2394 = EDGE_LOOP ( 'NONE', ( #2650, #1708, #2425, #4397 ) ) ;
#2395 = ORIENTED_EDGE ( 'NONE', *, *, #893, .F. ) ;
#2396 = CARTESIAN_POINT ( 'NONE',  ( 21.49999999999999645, 5.000000000000000000, -4.000000000000000888 ) ) ;
#2397 = CARTESIAN_POINT ( 'NONE',  ( 20.49999999999998934, 1.500000000000000000, -41.49999999999999289 ) ) ;
#2398 = EDGE_LOOP ( 'NONE', ( #4117, #3436, #885, #5411 ) ) ;
#2399 = AXIS2_PLACEMENT_3D ( 'NONE', #5186, #5158, #4298 ) ;
#2400 = PLANE ( 'NONE',  #1896 ) ;
#2401 = DIRECTION ( 'NONE',  ( 0.000000000000000000, 1.000000000000000000, 0.000000000000000000 ) ) ;
#2402 = ADVANCED_FACE ( 'NONE', ( #2849 ), #527, .T. ) ;
#2403 = AXIS2_PLACEMENT_3D ( 'NONE', #1227, #305, #2687 ) ;
#2404 = VERTEX_POINT ( 'NONE', #557 ) ;
#2405 = PLANE ( 'NONE',  #3952 ) ;
#2406 = CARTESIAN_POINT ( 'NONE',  ( 10.00000000000000355, 7.099999999999999645, -13.99999999999999289 ) ) ;
#2407 = AXIS2_PLACEMENT_3D ( 'NONE', #66, #35, #2411 ) ;
#2408 = CARTESIAN_POINT ( 'NONE',  ( 12.99999999999997691, 0.000000000000000000, -28.00000000000000000 ) ) ;
#2409 = EDGE_CURVE ( 'NONE', #300, #3161, #5071, .T. ) ;
#2410 = ORIENTED_EDGE ( 'NONE', *, *, #1022, .T. ) ;
#2411 = DIRECTION ( 'NONE',  ( 0.000000000000000000, 0.000000000000000000, 1.000000000000000000 ) ) ;
#2412 = CARTESIAN_POINT ( 'NONE',  ( 20.24999999999998934, 0.000000000000000000, -6.999999999999990230 ) ) ;
#2413 = ORIENTED_EDGE ( 'NONE', *, *, #4929, .T. ) ;
#2414 = DIRECTION ( 'NONE',  ( -1.163534038764931666E-16, 0.000000000000000000, -1.000000000000000000 ) ) ;
#2415 = EDGE_CURVE ( 'NONE', #2179, #2619, #3406, .T. ) ;
#2416 = VECTOR ( 'NONE', #1493, 1000.000000000000000 ) ;
#2417 = EDGE_LOOP ( 'NONE', ( #203, #4002, #3603, #1358 ) ) ;
#2418 = AXIS2_PLACEMENT_3D ( 'NONE', #1557, #3954, #4391 ) ;
#2419 = CYLINDRICAL_SURFACE ( 'NONE', #4489, 2.000000000000000000 ) ;
#2420 = DIRECTION ( 'NONE',  ( -0.000000000000000000, 1.000000000000000000, -0.000000000000000000 ) ) ;
#2421 = DIRECTION ( 'NONE',  ( 1.000000000000000000, -0.000000000000000000, -0.000000000000000000 ) ) ;
#2422 = VERTEX_POINT ( 'NONE', #3985 ) ;
#2423 = CIRCLE ( 'NONE', #3706, 1.300000000000002487 ) ;
#2424 = VERTEX_POINT ( 'NONE', #2569 ) ;
#2425 = ORIENTED_EDGE ( 'NONE', *, *, #4421, .F. ) ;
#2426 = EDGE_CURVE ( 'NONE', #3821, #2852, #4846, .T. ) ;
#2427 = DIRECTION ( 'NONE',  ( 0.000000000000000000, 0.000000000000000000, -1.000000000000000000 ) ) ;
#2428 = CYLINDRICAL_SURFACE ( 'NONE', #2434, 0.8500000000000007550 ) ;
#2429 = ORIENTED_EDGE ( 'NONE', *, *, #3216, .T. ) ;
#2430 = CARTESIAN_POINT ( 'NONE',  ( 2.000000000000000000, 1.500000000000000000, -41.99999999999999289 ) ) ;
#2431 = EDGE_CURVE ( 'NONE', #435, #5836, #3702, .T. ) ;
#2432 = CARTESIAN_POINT ( 'NONE',  ( 17.00000000000000000, 1.500000000000000000, -9.000000000000000000 ) ) ;
#2433 = CARTESIAN_POINT ( 'NONE',  ( -0.001000000000001000089, -2.399999999999999911, -4.999999999999990230 ) ) ;
#2434 = AXIS2_PLACEMENT_3D ( 'NONE', #1424, #1948, #3301 ) ;
#2435 = CARTESIAN_POINT ( 'NONE',  ( 13.99999999999998934, 0.5000000000000000000, -31.49999999999999289 ) ) ;
#2436 = EDGE_LOOP ( 'NONE', ( #1006, #3112, #1653, #252, #1594, #445 ) ) ;
#2437 = EDGE_CURVE ( 'NONE', #4429, #3316, #1937, .T. ) ;
#2438 = AXIS2_PLACEMENT_3D ( 'NONE', #3864, #5166, #5134 ) ;
#2439 = CARTESIAN_POINT ( 'NONE',  ( 11.49999999999995381, 1.387778780781445676E-14, -41.24999999999999289 ) ) ;
#2440 = LINE ( 'NONE', #4871, #1580 ) ;
#2441 = DIRECTION ( 'NONE',  ( 0.000000000000000000, -1.000000000000000000, 0.000000000000000000 ) ) ;
#2442 = ORIENTED_EDGE ( 'NONE', *, *, #3794, .T. ) ;
#2443 = ADVANCED_FACE ( 'NONE', ( #4419 ), #192, .T. ) ;
#2444 = EDGE_CURVE ( 'NONE', #3828, #2179, #5847, .T. ) ;
#2445 = CARTESIAN_POINT ( 'NONE',  ( 7.500000000000000888, 5.000000000000000000, -39.99999999999999289 ) ) ;
#2446 = DIRECTION ( 'NONE',  ( -0.000000000000000000, 1.000000000000000000, -0.000000000000000000 ) ) ;
#2447 = CIRCLE ( 'NONE', #3439, 1.500000000000001332 ) ;
#2448 = FACE_OUTER_BOUND ( 'NONE', #4808, .T. ) ;
#2449 = EDGE_LOOP ( 'NONE', ( #1036, #678, #2429, #1512 ) ) ;
#2450 = ORIENTED_EDGE ( 'NONE', *, *, #5042, .F. ) ;
#2451 = ORIENTED_EDGE ( 'NONE', *, *, #5227, .F. ) ;
#2452 = DIRECTION ( 'NONE',  ( 0.000000000000000000, 0.000000000000000000, -1.000000000000000000 ) ) ;
#2453 = ORIENTED_EDGE ( 'NONE', *, *, #1149, .T. ) ;
#2454 = DIRECTION ( 'NONE',  ( 1.000000000000000000, 0.000000000000000000, 0.000000000000000000 ) ) ;
#2455 = CARTESIAN_POINT ( 'NONE',  ( 13.74999999999997691, -1.600000000000000089, -28.00000000000000000 ) ) ;
#2456 = AXIS2_PLACEMENT_3D ( 'NONE', #2087, #3968, #5046 ) ;
#2457 = VECTOR ( 'NONE', #3613, 1000.000000000000000 ) ;
#2458 = ORIENTED_EDGE ( 'NONE', *, *, #4700, .F. ) ;
#2459 = CARTESIAN_POINT ( 'NONE',  ( 1.500000000000000444, 3.799999999999999822, -4.750000000000000888 ) ) ;
#2460 = LINE ( 'NONE', #4344, #441 ) ;
#2461 = VECTOR ( 'NONE', #3937, 1000.000000000000000 ) ;
#2462 = DIRECTION ( 'NONE',  ( 1.000000000000000000, 0.000000000000000000, 0.000000000000000000 ) ) ;
#2463 = DIRECTION ( 'NONE',  ( -1.000000000000000000, 0.000000000000000000, 8.462065736472232314E-17 ) ) ;
#2464 = EDGE_CURVE ( 'NONE', #868, #4429, #1346, .T. ) ;
#2465 = EDGE_LOOP ( 'NONE', ( #3054, #362, #2851, #5989 ) ) ;
#2466 = EDGE_LOOP ( 'NONE', ( #560, #3247, #2610, #4280 ) ) ;
#2467 = CARTESIAN_POINT ( 'NONE',  ( 18.49999999999999645, 3.799999999999999822, -39.24999999999999289 ) ) ;
#2468 = LINE ( 'NONE', #5273, #514 ) ;
#2469 = DIRECTION ( 'NONE',  ( 0.000000000000000000, 0.000000000000000000, -1.000000000000000000 ) ) ;
#2470 = EDGE_CURVE ( 'NONE', #3651, #711, #4911, .T. ) ;
#2471 = ORIENTED_EDGE ( 'NONE', *, *, #4291, .F. ) ;
#2472 = CIRCLE ( 'NONE', #925, 0.5000000000000000000 ) ;
#2473 = CARTESIAN_POINT ( 'NONE',  ( 19.49999999999998579, 1.500000000000000000, -25.49999999999999645 ) ) ;
#2474 = CARTESIAN_POINT ( 'NONE',  ( 0.000000000000000000, -4.099999999999997868, -24.89999999999999858 ) ) ;
#2475 = CARTESIAN_POINT ( 'NONE',  ( 14.50000000000004263, 0.000000000000000000, -18.00000000000000000 ) ) ;
#2476 = AXIS2_PLACEMENT_3D ( 'NONE', #804, #1246, #5417 ) ;
#2477 = ADVANCED_FACE ( 'NONE', ( #5341 ), #1654, .T. ) ;
#2478 = EDGE_LOOP ( 'NONE', ( #4913, #3807, #3100, #806 ) ) ;
#2479 = ORIENTED_EDGE ( 'NONE', *, *, #5112, .F. ) ;
#2480 = DIRECTION ( 'NONE',  ( 0.000000000000000000, 0.000000000000000000, 1.000000000000000000 ) ) ;
#2481 = EDGE_LOOP ( 'NONE', ( #499, #4991, #1417, #5684 ) ) ;
#2482 = CARTESIAN_POINT ( 'NONE',  ( 13.74999999999997691, 0.000000000000000000, -28.00000000000000000 ) ) ;
#2483 = DIRECTION ( 'NONE',  ( 0.000000000000000000, 0.000000000000000000, -1.000000000000000000 ) ) ;
#2484 = PLANE ( 'NONE',  #3722 ) ;
#2485 = ORIENTED_EDGE ( 'NONE', *, *, #803, .T. ) ;
#2486 = DIRECTION ( 'NONE',  ( 0.000000000000000000, 0.000000000000000000, 1.000000000000000000 ) ) ;
#2487 = CARTESIAN_POINT ( 'NONE',  ( 1.500000000000000666, 5.000000000000000000, -39.99999999999999289 ) ) ;
#2488 = DIRECTION ( 'NONE',  ( 1.000000000000000000, 0.000000000000000000, 0.000000000000000000 ) ) ;
#2489 = VECTOR ( 'NONE', #3743, 1000.000000000000000 ) ;
#2490 = DIRECTION ( 'NONE',  ( -1.000000000000000000, 0.000000000000000000, 0.000000000000000000 ) ) ;
#2491 = VERTEX_POINT ( 'NONE', #2972 ) ;
#2492 = ORIENTED_EDGE ( 'NONE', *, *, #2470, .F. ) ;
#2493 = ORIENTED_EDGE ( 'NONE', *, *, #5174, .T. ) ;
#2494 = CIRCLE ( 'NONE', #3099, 0.5000000000000038858 ) ;
#2495 = EDGE_CURVE ( 'NONE', #3166, #5625, #3507, .T. ) ;
#2496 = DIRECTION ( 'NONE',  ( 0.000000000000000000, 1.000000000000000000, 0.000000000000000000 ) ) ;
#2497 = DIRECTION ( 'NONE',  ( 0.000000000000000000, 0.000000000000000000, -1.000000000000000000 ) ) ;
#2498 = ORIENTED_EDGE ( 'NONE', *, *, #881, .F. ) ;
#2499 = CARTESIAN_POINT ( 'NONE',  ( 0.000000000000000000, 0.5000000000000000000, -2.000000000000000000 ) ) ;
#2500 = ORIENTED_EDGE ( 'NONE', *, *, #3897, .T. ) ;
#2501 = EDGE_LOOP ( 'NONE', ( #5472, #4876, #5859, #2938 ) ) ;
#2502 = DIRECTION ( 'NONE',  ( 0.000000000000000000, 0.000000000000000000, -1.000000000000000000 ) ) ;
#2503 = EDGE_CURVE ( 'NONE', #2786, #4760, #3798, .T. ) ;
#2504 = CARTESIAN_POINT ( 'NONE',  ( 6.500000000000000888, 2.500000000000000000, -4.275000000000011013 ) ) ;
#2505 = CARTESIAN_POINT ( 'NONE',  ( 10.49999999999995559, 1.404432126150823024E-14, -41.24999999999999289 ) ) ;
#2506 = ORIENTED_EDGE ( 'NONE', *, *, #3808, .F. ) ;
#2507 = DIRECTION ( 'NONE',  ( -1.000000000000000222, -9.614743516583593966E-16, -5.551115123125804889E-17 ) ) ;
#2508 = VERTEX_POINT ( 'NONE', #2474 ) ;
#2509 = LINE ( 'NONE', #3072, #4176 ) ;
#2510 = VERTEX_POINT ( 'NONE', #3537 ) ;
#2511 = ADVANCED_FACE ( 'NONE', ( #1197 ), #4451, .T. ) ;
#2512 = DIRECTION ( 'NONE',  ( -5.551115123125804889E-17, -1.000000000000000000, -2.775557561562891351E-16 ) ) ;
#2513 = DIRECTION ( 'NONE',  ( -0.000000000000000000, 1.000000000000000000, -0.000000000000000000 ) ) ;
#2514 = AXIS2_PLACEMENT_3D ( 'NONE', #5950, #4020, #3163 ) ;
#2515 = EDGE_LOOP ( 'NONE', ( #4491, #2149, #4501, #1023, #350, #2756, #5753, #3380, #1905, #1208, #5676, #583, #2092, #5734, #1572, #4690, #4735, #4202, #5775, #2879 ) ) ;
#2516 = ORIENTED_EDGE ( 'NONE', *, *, #1308, .F. ) ;
#2517 = LINE ( 'NONE', #4402, #3162 ) ;
#2518 = LINE ( 'NONE', #4027, #3253 ) ;
#2519 = EDGE_CURVE ( 'NONE', #3064, #4255, #643, .T. ) ;
#2520 = FACE_BOUND ( 'NONE', #2663, .T. ) ;
#2521 = CARTESIAN_POINT ( 'NONE',  ( 20.99999999999999645, 0.000000000000000000, -43.50000000000000000 ) ) ;
#2522 = DIRECTION ( 'NONE',  ( -0.000000000000000000, 1.000000000000000000, -0.000000000000000000 ) ) ;
#2523 = ADVANCED_FACE ( 'NONE', ( #3893 ), #3036, .F. ) ;
#2524 = DIRECTION ( 'NONE',  ( 1.000000000000000000, 0.000000000000000000, -6.505213034913030302E-17 ) ) ;
#2525 = VERTEX_POINT ( 'NONE', #5730 ) ;
#2526 = FACE_OUTER_BOUND ( 'NONE', #5921, .T. ) ;
#2527 = CYLINDRICAL_SURFACE ( 'NONE', #5991, 2.000000000000000000 ) ;
#2528 = CARTESIAN_POINT ( 'NONE',  ( 1.500000000000000222, -5.500000000000000000, -1.500000000000000000 ) ) ;
#2529 = ORIENTED_EDGE ( 'NONE', *, *, #4627, .F. ) ;
#2530 = EDGE_CURVE ( 'NONE', #182, #4267, #2137, .T. ) ;
#2531 = VECTOR ( 'NONE', #4551, 1000.000000000000000 ) ;
#2532 = CARTESIAN_POINT ( 'NONE',  ( 0.000000000000000000, 1.500000000000000000, 0.000000000000000000 ) ) ;
#2533 = FACE_OUTER_BOUND ( 'NONE', #75, .T. ) ;
#2534 = VERTEX_POINT ( 'NONE', #3408 ) ;
#2535 = CARTESIAN_POINT ( 'NONE',  ( 18.49999999999999645, 3.799999999999999822, -4.750000000000000888 ) ) ;
#2536 = ORIENTED_EDGE ( 'NONE', *, *, #1151, .F. ) ;
#2537 = EDGE_CURVE ( 'NONE', #4112, #1275, #4880, .T. ) ;
#2538 =( NAMED_UNIT ( * ) SI_UNIT ( $, .STERADIAN. ) SOLID_ANGLE_UNIT ( ) );
#2539 = ORIENTED_EDGE ( 'NONE', *, *, #4291, .T. ) ;
#2540 = VECTOR ( 'NONE', #495, 1000.000000000000000 ) ;
#2541 = LINE ( 'NONE', #2078, #3101 ) ;
#2542 = EDGE_LOOP ( 'NONE', ( #1085, #1107, #2126, #462 ) ) ;
#2543 = DIRECTION ( 'NONE',  ( 0.000000000000000000, -1.000000000000000000, 0.000000000000000000 ) ) ;
#2544 = PRODUCT_DEFINITION_SHAPE ( 'NONE', 'NONE',  #3716 ) ;
#2545 = CIRCLE ( 'NONE', #3921, 0.5000000000000004441 ) ;
#2546 = FILL_AREA_STYLE ('',( #3044 ) ) ;
#2547 = ORIENTED_EDGE ( 'NONE', *, *, #4326, .F. ) ;
#2548 = ORIENTED_EDGE ( 'NONE', *, *, #5231, .T. ) ;
#2549 = ADVANCED_FACE ( 'NONE', ( #2533 ), #2073, .F. ) ;
#2550 = FACE_OUTER_BOUND ( 'NONE', #3670, .T. ) ;
#2551 = DIRECTION ( 'NONE',  ( -0.000000000000000000, -0.000000000000000000, 1.000000000000000000 ) ) ;
#2552 = CARTESIAN_POINT ( 'NONE',  ( 2.000000000000000000, -5.500000000000000000, 0.000000000000000000 ) ) ;
#2553 = DIRECTION ( 'NONE',  ( 1.000000000000000000, -0.000000000000000000, -0.000000000000000000 ) ) ;
#2554 = CARTESIAN_POINT ( 'NONE',  ( 15.49999999999999112, -5.500000000000000000, -39.24999999999999289 ) ) ;
#2555 = EDGE_CURVE ( 'NONE', #980, #4810, #2614, .T. ) ;
#2556 = EDGE_LOOP ( 'NONE', ( #3399, #5140, #5061, #4562 ) ) ;
#2557 = VECTOR ( 'NONE', #5364, 1000.000000000000000 ) ;
#2558 = CARTESIAN_POINT ( 'NONE',  ( 1.500000000000005107, 5.000000000000000000, -2.500000000000002220 ) ) ;
#2559 = ORIENTED_EDGE ( 'NONE', *, *, #2998, .F. ) ;
#2560 = DIRECTION ( 'NONE',  ( 0.000000000000000000, 0.000000000000000000, -1.000000000000000000 ) ) ;
#2561 = LINE ( 'NONE', #3918, #3158 ) ;
#2562 = ORIENTED_EDGE ( 'NONE', *, *, #433, .F. ) ;
#2563 = PLANE ( 'NONE',  #453 ) ;
#2564 = VECTOR ( 'NONE', #1771, 1000.000000000000000 ) ;
#2565 = EDGE_CURVE ( 'NONE', #402, #851, #853, .T. ) ;
#2566 = CARTESIAN_POINT ( 'NONE',  ( -0.001000000000001000089, -5.499999999999982236, -4.999999999999990230 ) ) ;
#2567 = ORIENTED_EDGE ( 'NONE', *, *, #1125, .T. ) ;
#2568 = CARTESIAN_POINT ( 'NONE',  ( 0.000000000000000000, 3.799999999999999822, -44.00000000000000000 ) ) ;
#2569 = CARTESIAN_POINT ( 'NONE',  ( 21.49999999999999289, 1.500000000000000000, -41.49999999999999289 ) ) ;
#2570 = ORIENTED_EDGE ( 'NONE', *, *, #86, .T. ) ;
#2571 = DIRECTION ( 'NONE',  ( 0.000000000000000000, -1.000000000000000000, 0.000000000000000000 ) ) ;
#2572 = AXIS2_PLACEMENT_3D ( 'NONE', #5885, #4949, #2144 ) ;
#2573 = ORIENTED_EDGE ( 'NONE', *, *, #857, .T. ) ;
#2574 = VERTEX_POINT ( 'NONE', #1776 ) ;
#2575 = CARTESIAN_POINT ( 'NONE',  ( 23.00000000000000000, 3.809999976158148005, -19.09999999999999787 ) ) ;
#2576 = DIRECTION ( 'NONE',  ( -1.000000000000000000, -0.000000000000000000, -0.000000000000000000 ) ) ;
#2577 = VECTOR ( 'NONE', #2553, 1000.000000000000000 ) ;
#2578 = EDGE_CURVE ( 'NONE', #1413, #5850, #5483, .T. ) ;
#2579 = VECTOR ( 'NONE', #2716, 1000.000000000000000 ) ;
#2580 = VERTEX_POINT ( 'NONE', #5000 ) ;
#2581 = ORIENTED_EDGE ( 'NONE', *, *, #5199, .T. ) ;
#2582 = DIRECTION ( 'NONE',  ( 0.000000000000000000, 0.000000000000000000, -1.000000000000000000 ) ) ;
#2583 = ORIENTED_EDGE ( 'NONE', *, *, #1350, .T. ) ;
#2584 = DIRECTION ( 'NONE',  ( 1.000000000000000000, 0.000000000000000000, 0.000000000000000000 ) ) ;
#2585 = CARTESIAN_POINT ( 'NONE',  ( 20.49999999999998934, 0.000000000000000000, -1.500000000000000000 ) ) ;
#2586 = EDGE_CURVE ( 'NONE', #5058, #4820, #4541, .T. ) ;
#2587 = CARTESIAN_POINT ( 'NONE',  ( 15.49999999999999112, -11.86396103067893293, -4.750000000000004441 ) ) ;
#2588 = DIRECTION ( 'NONE',  ( -5.551115123125804889E-17, -1.000000000000000000, -2.775557561562891351E-16 ) ) ;
#2589 = ORIENTED_EDGE ( 'NONE', *, *, #376, .T. ) ;
#2590 = CARTESIAN_POINT ( 'NONE',  ( 2.000000000000000000, 1.500000000000000000, -43.50000000000000000 ) ) ;
#2591 = CIRCLE ( 'NONE', #5534, 0.5000000000000038858 ) ;
#2592 = EDGE_CURVE ( 'NONE', #1170, #3541, #4575, .T. ) ;
#2593 = DIRECTION ( 'NONE',  ( 1.000000000000000000, 0.000000000000000000, 0.000000000000000000 ) ) ;
#2594 = DIRECTION ( 'NONE',  ( -0.000000000000000000, 1.000000000000000000, -0.000000000000000000 ) ) ;
#2595 = EDGE_LOOP ( 'NONE', ( #2324, #1540, #137, #4422 ) ) ;
#2596 = LINE ( 'NONE', #4075, #1135 ) ;
#2597 = DIRECTION ( 'NONE',  ( -0.000000000000000000, 1.000000000000000000, -0.000000000000000000 ) ) ;
#2598 = AXIS2_PLACEMENT_3D ( 'NONE', #4464, #324, #5325 ) ;
#2599 = VECTOR ( 'NONE', #4486, 1000.000000000000000 ) ;
#2600 = CYLINDRICAL_SURFACE ( 'NONE', #5353, 1.500000000000001332 ) ;
#2601 = CARTESIAN_POINT ( 'NONE',  ( 1.500000000000000444, 3.799999999999999822, -39.24999999999999289 ) ) ;
#2602 = ORIENTED_EDGE ( 'NONE', *, *, #169, .F. ) ;
#2603 = DIRECTION ( 'NONE',  ( 0.000000000000000000, 0.000000000000000000, -1.000000000000000000 ) ) ;
#2604 = VERTEX_POINT ( 'NONE', #2630 ) ;
#2605 = CARTESIAN_POINT ( 'NONE',  ( 23.00100000000000122, -4.099999999999997868, -24.89999999999999858 ) ) ;
#2606 = CARTESIAN_POINT ( 'NONE',  ( 21.49999999999999645, 1.500000000000000000, -39.24999999999999289 ) ) ;
#2607 = PLANE ( 'NONE',  #1658 ) ;
#2608 = CIRCLE ( 'NONE', #3404, 1.850000000000000977 ) ;
#2609 = ORIENTED_EDGE ( 'NONE', *, *, #5525, .F. ) ;
#2610 = ORIENTED_EDGE ( 'NONE', *, *, #5774, .F. ) ;
#2611 = CARTESIAN_POINT ( 'NONE',  ( 6.500000000000000000, 2.500000000000000000, -9.000000000000000000 ) ) ;
#2612 = EDGE_CURVE ( 'NONE', #3739, #1778, #4110, .T. ) ;
#2613 = DIRECTION ( 'NONE',  ( 0.000000000000000000, 0.000000000000000000, 1.000000000000000000 ) ) ;
#2614 = CIRCLE ( 'NONE', #2715, 1.000000000000000000 ) ;
#2615 = LINE ( 'NONE', #5863, #712 ) ;
#2616 = CARTESIAN_POINT ( 'NONE',  ( 7.500000000000000888, 5.000000000000000000, -4.000000000000001776 ) ) ;
#2617 = ADVANCED_FACE ( 'NONE', ( #2201 ), #5430, .T. ) ;
#2618 = CARTESIAN_POINT ( 'NONE',  ( 19.50000000000002132, -0.000000000000000000, -19.49999999999999645 ) ) ;
#2619 = VERTEX_POINT ( 'NONE', #2233 ) ;
#2620 = AXIS2_PLACEMENT_3D ( 'NONE', #3255, #493, #4177 ) ;
#2621 = ADVANCED_FACE ( 'NONE', ( #3221 ), #761, .T. ) ;
#2622 = CARTESIAN_POINT ( 'NONE',  ( 2.500000000000005329, 1.500000000000000000, -2.500000000000002220 ) ) ;
#2623 = DIRECTION ( 'NONE',  ( -1.000000000000000000, -0.000000000000000000, -0.000000000000000000 ) ) ;
#2624 = DIRECTION ( 'NONE',  ( 0.000000000000000000, 0.000000000000000000, -1.000000000000000000 ) ) ;
#2625 = DIRECTION ( 'NONE',  ( 0.000000000000000000, 1.000000000000000000, -0.000000000000000000 ) ) ;
#2626 = VECTOR ( 'NONE', #2023, 1000.000000000000000 ) ;
#2627 = CARTESIAN_POINT ( 'NONE',  ( 12.99999999999997513, -1.600000000000000089, -30.00000000000000000 ) ) ;
#2628 = EDGE_CURVE ( 'NONE', #321, #5050, #3157, .T. ) ;
#2629 = DIRECTION ( 'NONE',  ( -0.000000000000000000, -1.000000000000000000, -0.000000000000000000 ) ) ;
#2630 = CARTESIAN_POINT ( 'NONE',  ( 21.49999999999999289, 0.000000000000000000, -40.74999999999999289 ) ) ;
#2631 = ORIENTED_EDGE ( 'NONE', *, *, #3033, .F. ) ;
#2632 = DIRECTION ( 'NONE',  ( 0.000000000000000000, 0.000000000000000000, -1.000000000000000000 ) ) ;
#2633 = EDGE_CURVE ( 'NONE', #3236, #5312, #5032, .T. ) ;
#2634 = ORIENTED_EDGE ( 'NONE', *, *, #1025, .F. ) ;
#2635 = VECTOR ( 'NONE', #1116, 1000.000000000000000 ) ;
#2636 = ADVANCED_FACE ( 'NONE', ( #3652 ), #823, .F. ) ;
#2637 = CARTESIAN_POINT ( 'NONE',  ( 21.49999999999999289, -11.86396103067893293, -3.250000000000002665 ) ) ;
#2638 = FACE_OUTER_BOUND ( 'NONE', #2210, .T. ) ;
#2639 = AXIS2_PLACEMENT_3D ( 'NONE', #1530, #5848, #2017 ) ;
#2640 = DIRECTION ( 'NONE',  ( 0.000000000000000000, 0.000000000000000000, 1.000000000000000000 ) ) ;
#2641 = EDGE_LOOP ( 'NONE', ( #3367, #1805, #2953, #122 ) ) ;
#2642 = PLANE ( 'NONE',  #802 ) ;
#2643 = DIRECTION ( 'NONE',  ( 0.000000000000000000, 0.000000000000000000, -1.000000000000000000 ) ) ;
#2644 = FACE_BOUND ( 'NONE', #1485, .T. ) ;
#2645 = DIRECTION ( 'NONE',  ( 0.000000000000000000, 0.000000000000000000, -1.000000000000000000 ) ) ;
#2646 = VECTOR ( 'NONE', #289, 1000.000000000000000 ) ;
#2647 = EDGE_CURVE ( 'NONE', #4615, #2772, #4013, .T. ) ;
#2648 = DIRECTION ( 'NONE',  ( 0.000000000000000000, 1.000000000000000000, 0.000000000000000000 ) ) ;
#2649 = ORIENTED_EDGE ( 'NONE', *, *, #5102, .F. ) ;
#2650 = ORIENTED_EDGE ( 'NONE', *, *, #25, .F. ) ;
#2651 = DIRECTION ( 'NONE',  ( -1.000000000000000000, 0.000000000000000000, 0.000000000000000000 ) ) ;
#2652 = DIRECTION ( 'NONE',  ( 0.000000000000000000, 0.000000000000000000, 1.000000000000000000 ) ) ;
#2653 = FACE_OUTER_BOUND ( 'NONE', #4381, .T. ) ;
#2654 = EDGE_CURVE ( 'NONE', #2093, #862, #5514, .T. ) ;
#2655 = VECTOR ( 'NONE', #775, 1000.000000000000000 ) ;
#2656 = LINE ( 'NONE', #2165, #1977 ) ;
#2657 = DIRECTION ( 'NONE',  ( 0.000000000000000000, -0.000000000000000000, 1.000000000000000000 ) ) ;
#2658 = PLANE ( 'NONE',  #1739 ) ;
#2659 = AXIS2_PLACEMENT_3D ( 'NONE', #3019, #5322, #5860 ) ;
#2660 = ORIENTED_EDGE ( 'NONE', *, *, #1613, .F. ) ;
#2661 = DIRECTION ( 'NONE',  ( -1.000000000000000000, -0.000000000000000000, -0.000000000000000000 ) ) ;
#2662 = EDGE_CURVE ( 'NONE', #4521, #3405, #4769, .T. ) ;
#2663 = EDGE_LOOP ( 'NONE', ( #225, #3958, #3850, #168, #5181, #640 ) ) ;
#2664 = PRESENTATION_LAYER_ASSIGNMENT (  '', '', ( #1792 ) ) ;
#2665 = CARTESIAN_POINT ( 'NONE',  ( 14.49999999999999467, -5.501000000000002110, -23.49999999999999289 ) ) ;
#2666 = DIRECTION ( 'NONE',  ( 1.000000000000000000, 0.000000000000000000, 0.000000000000000000 ) ) ;
#2667 = CYLINDRICAL_SURFACE ( 'NONE', #4210, 0.5000000000000038858 ) ;
#2668 = ADVANCED_FACE ( 'NONE', ( #3103 ), #2658, .T. ) ;
#2669 = ORIENTED_EDGE ( 'NONE', *, *, #3189, .T. ) ;
#2670 = ORIENTED_EDGE ( 'NONE', *, *, #5856, .F. ) ;
#2671 = EDGE_LOOP ( 'NONE', ( #5253, #1024, #2807, #2141 ) ) ;
#2672 = VECTOR ( 'NONE', #2372, 1000.000000000000000 ) ;
#2673 = LINE ( 'NONE', #4761, #1589 ) ;
#2674 = DIRECTION ( 'NONE',  ( 1.000000000000000000, 0.000000000000000000, -2.891205793294679312E-16 ) ) ;
#2675 = AXIS2_PLACEMENT_3D ( 'NONE', #3770, #5206, #5634 ) ;
#2676 = ORIENTED_EDGE ( 'NONE', *, *, #857, .F. ) ;
#2677 = CIRCLE ( 'NONE', #4546, 0.5000000000000000000 ) ;
#2678 = DIRECTION ( 'NONE',  ( 0.000000000000000000, 0.000000000000000000, -1.000000000000000000 ) ) ;
#2679 = EDGE_CURVE ( 'NONE', #1364, #1921, #2726, .T. ) ;
#2680 = DIRECTION ( 'NONE',  ( -0.000000000000000000, 1.000000000000000000, -0.000000000000000000 ) ) ;
#2681 = CARTESIAN_POINT ( 'NONE',  ( 14.50000000000002132, 1.500000000000000000, -20.50000000000000355 ) ) ;
#2682 = AXIS2_PLACEMENT_3D ( 'NONE', #903, #5563, #5906 ) ;
#2683 = ORIENTED_EDGE ( 'NONE', *, *, #5180, .T. ) ;
#2684 = ORIENTED_EDGE ( 'NONE', *, *, #4179, .F. ) ;
#2685 = DIRECTION ( 'NONE',  ( 1.000000000000000000, 0.000000000000000000, 1.445602896647338177E-16 ) ) ;
#2686 = CARTESIAN_POINT ( 'NONE',  ( 21.49999999999999289, -5.500000000000000000, -29.99999999999999289 ) ) ;
#2687 = DIRECTION ( 'NONE',  ( -1.000000000000000000, 0.000000000000000000, -0.000000000000000000 ) ) ;
#2688 = DIRECTION ( 'NONE',  ( -1.000000000000000000, 1.665334536937717061E-16, 0.000000000000000000 ) ) ;
#2689 = AXIS2_PLACEMENT_3D ( 'NONE', #1646, #2651, #5332 ) ;
#2690 = ORIENTED_EDGE ( 'NONE', *, *, #54, .F. ) ;
#2691 = VECTOR ( 'NONE', #5128, 1000.000000000000000 ) ;
#2692 = EDGE_CURVE ( 'NONE', #4470, #1378, #954, .T. ) ;
#2693 = DIRECTION ( 'NONE',  ( 0.000000000000000000, 0.000000000000000000, -1.000000000000000000 ) ) ;
#2694 = EDGE_LOOP ( 'NONE', ( #3415, #4910, #3598, #4666 ) ) ;
#2695 = CARTESIAN_POINT ( 'NONE',  ( 2.000000000000000000, 0.000000000000000000, -41.99999999999999289 ) ) ;
#2696 = CARTESIAN_POINT ( 'NONE',  ( 21.49999999999999645, 5.000000000000000000, -17.80466220419335599 ) ) ;
#2697 = VECTOR ( 'NONE', #2347, 1000.000000000000000 ) ;
#2698 = ORIENTED_EDGE ( 'NONE', *, *, #1643, .F. ) ;
#2699 = EDGE_CURVE ( 'NONE', #4220, #934, #77, .T. ) ;
#2700 = LINE ( 'NONE', #5435, #1033 ) ;
#2701 = CARTESIAN_POINT ( 'NONE',  ( 2.500000000000005329, 5.000000000000000000, -2.500000000000002220 ) ) ;
#2702 = VECTOR ( 'NONE', #3311, 1000.000000000000000 ) ;
#2703 = CARTESIAN_POINT ( 'NONE',  ( 0.000000000000000000, 1.500000000000000000, -41.99999999999999289 ) ) ;
#2704 = EDGE_LOOP ( 'NONE', ( #4718, #3266, #5243, #5182 ) ) ;
#2705 = ORIENTED_EDGE ( 'NONE', *, *, #5026, .T. ) ;
#2706 = DIRECTION ( 'NONE',  ( 1.000000000000000000, 0.000000000000000000, 0.000000000000000000 ) ) ;
#2707 = EDGE_CURVE ( 'NONE', #832, #3349, #1866, .T. ) ;
#2708 = FACE_OUTER_BOUND ( 'NONE', #4490, .T. ) ;
#2709 = EDGE_LOOP ( 'NONE', ( #4837, #1936, #854, #1196 ) ) ;
#2710 = CARTESIAN_POINT ( 'NONE',  ( 7.500000000000000888, 3.799999999999999822, -4.750000000000000888 ) ) ;
#2711 = CIRCLE ( 'NONE', #4481, 1.500000000000000444 ) ;
#2712 = CARTESIAN_POINT ( 'NONE',  ( 21.49999999999999289, -5.500000000000000000, -1.500000000000000000 ) ) ;
#2713 = ORIENTED_EDGE ( 'NONE', *, *, #1558, .F. ) ;
#2714 = ADVANCED_FACE ( 'NONE', ( #3712 ), #3803, .F. ) ;
#2715 = AXIS2_PLACEMENT_3D ( 'NONE', #1808, #1230, #1314 ) ;
#2716 = DIRECTION ( 'NONE',  ( -0.000000000000000000, 1.000000000000000000, -0.000000000000000000 ) ) ;
#2717 = DIRECTION ( 'NONE',  ( 0.000000000000000000, 0.000000000000000000, -1.000000000000000000 ) ) ;
#2718 = CARTESIAN_POINT ( 'NONE',  ( 21.49999999999999645, 3.799999999999999822, -4.750000000000001776 ) ) ;
#2719 = VECTOR ( 'NONE', #98, 1000.000000000000000 ) ;
#2720 = DIRECTION ( 'NONE',  ( 0.000000000000000000, -1.000000000000000000, 0.000000000000000000 ) ) ;
#2721 = EDGE_LOOP ( 'NONE', ( #4221, #5333, #1000, #3990 ) ) ;
#2722 = ORIENTED_EDGE ( 'NONE', *, *, #1613, .T. ) ;
#2723 = ORIENTED_EDGE ( 'NONE', *, *, #284, .F. ) ;
#2724 = CARTESIAN_POINT ( 'NONE',  ( 11.49999999999995381, 1.500000000000000000, -41.24999999999999289 ) ) ;
#2725 = ORIENTED_EDGE ( 'NONE', *, *, #2056, .F. ) ;
#2726 = LINE ( 'NONE', #1684, #2815 ) ;
#2727 = CARTESIAN_POINT ( 'NONE',  ( 11.50000000000000178, 0.000000000000000000, -1.900000000000001688 ) ) ;
#2728 = ADVANCED_FACE ( 'NONE', ( #3773 ), #1838, .F. ) ;
#2729 = VERTEX_POINT ( 'NONE', #4749 ) ;
#2730 = SHAPE_DEFINITION_REPRESENTATION ( #2544, #1692 ) ;
#2731 = DIRECTION ( 'NONE',  ( 1.000000000000000000, 0.000000000000000000, -0.000000000000000000 ) ) ;
#2732 = CARTESIAN_POINT ( 'NONE',  ( 19.50000000000000000, -0.000000000000000000, -21.49999999999999645 ) ) ;
#2733 = DIRECTION ( 'NONE',  ( -1.000000000000000000, -0.000000000000000000, -0.000000000000000000 ) ) ;
#2734 = VECTOR ( 'NONE', #4583, 1000.000000000000000 ) ;
#2735 = ADVANCED_FACE ( 'NONE', ( #4266, #3741, #5209 ), #975, .F. ) ;
#2736 = VERTEX_POINT ( 'NONE', #2843 ) ;
#2737 = VERTEX_POINT ( 'NONE', #1004 ) ;
#2738 = DIRECTION ( 'NONE',  ( 1.000000000000000000, 0.000000000000000000, 0.000000000000000000 ) ) ;
#2739 = EDGE_LOOP ( 'NONE', ( #5556, #5258, #5648, #3920 ) ) ;
#2740 = PLANE ( 'NONE',  #211 ) ;
#2741 = ORIENTED_EDGE ( 'NONE', *, *, #391, .F. ) ;
#2742 = VECTOR ( 'NONE', #1593, 1000.000000000000000 ) ;
#2743 = DIRECTION ( 'NONE',  ( 0.000000000000000000, -0.000000000000000000, -1.000000000000000000 ) ) ;
#2744 = CARTESIAN_POINT ( 'NONE',  ( 1.500000000000003775, 6.099999999999999645, -13.99999999999999112 ) ) ;
#2745 = PLANE ( 'NONE',  #4816 ) ;
#2746 = VERTEX_POINT ( 'NONE', #5575 ) ;
#2747 = LINE ( 'NONE', #3672, #721 ) ;
#2748 = VECTOR ( 'NONE', #3290, 1000.000000000000000 ) ;
#2749 = EDGE_CURVE ( 'NONE', #663, #4521, #3312, .T. ) ;
#2750 = CARTESIAN_POINT ( 'NONE',  ( 19.49999999999999289, -0.000000000000000000, -23.49999999999999289 ) ) ;
#2751 = DIRECTION ( 'NONE',  ( 1.000000000000000000, 0.000000000000000000, 0.000000000000000000 ) ) ;
#2752 = ADVANCED_FACE ( 'NONE', ( #2323 ), #5665, .F. ) ;
#2753 = CARTESIAN_POINT ( 'NONE',  ( 13.34999999999999964, -1.418587469714793517E-14, -2.750000000000000888 ) ) ;
#2754 = VERTEX_POINT ( 'NONE', #4720 ) ;
#2755 = DIRECTION ( 'NONE',  ( 0.000000000000000000, -0.000000000000000000, -1.000000000000000000 ) ) ;
#2756 = ORIENTED_EDGE ( 'NONE', *, *, #4557, .T. ) ;
#2757 = CARTESIAN_POINT ( 'NONE',  ( 20.24999999999998934, -1.600000000000000089, -4.999999999999990230 ) ) ;
#2758 = VERTEX_POINT ( 'NONE', #36 ) ;
#2759 = ORIENTED_EDGE ( 'NONE', *, *, #4843, .F. ) ;
#2760 = DIRECTION ( 'NONE',  ( 0.000000000000000000, -1.000000000000000000, 0.000000000000000000 ) ) ;
#2761 = ORIENTED_EDGE ( 'NONE', *, *, #1721, .T. ) ;
#2762 = EDGE_LOOP ( 'NONE', ( #1187, #4952, #2548, #1276 ) ) ;
#2763 = CYLINDRICAL_SURFACE ( 'NONE', #2309, 0.5000000000000038858 ) ;
#2764 = VECTOR ( 'NONE', #4436, 1000.000000000000000 ) ;
#2765 = CARTESIAN_POINT ( 'NONE',  ( 13.74999999999997691, 0.000000000000000000, -4.999999999999990230 ) ) ;
#2766 = CYLINDRICAL_SURFACE ( 'NONE', #3428, 1.299999999999999156 ) ;
#2767 = ORIENTED_EDGE ( 'NONE', *, *, #3641, .T. ) ;
#2768 = VECTOR ( 'NONE', #2102, 1000.000000000000000 ) ;
#2769 = VERTEX_POINT ( 'NONE', #1930 ) ;
#2770 = DIRECTION ( 'NONE',  ( 0.000000000000000000, 0.000000000000000000, 1.000000000000000000 ) ) ;
#2771 = FACE_OUTER_BOUND ( 'NONE', #3845, .T. ) ;
#2772 = VERTEX_POINT ( 'NONE', #4665 ) ;
#2773 = EDGE_CURVE ( 'NONE', #4368, #2365, #2872, .T. ) ;
#2774 = CARTESIAN_POINT ( 'NONE',  ( 11.49999999999999822, -1.387778780781445676E-14, -2.749999999999999112 ) ) ;
#2775 = VECTOR ( 'NONE', #1178, 1000.000000000000000 ) ;
#2776 = CARTESIAN_POINT ( 'NONE',  ( 18.49999999999999645, 1.500000000000000000, -40.74999999999999289 ) ) ;
#2777 = VECTOR ( 'NONE', #3756, 1000.000000000000000 ) ;
#2778 = VERTEX_POINT ( 'NONE', #518 ) ;
#2779 = AXIS2_PLACEMENT_3D ( 'NONE', #5777, #3975, #4003 ) ;
#2780 = CARTESIAN_POINT ( 'NONE',  ( 20.24999999999998934, -1.600000000000000089, -6.999999999999990230 ) ) ;
#2781 = EDGE_CURVE ( 'NONE', #1490, #2110, #1438, .T. ) ;
#2782 = DIRECTION ( 'NONE',  ( 0.000000000000000000, 0.000000000000000000, -1.000000000000000000 ) ) ;
#2783 = DIRECTION ( 'NONE',  ( 0.000000000000000000, 0.000000000000000000, 1.000000000000000000 ) ) ;
#2784 = CIRCLE ( 'NONE', #5037, 5.474999999999997868 ) ;
#2785 = DIRECTION ( 'NONE',  ( 0.7071067811865466846, -0.7071067811865483499, -9.234698854864907339E-16 ) ) ;
#2786 = VERTEX_POINT ( 'NONE', #2903 ) ;
#2787 = EDGE_CURVE ( 'NONE', #4101, #1809, #67, .T. ) ;
#2788 = DIRECTION ( 'NONE',  ( 0.000000000000000000, -1.000000000000000000, 0.000000000000000000 ) ) ;
#2789 = EDGE_LOOP ( 'NONE', ( #490, #3198, #3168, #4307 ) ) ;
#2790 = DIRECTION ( 'NONE',  ( 0.000000000000000000, -0.000000000000000000, -1.000000000000000000 ) ) ;
#2791 = ORIENTED_EDGE ( 'NONE', *, *, #1558, .T. ) ;
#2792 = CARTESIAN_POINT ( 'NONE',  ( 7.758342613226058226, 0.000000000000000000, -42.49999999999999289 ) ) ;
#2793 = ORIENTED_EDGE ( 'NONE', *, *, #1767, .F. ) ;
#2794 = EDGE_CURVE ( 'NONE', #1779, #800, #4776, .T. ) ;
#2795 = LINE ( 'NONE', #4671, #1159 ) ;
#2796 = CARTESIAN_POINT ( 'NONE',  ( 0.000000000000000000, -5.500000000000000000, 0.000000000000000000 ) ) ;
#2797 = AXIS2_PLACEMENT_3D ( 'NONE', #3060, #5302, #5366 ) ;
#2798 = CARTESIAN_POINT ( 'NONE',  ( 1.500000000000000666, 3.799999999999999822, -3.250000000000000444 ) ) ;
#2799 = VERTEX_POINT ( 'NONE', #3340 ) ;
#2800 = EDGE_LOOP ( 'NONE', ( #4752, #5434, #4825, #5151, #5320, #4716, #4915, #5846 ) ) ;
#2801 = DIRECTION ( 'NONE',  ( 1.000000000000000000, -0.000000000000000000, -0.000000000000000000 ) ) ;
#2802 = VECTOR ( 'NONE', #403, 1000.000000000000000 ) ;
#2803 = PLANE ( 'NONE',  #5566 ) ;
#2804 = ORIENTED_EDGE ( 'NONE', *, *, #286, .T. ) ;
#2805 = PLANE ( 'NONE',  #1212 ) ;
#2806 = DIRECTION ( 'NONE',  ( 0.000000000000000000, -0.000000000000000000, -1.000000000000000000 ) ) ;
#2807 = ORIENTED_EDGE ( 'NONE', *, *, #4456, .T. ) ;
#2808 = EDGE_CURVE ( 'NONE', #5799, #4238, #2385, .T. ) ;
#2809 = ORIENTED_EDGE ( 'NONE', *, *, #1744, .T. ) ;
#2810 = VERTEX_POINT ( 'NONE', #8 ) ;
#2811 = DIRECTION ( 'NONE',  ( -0.000000000000000000, -0.000000000000000000, -1.000000000000000000 ) ) ;
#2812 = CARTESIAN_POINT ( 'NONE',  ( 14.50000000000004263, 1.500000000000000000, -18.50000000000000355 ) ) ;
#2813 = CARTESIAN_POINT ( 'NONE',  ( 21.49999999999999645, 5.000000000000000000, -4.000000000000000888 ) ) ;
#2814 = ADVANCED_FACE ( 'NONE', ( #1408 ), #3285, .T. ) ;
#2815 = VECTOR ( 'NONE', #4606, 1000.000000000000000 ) ;
#2816 = DIRECTION ( 'NONE',  ( 1.000000000000000000, 0.000000000000000000, -0.000000000000000000 ) ) ;
#2817 = ORIENTED_EDGE ( 'NONE', *, *, #803, .F. ) ;
#2818 = CARTESIAN_POINT ( 'NONE',  ( 1.500000000000000444, 1.500000000000000000, -42.49999999999999289 ) ) ;
#2819 = DIRECTION ( 'NONE',  ( 1.000000000000000000, 0.000000000000000000, -1.163534038764931666E-16 ) ) ;
#2820 = AXIS2_PLACEMENT_3D ( 'NONE', #2072, #4361, #2502 ) ;
#2821 = ORIENTED_EDGE ( 'NONE', *, *, #4879, .F. ) ;
#2822 = PLANE ( 'NONE',  #4956 ) ;
#2823 = EDGE_CURVE ( 'NONE', #1427, #1809, #4233, .T. ) ;
#2824 = ORIENTED_EDGE ( 'NONE', *, *, #2298, .T. ) ;
#2825 = FACE_OUTER_BOUND ( 'NONE', #5020, .T. ) ;
#2826 = CARTESIAN_POINT ( 'NONE',  ( 0.000000000000000000, -4.099999999999997868, -19.09999999999999787 ) ) ;
#2827 = LINE ( 'NONE', #4699, #879 ) ;
#2828 = EDGE_CURVE ( 'NONE', #4810, #5352, #3495, .T. ) ;
#2829 = ORIENTED_EDGE ( 'NONE', *, *, #5066, .T. ) ;
#2830 = ORIENTED_EDGE ( 'NONE', *, *, #4200, .T. ) ;
#2831 = CARTESIAN_POINT ( 'NONE',  ( 0.000000000000000000, -5.500000000000000000, 0.000000000000000000 ) ) ;
#2832 = ORIENTED_EDGE ( 'NONE', *, *, #4173, .F. ) ;
#2833 = CARTESIAN_POINT ( 'NONE',  ( 15.49999999999999112, -5.500000000000000000, -3.250000000000002665 ) ) ;
#2834 = ORIENTED_EDGE ( 'NONE', *, *, #3445, .T. ) ;
#2835 = VECTOR ( 'NONE', #1726, 1000.000000000000000 ) ;
#2836 = DIRECTION ( 'NONE',  ( -1.000000000000000000, -0.000000000000000000, -0.000000000000000000 ) ) ;
#2837 = DIRECTION ( 'NONE',  ( 0.000000000000000000, 0.000000000000000000, 1.000000000000000000 ) ) ;
#2838 = LINE ( 'NONE', #5687, #2697 ) ;
#2839 = ORIENTED_EDGE ( 'NONE', *, *, #3759, .F. ) ;
#2840 = ORIENTED_EDGE ( 'NONE', *, *, #196, .F. ) ;
#2841 = LINE ( 'NONE', #2818, #4669 ) ;
#2842 = ADVANCED_FACE ( 'NONE', ( #2526 ), #607, .T. ) ;
#2843 = CARTESIAN_POINT ( 'NONE',  ( 6.500000000000000888, 2.500000000000000000, -13.72499999999999787 ) ) ;
#2844 = ORIENTED_EDGE ( 'NONE', *, *, #5924, .F. ) ;
#2845 = CARTESIAN_POINT ( 'NONE',  ( 12.99999999999995381, 0.000000000000000000, -4.999999999999990230 ) ) ;
#2846 = ORIENTED_EDGE ( 'NONE', *, *, #4400, .T. ) ;
#2847 = DIRECTION ( 'NONE',  ( 0.000000000000000000, -1.000000000000000000, 0.000000000000000000 ) ) ;
#2848 = EDGE_CURVE ( 'NONE', #2510, #3865, #176, .T. ) ;
#2849 = FACE_OUTER_BOUND ( 'NONE', #4359, .T. ) ;
#2850 = FACE_OUTER_BOUND ( 'NONE', #3045, .T. ) ;
#2851 = ORIENTED_EDGE ( 'NONE', *, *, #4428, .F. ) ;
#2852 = VERTEX_POINT ( 'NONE', #3028 ) ;
#2853 = SURFACE_STYLE_USAGE ( .BOTH. , #1850 ) ;
#2854 = AXIS2_PLACEMENT_3D ( 'NONE', #1546, #2958, #2033 ) ;
#2855 = DIRECTION ( 'NONE',  ( -0.000000000000000000, 1.000000000000000000, -0.000000000000000000 ) ) ;
#2856 = ORIENTED_EDGE ( 'NONE', *, *, #1997, .T. ) ;
#2857 = EDGE_CURVE ( 'NONE', #3557, #6041, #5335, .T. ) ;
#2858 = DIRECTION ( 'NONE',  ( 8.673617379884035472E-16, 0.000000000000000000, -1.000000000000000000 ) ) ;
#2859 = CARTESIAN_POINT ( 'NONE',  ( 20.99999999999999645, 1.000000000000000000, -43.50000000000000000 ) ) ;
#2860 = VECTOR ( 'NONE', #1054, 1000.000000000000000 ) ;
#2861 = ORIENTED_EDGE ( 'NONE', *, *, #3862, .T. ) ;
#2862 = CIRCLE ( 'NONE', #519, 1.500000000000001332 ) ;
#2863 = PLANE ( 'NONE',  #5520 ) ;
#2864 = EDGE_CURVE ( 'NONE', #4068, #3350, #1441, .T. ) ;
#2865 = DIRECTION ( 'NONE',  ( -0.000000000000000000, 1.000000000000000000, -0.000000000000000000 ) ) ;
#2866 = LINE ( 'NONE', #2408, #4855 ) ;
#2867 = ORIENTED_EDGE ( 'NONE', *, *, #5546, .F. ) ;
#2868 = ORIENTED_EDGE ( 'NONE', *, *, #4313, .F. ) ;
#2869 = ORIENTED_EDGE ( 'NONE', *, *, #5657, .T. ) ;
#2870 = CARTESIAN_POINT ( 'NONE',  ( 13.74999999999997691, -1.600000000000000089, -28.00000000000000000 ) ) ;
#2871 = AXIS2_PLACEMENT_3D ( 'NONE', #4684, #5567, #29 ) ;
#2872 = LINE ( 'NONE', #2412, #561 ) ;
#2873 = AXIS2_PLACEMENT_3D ( 'NONE', #4223, #4742, #481 ) ;
#2874 = VERTEX_POINT ( 'NONE', #1097 ) ;
#2875 = LINE ( 'NONE', #4751, #5820 ) ;
#2876 = ORIENTED_EDGE ( 'NONE', *, *, #920, .T. ) ;
#2877 = VECTOR ( 'NONE', #4935, 1000.000000000000000 ) ;
#2878 = ADVANCED_FACE ( 'NONE', ( #1130 ), #3005, .F. ) ;
#2879 = ORIENTED_EDGE ( 'NONE', *, *, #4164, .T. ) ;
#2880 = CARTESIAN_POINT ( 'NONE',  ( 13.99999999999998934, 0.000000000000000000, -25.99999999999999289 ) ) ;
#2881 = LINE ( 'NONE', #4698, #2748 ) ;
#2882 = LINE ( 'NONE', #2798, #5291 ) ;
#2883 = ORIENTED_EDGE ( 'NONE', *, *, #4144, .T. ) ;
#2884 = ORIENTED_EDGE ( 'NONE', *, *, #4799, .T. ) ;
#2885 = EDGE_CURVE ( 'NONE', #2058, #1716, #1633, .T. ) ;
#2886 = CARTESIAN_POINT ( 'NONE',  ( 0.000000000000000000, 0.000000000000000000, 0.000000000000000000 ) ) ;
#2887 = DIRECTION ( 'NONE',  ( 0.000000000000000000, 0.000000000000000000, 1.000000000000000000 ) ) ;
#2888 = ORIENTED_EDGE ( 'NONE', *, *, #2885, .F. ) ;
#2889 = CIRCLE ( 'NONE', #4067, 2.000000000000000000 ) ;
#2890 = DIRECTION ( 'NONE',  ( -1.000000000000000000, 0.000000000000000000, -0.000000000000000000 ) ) ;
#2891 = FACE_OUTER_BOUND ( 'NONE', #49, .T. ) ;
#2892 = AXIS2_PLACEMENT_3D ( 'NONE', #3797, #4260, #61 ) ;
#2893 = ORIENTED_EDGE ( 'NONE', *, *, #3040, .F. ) ;
#2894 = EDGE_CURVE ( 'NONE', #4795, #1979, #2963, .T. ) ;
#2895 = VECTOR ( 'NONE', #5823, 1000.000000000000000 ) ;
#2896 = DIRECTION ( 'NONE',  ( 0.000000000000000000, 0.000000000000000000, -1.000000000000000000 ) ) ;
#2897 = LINE ( 'NONE', #1515, #3951 ) ;
#2898 = ADVANCED_FACE ( 'NONE', ( #5363 ), #1250, .F. ) ;
#2899 = CARTESIAN_POINT ( 'NONE',  ( 1.500000000000001110, 6.099999999999999645, -38.99999999999999289 ) ) ;
#2900 = ORIENTED_EDGE ( 'NONE', *, *, #5389, .F. ) ;
#2901 = ORIENTED_EDGE ( 'NONE', *, *, #1773, .F. ) ;
#2902 = ORIENTED_EDGE ( 'NONE', *, *, #1576, .T. ) ;
#2903 = CARTESIAN_POINT ( 'NONE',  ( 1.500000000000004885, -4.099999999999997868, -24.89999999999999858 ) ) ;
#2904 = CARTESIAN_POINT ( 'NONE',  ( 20.24999999999998934, 0.000000000000000000, -28.00000000000000355 ) ) ;
#2905 = DIRECTION ( 'NONE',  ( -1.000000000000000000, 2.168404344971010840E-16, 0.000000000000000000 ) ) ;
#2906 = AXIS2_PLACEMENT_3D ( 'NONE', #1163, #5813, #1618 ) ;
#2907 = ORIENTED_EDGE ( 'NONE', *, *, #4766, .F. ) ;
#2908 = AXIS2_PLACEMENT_3D ( 'NONE', #2043, #3924, #5278 ) ;
#2909 = EDGE_LOOP ( 'NONE', ( #4885, #4424, #5867, #2821 ) ) ;
#2910 = LINE ( 'NONE', #5754, #5844 ) ;
#2911 = CARTESIAN_POINT ( 'NONE',  ( 18.49999999999999645, 1.500000000000000000, -39.24999999999999289 ) ) ;
#2912 = ORIENTED_EDGE ( 'NONE', *, *, #703, .F. ) ;
#2913 = AXIS2_PLACEMENT_3D ( 'NONE', #158, #2015, #1528 ) ;
#2914 = ORIENTED_EDGE ( 'NONE', *, *, #3947, .T. ) ;
#2915 = DIRECTION ( 'NONE',  ( 0.000000000000000000, 0.000000000000000000, 1.000000000000000000 ) ) ;
#2916 = ORIENTED_EDGE ( 'NONE', *, *, #1211, .T. ) ;
#2917 = DIRECTION ( 'NONE',  ( -6.505213034913031534E-17, 0.000000000000000000, -1.000000000000000000 ) ) ;
#2918 = EDGE_LOOP ( 'NONE', ( #1687, #5741 ) ) ;
#2919 = PRESENTATION_STYLE_ASSIGNMENT (( #593 ) ) ;
#2920 = EDGE_CURVE ( 'NONE', #2852, #1031, #3527, .T. ) ;
#2921 = LINE ( 'NONE', #2950, #4793 ) ;
#2922 = AXIS2_PLACEMENT_3D ( 'NONE', #2831, #562, #4306 ) ;
#2923 = ORIENTED_EDGE ( 'NONE', *, *, #1608, .T. ) ;
#2924 = DIRECTION ( 'NONE',  ( -0.000000000000000000, -1.000000000000000000, -0.000000000000000000 ) ) ;
#2925 = FACE_OUTER_BOUND ( 'NONE', #5410, .T. ) ;
#2926 = ADVANCED_FACE ( 'NONE', ( #2037 ), #1980, .F. ) ;
#2927 = DIRECTION ( 'NONE',  ( -0.000000000000000000, 0.000000000000000000, 1.000000000000000000 ) ) ;
#2928 = DIRECTION ( 'NONE',  ( 1.000000000000000000, 0.000000000000000000, 0.000000000000000000 ) ) ;
#2929 = ORIENTED_EDGE ( 'NONE', *, *, #4388, .T. ) ;
#2930 = VECTOR ( 'NONE', #4253, 1000.000000000000000 ) ;
#2931 = ORIENTED_EDGE ( 'NONE', *, *, #1761, .F. ) ;
#2932 = EDGE_LOOP ( 'NONE', ( #890, #2876, #301, #173 ) ) ;
#2933 = CIRCLE ( 'NONE', #776, 1.500000000000000000 ) ;
#2934 = EDGE_CURVE ( 'NONE', #4820, #4299, #636, .T. ) ;
#2935 = CARTESIAN_POINT ( 'NONE',  ( 20.99999999999999645, 5.000000000000000000, -44.00000000000000000 ) ) ;
#2936 = LINE ( 'NONE', #4841, #5498 ) ;
#2937 = DIRECTION ( 'NONE',  ( 0.000000000000000000, -0.000000000000000000, -1.000000000000000000 ) ) ;
#2938 = ORIENTED_EDGE ( 'NONE', *, *, #1985, .T. ) ;
#2939 = ORIENTED_EDGE ( 'NONE', *, *, #5774, .T. ) ;
#2940 = CARTESIAN_POINT ( 'NONE',  ( 23.00100000000000122, -5.500000000000000000, -17.80385186031842792 ) ) ;
#2941 = CARTESIAN_POINT ( 'NONE',  ( 13.74999999999997691, -1.600000000000000089, -4.999999999999990230 ) ) ;
#2942 = AXIS2_PLACEMENT_3D ( 'NONE', #347, #4582, #1783 ) ;
#2943 = CARTESIAN_POINT ( 'NONE',  ( 1.525359410719045128, 0.000000000000000000, -40.74999999999999289 ) ) ;
#2944 = ORIENTED_EDGE ( 'NONE', *, *, #5586, .F. ) ;
#2945 = ORIENTED_EDGE ( 'NONE', *, *, #376, .F. ) ;
#2946 = SURFACE_STYLE_FILL_AREA ( #3898 ) ;
#2947 = VERTEX_POINT ( 'NONE', #214 ) ;
#2948 = CARTESIAN_POINT ( 'NONE',  ( 14.49999999999999467, 1.500000000000000000, -23.49999999999999289 ) ) ;
#2949 = LINE ( 'NONE', #2340, #5423 ) ;
#2950 = CARTESIAN_POINT ( 'NONE',  ( 21.49999999999999289, -2.399999999999999911, -29.99999999999999289 ) ) ;
#2951 = AXIS2_PLACEMENT_3D ( 'NONE', #2430, #2002, #144 ) ;
#2952 = AXIS2_PLACEMENT_3D ( 'NONE', #5865, #1247, #5418 ) ;
#2953 = ORIENTED_EDGE ( 'NONE', *, *, #473, .F. ) ;
#2954 = CARTESIAN_POINT ( 'NONE',  ( 20.99999999999999645, 5.000000000000000000, -2.000000000000000000 ) ) ;
#2955 = EDGE_CURVE ( 'NONE', #1779, #4470, #2068, .T. ) ;
#2956 = DIRECTION ( 'NONE',  ( 0.000000000000000000, 0.000000000000000000, -1.000000000000000000 ) ) ;
#2957 = CARTESIAN_POINT ( 'NONE',  ( 0.000000000000000000, -5.399999999999997691, -17.80000000000000071 ) ) ;
#2958 = DIRECTION ( 'NONE',  ( -0.000000000000000000, 1.000000000000000000, -0.000000000000000000 ) ) ;
#2959 = AXIS2_PLACEMENT_3D ( 'NONE', #3632, #5465, #1267 ) ;
#2960 = EDGE_CURVE ( 'NONE', #2219, #3080, #2020, .T. ) ;
#2961 = ORIENTED_EDGE ( 'NONE', *, *, #5901, .T. ) ;
#2962 = EDGE_LOOP ( 'NONE', ( #5188, #468, #1177, #2684 ) ) ;
#2963 = LINE ( 'NONE', #1521, #5551 ) ;
#2964 = DIRECTION ( 'NONE',  ( 1.163534038764931666E-16, 0.000000000000000000, 1.000000000000000000 ) ) ;
#2965 = VERTEX_POINT ( 'NONE', #3058 ) ;
#2966 = DIRECTION ( 'NONE',  ( -0.000000000000000000, 0.000000000000000000, 1.000000000000000000 ) ) ;
#2967 = ORIENTED_EDGE ( 'NONE', *, *, #1797, .T. ) ;
#2968 = VECTOR ( 'NONE', #4590, 1000.000000000000000 ) ;
#2969 = EDGE_CURVE ( 'NONE', #435, #1779, #2711, .T. ) ;
#2970 = VECTOR ( 'NONE', #5451, 1000.000000000000000 ) ;
#2971 = CARTESIAN_POINT ( 'NONE',  ( 18.49999999999999645, 3.799999999999999822, -40.74999999999999289 ) ) ;
#2972 = CARTESIAN_POINT ( 'NONE',  ( 10.00000000000000355, 8.099999999999999645, -13.99999999999999289 ) ) ;
#2973 = DIRECTION ( 'NONE',  ( -0.000000000000000000, 1.000000000000000000, -0.000000000000000000 ) ) ;
#2974 = AXIS2_PLACEMENT_3D ( 'NONE', #3095, #4005, #1331 ) ;
#2975 = ORIENTED_EDGE ( 'NONE', *, *, #4282, .T. ) ;
#2976 = EDGE_CURVE ( 'NONE', #450, #1667, #1832, .T. ) ;
#2977 = EDGE_CURVE ( 'NONE', #5474, #1637, #2608, .T. ) ;
#2978 = VERTEX_POINT ( 'NONE', #2935 ) ;
#2979 = DIRECTION ( 'NONE',  ( -0.000000000000000000, 1.000000000000000000, -0.000000000000000000 ) ) ;
#2980 = VERTEX_POINT ( 'NONE', #2686 ) ;
#2981 = CARTESIAN_POINT ( 'NONE',  ( 23.00000000000000000, 5.000000000000000000, -17.80466220419335599 ) ) ;
#2982 = VECTOR ( 'NONE', #4656, 1000.000000000000000 ) ;
#2983 = ORIENTED_EDGE ( 'NONE', *, *, #3258, .F. ) ;
#2984 = CARTESIAN_POINT ( 'NONE',  ( 20.49999999999999289, 5.000000000000000000, -1.500000000000001332 ) ) ;
#2985 = VECTOR ( 'NONE', #5549, 1000.000000000000000 ) ;
#2986 = DIRECTION ( 'NONE',  ( 0.000000000000000000, 0.000000000000000000, 1.000000000000000000 ) ) ;
#2987 = PLANE ( 'NONE',  #942 ) ;
#2988 = LINE ( 'NONE', #3022, #530 ) ;
#2989 = VECTOR ( 'NONE', #3245, 1000.000000000000000 ) ;
#2990 = FACE_OUTER_BOUND ( 'NONE', #2398, .T. ) ;
#2991 = ADVANCED_FACE ( 'NONE', ( #1712 ), #5616, .F. ) ;
#2992 = ORIENTED_EDGE ( 'NONE', *, *, #3897, .F. ) ;
#2993 = PLANE ( 'NONE',  #4064 ) ;
#2994 = ORIENTED_EDGE ( 'NONE', *, *, #577, .F. ) ;
#2995 = AXIS2_PLACEMENT_3D ( 'NONE', #5429, #2231, #4603 ) ;
#2996 = DIRECTION ( 'NONE',  ( 1.216421949617883318E-16, 0.000000000000000000, -1.000000000000000000 ) ) ;
#2997 = CARTESIAN_POINT ( 'NONE',  ( 2.500000000000011546, 7.099999999999999645, -13.99999999999999112 ) ) ;
#2998 = EDGE_CURVE ( 'NONE', #669, #300, #396, .T. ) ;
#2999 = FACE_OUTER_BOUND ( 'NONE', #4678, .T. ) ;
#3000 = EDGE_CURVE ( 'NONE', #3166, #2580, #3643, .T. ) ;
#3001 = VERTEX_POINT ( 'NONE', #332 ) ;
#3002 = VERTEX_POINT ( 'NONE', #5870 ) ;
#3003 = CARTESIAN_POINT ( 'NONE',  ( 14.50000000000000000, 0.000000000000000000, -22.50000000000000355 ) ) ;
#3004 = DIRECTION ( 'NONE',  ( 1.000000000000000000, 0.000000000000000000, 0.000000000000000000 ) ) ;
#3005 = CONICAL_SURFACE ( 'NONE', #3502, 1.850000000000000977, 0.7853981633974471688 ) ;
#3006 = CARTESIAN_POINT ( 'NONE',  ( 9.255005567935635113, -11.86396103067893293, -41.09999999999999432 ) ) ;
#3007 = EDGE_CURVE ( 'NONE', #620, #832, #5024, .T. ) ;
#3008 = ORIENTED_EDGE ( 'NONE', *, *, #130, .F. ) ;
#3009 = AXIS2_PLACEMENT_3D ( 'NONE', #2941, #4362, #6006 ) ;
#3010 = APPLICATION_PROTOCOL_DEFINITION ( 'draft international standard', 'automotive_design', 1998, #3499 ) ;
#3011 = ORIENTED_EDGE ( 'NONE', *, *, #571, .T. ) ;
#3012 = CYLINDRICAL_SURFACE ( 'NONE', #1237, 0.8500000000000007550 ) ;
#3013 = ADVANCED_FACE ( 'NONE', ( #1253 ), #812, .F. ) ;
#3014 = EDGE_LOOP ( 'NONE', ( #1299, #2698, #2052, #172 ) ) ;
#3015 = DIRECTION ( 'NONE',  ( -0.000000000000000000, 1.000000000000000000, -0.000000000000000000 ) ) ;
#3016 = VECTOR ( 'NONE', #4327, 1000.000000000000000 ) ;
#3017 = ORIENTED_EDGE ( 'NONE', *, *, #1976, .F. ) ;
#3018 = ORIENTED_EDGE ( 'NONE', *, *, #418, .T. ) ;
#3019 = CARTESIAN_POINT ( 'NONE',  ( 1.500000000000000222, -5.500000000000000000, -1.500000000000000000 ) ) ;
#3020 = DIRECTION ( 'NONE',  ( -5.551115123125804889E-17, -1.000000000000000000, -2.775557561562891351E-16 ) ) ;
#3021 = CARTESIAN_POINT ( 'NONE',  ( 1.500000000000005329, 1.500000000000000000, -1.500000000000000000 ) ) ;
#3022 = CARTESIAN_POINT ( 'NONE',  ( 1.500000000000005329, -5.500000000000000000, -42.49999999999999289 ) ) ;
#3023 = CARTESIAN_POINT ( 'NONE',  ( 6.500000000000000000, 2.250000000000001332, -9.000000000000000000 ) ) ;
#3024 = EDGE_LOOP ( 'NONE', ( #6005, #5082, #576, #3578 ) ) ;
#3025 = EDGE_LOOP ( 'NONE', ( #1561, #5168, #3515, #1932 ) ) ;
#3026 = CARTESIAN_POINT ( 'NONE',  ( 20.99999999999998934, -1.600000000000000089, -6.999999999999990230 ) ) ;
#3027 = ORIENTED_EDGE ( 'NONE', *, *, #4275, .F. ) ;
#3028 = CARTESIAN_POINT ( 'NONE',  ( 13.74999999999997691, 0.000000000000000000, -29.99999999999999645 ) ) ;
#3029 = DIRECTION ( 'NONE',  ( 0.000000000000000000, -1.000000000000000000, 0.000000000000000000 ) ) ;
#3030 = AXIS2_PLACEMENT_3D ( 'NONE', #2455, #1919, #4765 ) ;
#3031 = CARTESIAN_POINT ( 'NONE',  ( 14.49999999999999467, 0.000000000000000000, -24.50000000000000000 ) ) ;
#3032 = AXIS2_PLACEMENT_3D ( 'NONE', #161, #4015, #2108 ) ;
#3033 = EDGE_CURVE ( 'NONE', #4351, #5993, #5232, .T. ) ;
#3034 = DIRECTION ( 'NONE',  ( 1.000000000000000000, 0.000000000000000000, 0.000000000000000000 ) ) ;
#3035 = VERTEX_POINT ( 'NONE', #2194 ) ;
#3036 = PLANE ( 'NONE',  #4584 ) ;
#3037 = CARTESIAN_POINT ( 'NONE',  ( 20.99999999999999645, 1.500000000000000000, -44.00000000000000000 ) ) ;
#3038 = ORIENTED_EDGE ( 'NONE', *, *, #5480, .F. ) ;
#3039 = VERTEX_POINT ( 'NONE', #4473 ) ;
#3040 = EDGE_CURVE ( 'NONE', #3002, #2754, #5940, .T. ) ;
#3041 = AXIS2_PLACEMENT_3D ( 'NONE', #5490, #4549, #794 ) ;
#3042 = LINE ( 'NONE', #1113, #2336 ) ;
#3043 = CARTESIAN_POINT ( 'NONE',  ( 20.99999999999998934, 0.000000000000000000, -29.99999999999999645 ) ) ;
#3044 = FILL_AREA_STYLE_COLOUR ( '', #1171 ) ;
#3045 = EDGE_LOOP ( 'NONE', ( #1204, #1695, #2395, #3870 ) ) ;
#3046 = VERTEX_POINT ( 'NONE', #4130 ) ;
#3047 = VERTEX_POINT ( 'NONE', #3094 ) ;
#3048 = CARTESIAN_POINT ( 'NONE',  ( 10.49999999999995559, 1.500000000000000000, -41.24999999999999289 ) ) ;
#3049 = EDGE_CURVE ( 'NONE', #4255, #5449, #2784, .T. ) ;
#3050 = CARTESIAN_POINT ( 'NONE',  ( 14.49999999999998757, 0.000000000000000000, -25.49999999999999645 ) ) ;
#3051 = CARTESIAN_POINT ( 'NONE',  ( 18.49999999999999645, 1.500000000000000000, -39.24999999999999289 ) ) ;
#3052 = CARTESIAN_POINT ( 'NONE',  ( 21.49999999999999645, 3.799999999999999822, -39.24999999999999289 ) ) ;
#3053 = DIRECTION ( 'NONE',  ( -8.462065736472231082E-17, -0.000000000000000000, -1.000000000000000000 ) ) ;
#3054 = ORIENTED_EDGE ( 'NONE', *, *, #5102, .T. ) ;
#3055 = ADVANCED_FACE ( 'NONE', ( #4074 ), #3561, .F. ) ;
#3056 = AXIS2_PLACEMENT_3D ( 'NONE', #147, #2463, #690 ) ;
#3057 = DIRECTION ( 'NONE',  ( -0.000000000000000000, 1.000000000000000000, -0.000000000000000000 ) ) ;
#3058 = CARTESIAN_POINT ( 'NONE',  ( 19.99999999999998934, 0.5000000000000004441, -25.99999999999999289 ) ) ;
#3059 = CARTESIAN_POINT ( 'NONE',  ( 11.50000000000000178, 0.000000000000000000, -3.600000000000003197 ) ) ;
#3060 = CARTESIAN_POINT ( 'NONE',  ( 11.50000000000000178, 0.000000000000000000, -2.750000000000002665 ) ) ;
#3061 = AXIS2_PLACEMENT_3D ( 'NONE', #2320, #4197, #5150 ) ;
#3062 = FACE_OUTER_BOUND ( 'NONE', #5220, .T. ) ;
#3063 = DIRECTION ( 'NONE',  ( -5.551115123125804889E-17, -1.000000000000000000, -2.775557561562891351E-16 ) ) ;
#3064 = VERTEX_POINT ( 'NONE', #5476 ) ;
#3065 = CARTESIAN_POINT ( 'NONE',  ( 21.49999999999999289, -5.500000000000000000, -1.500000000000000000 ) ) ;
#3066 = CARTESIAN_POINT ( 'NONE',  ( 14.50000000000002132, 1.500000000000000000, -19.49999999999999645 ) ) ;
#3067 = VECTOR ( 'NONE', #1181, 1000.000000000000000 ) ;
#3068 = EDGE_CURVE ( 'NONE', #2422, #5636, #1279, .T. ) ;
#3069 = ORIENTED_EDGE ( 'NONE', *, *, #488, .F. ) ;
#3070 =( LENGTH_UNIT ( ) NAMED_UNIT ( * ) SI_UNIT ( .MILLI., .METRE. ) );
#3071 = ORIENTED_EDGE ( 'NONE', *, *, #399, .T. ) ;
#3072 = CARTESIAN_POINT ( 'NONE',  ( 23.00000000000000000, 0.5000000000000000000, -41.99999999999999289 ) ) ;
#3073 = PRODUCT_RELATED_PRODUCT_CATEGORY ( 'part', '', ( #3689 ) ) ;
#3074 = DIRECTION ( 'NONE',  ( -0.000000000000000000, -1.000000000000000000, -0.000000000000000000 ) ) ;
#3075 = CIRCLE ( 'NONE', #4939, 1.000000000000000888 ) ;
#3076 = CARTESIAN_POINT ( 'NONE',  ( 0.000000000000000000, 8.099999999999999645, 0.000000000000000000 ) ) ;
#3077 = VECTOR ( 'NONE', #5536, 1000.000000000000000 ) ;
#3078 = ADVANCED_FACE ( 'NONE', ( #4934 ), #364, .F. ) ;
#3079 = ORIENTED_EDGE ( 'NONE', *, *, #3911, .T. ) ;
#3080 = VERTEX_POINT ( 'NONE', #5055 ) ;
#3081 = ORIENTED_EDGE ( 'NONE', *, *, #2555, .F. ) ;
#3082 = DIRECTION ( 'NONE',  ( 0.000000000000000000, 1.000000000000000000, 0.000000000000000000 ) ) ;
#3083 = LINE ( 'NONE', #5414, #314 ) ;
#3084 = DIRECTION ( 'NONE',  ( 0.000000000000000000, 0.000000000000000000, -1.000000000000000000 ) ) ;
#3085 = UNCERTAINTY_MEASURE_WITH_UNIT (LENGTH_MEASURE( 1.000000000000000082E-05 ), #5588, 'distance_accuracy_value', 'NONE');
#3086 = CARTESIAN_POINT ( 'NONE',  ( 2.500000000000000444, 0.000000000000000000, -2.500000000000000000 ) ) ;
#3087 = CARTESIAN_POINT ( 'NONE',  ( 20.99999999999999645, 0.000000000000000000, -41.99999999999999289 ) ) ;
#3088 = ADVANCED_FACE ( 'NONE', ( #3673 ), #5966, .T. ) ;
#3089 = ORIENTED_EDGE ( 'NONE', *, *, #718, .T. ) ;
#3090 = ORIENTED_EDGE ( 'NONE', *, *, #1736, .T. ) ;
#3091 = DIRECTION ( 'NONE',  ( -0.000000000000000000, -0.000000000000000000, -1.000000000000000000 ) ) ;
#3092 = EDGE_CURVE ( 'NONE', #2110, #2220, #1768, .T. ) ;
#3093 = VECTOR ( 'NONE', #2966, 1000.000000000000000 ) ;
#3094 = CARTESIAN_POINT ( 'NONE',  ( 19.50000000000002132, 1.500000000000000000, -20.50000000000000355 ) ) ;
#3095 = CARTESIAN_POINT ( 'NONE',  ( 14.50000000000000000, 0.000000000000000000, -22.00000000000000000 ) ) ;
#3096 = LINE ( 'NONE', #755, #353 ) ;
#3097 = EDGE_CURVE ( 'NONE', #5799, #4521, #5424, .T. ) ;
#3098 = FACE_OUTER_BOUND ( 'NONE', #665, .T. ) ;
#3099 = AXIS2_PLACEMENT_3D ( 'NONE', #1929, #177, #1437 ) ;
#3100 = ORIENTED_EDGE ( 'NONE', *, *, #3334, .F. ) ;
#3101 = VECTOR ( 'NONE', #3960, 1000.000000000000000 ) ;
#3102 = CARTESIAN_POINT ( 'NONE',  ( 20.49999999999998934, 0.000000000000000000, -41.49999999999999289 ) ) ;
#3103 = FACE_OUTER_BOUND ( 'NONE', #5721, .T. ) ;
#3104 = ORIENTED_EDGE ( 'NONE', *, *, #204, .F. ) ;
#3105 = CARTESIAN_POINT ( 'NONE',  ( 20.49999999999998934, 0.000000000000000000, -42.49999999999999289 ) ) ;
#3106 = EDGE_LOOP ( 'NONE', ( #1966, #1857, #4858, #231 ) ) ;
#3107 = APPLICATION_PROTOCOL_DEFINITION ( 'draft international standard', 'automotive_design', 1998, #866 ) ;
#3108 = DIRECTION ( 'NONE',  ( 0.000000000000000000, 0.000000000000000000, 1.000000000000000000 ) ) ;
#3109 = CARTESIAN_POINT ( 'NONE',  ( 0.000000000000000000, 0.5000000000000000000, 0.000000000000000000 ) ) ;
#3110 = CARTESIAN_POINT ( 'NONE',  ( 2.500000000000000444, 5.000000000000000000, -42.49999999999999289 ) ) ;
#3111 = VECTOR ( 'NONE', #2098, 1000.000000000000000 ) ;
#3112 = ORIENTED_EDGE ( 'NONE', *, *, #4500, .T. ) ;
#3113 = CARTESIAN_POINT ( 'NONE',  ( 19.99999999999998934, 0.000000000000000000, -25.99999999999999289 ) ) ;
#3114 = CARTESIAN_POINT ( 'NONE',  ( 3.525359410719047126, -5.500000000000001776, -4.750000000000004441 ) ) ;
#3115 = EDGE_CURVE ( 'NONE', #1897, #5175, #5905, .T. ) ;
#3116 = DIRECTION ( 'NONE',  ( 1.000000000000000000, 0.000000000000000000, 0.000000000000000000 ) ) ;
#3117 = CARTESIAN_POINT ( 'NONE',  ( 12.99999999999997691, 0.000000000000000000, -28.00000000000000000 ) ) ;
#3118 = CARTESIAN_POINT ( 'NONE',  ( 15.49999999999999112, 0.000000000000000000, -40.74999999999999289 ) ) ;
#3119 = EDGE_LOOP ( 'NONE', ( #4878, #540, #3503, #4084 ) ) ;
#3120 = ORIENTED_EDGE ( 'NONE', *, *, #454, .F. ) ;
#3121 = CARTESIAN_POINT ( 'NONE',  ( 12.49999999999999645, -1.404432126150823024E-14, -2.750000000000000000 ) ) ;
#3122 = EDGE_CURVE ( 'NONE', #682, #1388, #4969, .T. ) ;
#3123 = CARTESIAN_POINT ( 'NONE',  ( 2.500000000000000444, -5.500000000000000000, -2.500000000000000000 ) ) ;
#3124 = CARTESIAN_POINT ( 'NONE',  ( 21.49999999999999289, -5.500000000000000000, -2.500000000000000000 ) ) ;
#3125 = CIRCLE ( 'NONE', #4988, 2.000000000000000000 ) ;
#3126 = CARTESIAN_POINT ( 'NONE',  ( 11.49999999999995381, 1.387778780781445676E-14, -41.24999999999999289 ) ) ;
#3127 = EDGE_CURVE ( 'NONE', #1785, #4601, #3075, .T. ) ;
#3128 = LINE ( 'NONE', #308, #3297 ) ;
#3129 = DIRECTION ( 'NONE',  ( 1.000000000000000000, 0.000000000000000000, 0.000000000000000000 ) ) ;
#3130 = CARTESIAN_POINT ( 'NONE',  ( 14.50000000000004263, -5.501000000000002110, -17.49999999999999645 ) ) ;
#3131 = ORIENTED_EDGE ( 'NONE', *, *, #3427, .F. ) ;
#3132 = CARTESIAN_POINT ( 'NONE',  ( 15.24165738677394444, 0.000000000000000000, -42.49999999999999289 ) ) ;
#3133 = CARTESIAN_POINT ( 'NONE',  ( 11.50000000000000178, -5.500000000000000000, -38.99999999999999289 ) ) ;
#3134 = CARTESIAN_POINT ( 'NONE',  ( 19.50000000000004263, -5.501000000000002110, -18.00000000000000000 ) ) ;
#3135 = EDGE_LOOP ( 'NONE', ( #3791, #4321, #5722, #5237 ) ) ;
#3136 = ORIENTED_EDGE ( 'NONE', *, *, #1917, .T. ) ;
#3137 = FACE_OUTER_BOUND ( 'NONE', #3167, .T. ) ;
#3138 = DIRECTION ( 'NONE',  ( -0.000000000000000000, 0.000000000000000000, 1.000000000000000000 ) ) ;
#3139 = ORIENTED_EDGE ( 'NONE', *, *, #5142, .F. ) ;
#3140 = VECTOR ( 'NONE', #799, 1000.000000000000000 ) ;
#3141 = FACE_OUTER_BOUND ( 'NONE', #1787, .T. ) ;
#3142 = CARTESIAN_POINT ( 'NONE',  ( 21.49999999999999289, 1.500000000000000000, -41.49999999999999289 ) ) ;
#3143 = AXIS2_PLACEMENT_3D ( 'NONE', #3109, #4980, #4518 ) ;
#3144 = PLANE ( 'NONE',  #316 ) ;
#3145 = EDGE_CURVE ( 'NONE', #1342, #1083, #2472, .T. ) ;
#3146 = EDGE_LOOP ( 'NONE', ( #1240, #3459, #2018, #2261, #5573, #546, #4292 ) ) ;
#3147 = VERTEX_POINT ( 'NONE', #5204 ) ;
#3148 = ORIENTED_EDGE ( 'NONE', *, *, #4400, .F. ) ;
#3149 = CARTESIAN_POINT ( 'NONE',  ( 2.000000000000000000, 1.500000000000000000, -44.00000000000000000 ) ) ;
#3150 = DIRECTION ( 'NONE',  ( -5.551115123125804889E-17, -1.000000000000000000, -2.775557561562891351E-16 ) ) ;
#3151 = LINE ( 'NONE', #1770, #5537 ) ;
#3152 = EDGE_CURVE ( 'NONE', #3466, #1478, #2677, .T. ) ;
#3153 = VECTOR ( 'NONE', #4771, 1000.000000000000000 ) ;
#3154 = CARTESIAN_POINT ( 'NONE',  ( 19.50000000000004263, -5.501000000000002110, -17.49999999999999645 ) ) ;
#3155 = CARTESIAN_POINT ( 'NONE',  ( 21.49999999999999289, -11.86396103067893293, -4.750000000000004441 ) ) ;
#3156 = ORIENTED_EDGE ( 'NONE', *, *, #541, .F. ) ;
#3157 = LINE ( 'NONE', #4512, #5173 ) ;
#3158 = VECTOR ( 'NONE', #5336, 1000.000000000000000 ) ;
#3159 = DIRECTION ( 'NONE',  ( -0.000000000000000000, -1.000000000000000000, -0.000000000000000000 ) ) ;
#3160 = EDGE_CURVE ( 'NONE', #2736, #3064, #2384, .T. ) ;
#3161 = VERTEX_POINT ( 'NONE', #3212 ) ;
#3162 = VECTOR ( 'NONE', #684, 1000.000000000000000 ) ;
#3163 = DIRECTION ( 'NONE',  ( 0.000000000000000000, 0.000000000000000000, 1.000000000000000000 ) ) ;
#3164 = CARTESIAN_POINT ( 'NONE',  ( 11.50000000000000178, 0.000000000000000000, -41.24999999999999289 ) ) ;
#3165 = LINE ( 'NONE', #5008, #2531 ) ;
#3166 = VERTEX_POINT ( 'NONE', #2750 ) ;
#3167 = EDGE_LOOP ( 'NONE', ( #2294, #5492 ) ) ;
#3168 = ORIENTED_EDGE ( 'NONE', *, *, #1894, .F. ) ;
#3169 = AXIS2_PLACEMENT_3D ( 'NONE', #4826, #1206, #3931 ) ;
#3170 = CARTESIAN_POINT ( 'NONE',  ( 11.50000000000000178, 0.000000000000000000, -41.24999999999999289 ) ) ;
#3171 = CARTESIAN_POINT ( 'NONE',  ( 1.500000000000005107, 1.500000000000000000, -2.500000000000002220 ) ) ;
#3172 = ORIENTED_EDGE ( 'NONE', *, *, #121, .F. ) ;
#3173 = AXIS2_PLACEMENT_3D ( 'NONE', #1123, #208, #661 ) ;
#3174 = CARTESIAN_POINT ( 'NONE',  ( 12.99999999999997691, -1.600000000000000089, -28.00000000000000000 ) ) ;
#3175 = CARTESIAN_POINT ( 'NONE',  ( 12.99999999999995559, -1.600000000000000089, -6.999999999999990230 ) ) ;
#3176 = ORIENTED_EDGE ( 'NONE', *, *, #5096, .F. ) ;
#3177 = VECTOR ( 'NONE', #2680, 1000.000000000000000 ) ;
#3178 = ORIENTED_EDGE ( 'NONE', *, *, #939, .T. ) ;
#3179 = DIRECTION ( 'NONE',  ( -0.000000000000000000, -0.000000000000000000, 1.000000000000000000 ) ) ;
#3180 = EDGE_CURVE ( 'NONE', #3832, #3309, #1830, .T. ) ;
#3181 = DIRECTION ( 'NONE',  ( -0.000000000000000000, 0.000000000000000000, 1.000000000000000000 ) ) ;
#3182 = CARTESIAN_POINT ( 'NONE',  ( 10.00000000000000178, 7.099999999999999645, -38.99999999999999289 ) ) ;
#3183 = CARTESIAN_POINT ( 'NONE',  ( 2.000000000000000000, 1.500000000000000000, -41.99999999999999289 ) ) ;
#3184 = ORIENTED_EDGE ( 'NONE', *, *, #3303, .T. ) ;
#3185 = CIRCLE ( 'NONE', #1320, 2.000000000000000000 ) ;
#3186 = ORIENTED_EDGE ( 'NONE', *, *, #1877, .T. ) ;
#3187 = CARTESIAN_POINT ( 'NONE',  ( 14.50000000000002132, -5.501000000000002110, -20.50000000000000355 ) ) ;
#3188 = ORIENTED_EDGE ( 'NONE', *, *, #3264, .F. ) ;
#3189 = EDGE_CURVE ( 'NONE', #1840, #5585, #3736, .T. ) ;
#3190 = DIRECTION ( 'NONE',  ( -0.000000000000000000, -1.000000000000000000, 0.000000000000000000 ) ) ;
#3191 = DIRECTION ( 'NONE',  ( 0.000000000000000000, 0.000000000000000000, 1.000000000000000000 ) ) ;
#3192 = AXIS2_PLACEMENT_3D ( 'NONE', #4937, #2441, #4324 ) ;
#3193 = ORIENTED_EDGE ( 'NONE', *, *, #4129, .T. ) ;
#3194 = CARTESIAN_POINT ( 'NONE',  ( 14.49999999999998757, -5.501000000000002110, -26.00000000000000000 ) ) ;
#3195 = EDGE_CURVE ( 'NONE', #4850, #947, #2081, .T. ) ;
#3196 = CARTESIAN_POINT ( 'NONE',  ( 2.000000000000000000, 0.000000000000000000, -0.5000000000000000000 ) ) ;
#3197 = CARTESIAN_POINT ( 'NONE',  ( 13.99999999999998934, 0.000000000000000000, -31.49999999999999289 ) ) ;
#3198 = ORIENTED_EDGE ( 'NONE', *, *, #2699, .F. ) ;
#3199 = ORIENTED_EDGE ( 'NONE', *, *, #4217, .T. ) ;
#3200 = CARTESIAN_POINT ( 'NONE',  ( 1.500000000000000666, 1.500000000000000000, -3.250000000000000444 ) ) ;
#3201 = ADVANCED_FACE ( 'NONE', ( #997 ), #5117, .F. ) ;
#3202 = DIRECTION ( 'NONE',  ( -1.000000000000000000, -0.000000000000000000, -0.000000000000000000 ) ) ;
#3203 = EDGE_LOOP ( 'NONE', ( #2883, #4166, #271, #779, #656, #256, #3209, #2413, #5886, #1812, #3784, #51, #3585, #5675, #3193, #2683, #1411, #3742, #3079, #413, #675 ) ) ;
#3204 = ADVANCED_FACE ( 'NONE', ( #59 ), #4713, .T. ) ;
#3205 = DIRECTION ( 'NONE',  ( 0.000000000000000000, 1.000000000000000000, -0.000000000000000000 ) ) ;
#3206 = DIRECTION ( 'NONE',  ( 1.000000000000000000, 0.000000000000000000, 0.000000000000000000 ) ) ;
#3207 = AXIS2_PLACEMENT_3D ( 'NONE', #5605, #5639, #5240 ) ;
#3208 = DIRECTION ( 'NONE',  ( 0.000000000000000000, 0.000000000000000000, -1.000000000000000000 ) ) ;
#3209 = ORIENTED_EDGE ( 'NONE', *, *, #4256, .F. ) ;
#3210 = AXIS2_PLACEMENT_3D ( 'NONE', #2601, #4480, #1106 ) ;
#3211 = CYLINDRICAL_SURFACE ( 'NONE', #3777, 0.8500000000000035305 ) ;
#3212 = CARTESIAN_POINT ( 'NONE',  ( 1.500000000000000666, 1.500000000000000000, -41.49999999999999289 ) ) ;
#3213 = CARTESIAN_POINT ( 'NONE',  ( 1.500000000000005107, -5.500000000000000000, -26.19614813968157208 ) ) ;
#3214 = VECTOR ( 'NONE', #470, 1000.000000000000000 ) ;
#3215 = DIRECTION ( 'NONE',  ( 0.000000000000000000, 0.000000000000000000, -1.000000000000000000 ) ) ;
#3216 = EDGE_CURVE ( 'NONE', #3631, #3064, #5686, .T. ) ;
#3217 = ORIENTED_EDGE ( 'NONE', *, *, #1837, .F. ) ;
#3218 = ORIENTED_EDGE ( 'NONE', *, *, #2228, .T. ) ;
#3219 = CARTESIAN_POINT ( 'NONE',  ( 1.500000000000000666, 3.799999999999999822, -40.74999999999999289 ) ) ;
#3220 = VERTEX_POINT ( 'NONE', #457 ) ;
#3221 = FACE_OUTER_BOUND ( 'NONE', #5094, .T. ) ;
#3222 = ORIENTED_EDGE ( 'NONE', *, *, #5359, .T. ) ;
#3223 = CARTESIAN_POINT ( 'NONE',  ( 21.49999999999999645, 3.799999999999999822, -39.24999999999999289 ) ) ;
#3224 = VECTOR ( 'NONE', #3929, 1000.000000000000000 ) ;
#3225 = EDGE_LOOP ( 'NONE', ( #4646, #952, #4341, #3131 ) ) ;
#3226 = EDGE_CURVE ( 'NONE', #3001, #5448, #427, .T. ) ;
#3227 = FACE_OUTER_BOUND ( 'NONE', #4035, .T. ) ;
#3228 = DIRECTION ( 'NONE',  ( -1.000000000000000000, 0.000000000000000000, -0.000000000000000000 ) ) ;
#3229 = LINE ( 'NONE', #2304, #4605 ) ;
#3230 = VECTOR ( 'NONE', #5826, 1000.000000000000000 ) ;
#3231 = ORIENTED_EDGE ( 'NONE', *, *, #4726, .F. ) ;
#3232 = EDGE_LOOP ( 'NONE', ( #4439, #474, #3217, #3804 ) ) ;
#3233 = EDGE_CURVE ( 'NONE', #4600, #5543, #5148, .T. ) ;
#3234 = DIRECTION ( 'NONE',  ( -0.000000000000000000, -0.000000000000000000, 1.000000000000000000 ) ) ;
#3235 = DIRECTION ( 'NONE',  ( 1.000000000000000000, -0.000000000000000000, -0.000000000000000000 ) ) ;
#3236 = VERTEX_POINT ( 'NONE', #1891 ) ;
#3237 = AXIS2_PLACEMENT_3D ( 'NONE', #3259, #3811, #1416 ) ;
#3238 = CARTESIAN_POINT ( 'NONE',  ( 2.500000000000005329, 5.000000000000000000, -1.500000000000000000 ) ) ;
#3239 = CARTESIAN_POINT ( 'NONE',  ( 0.000000000000000000, 1.000000000000000000, -41.99999999999999289 ) ) ;
#3240 = ORIENTED_EDGE ( 'NONE', *, *, #821, .F. ) ;
#3241 = EDGE_CURVE ( 'NONE', #2769, #2947, #87, .T. ) ;
#3242 = CARTESIAN_POINT ( 'NONE',  ( 19.50000000000002132, -5.501000000000002110, -19.99999999999999645 ) ) ;
#3243 = CIRCLE ( 'NONE', #3826, 5.474999999999998757 ) ;
#3244 = DIRECTION ( 'NONE',  ( 0.000000000000000000, 0.000000000000000000, -1.000000000000000000 ) ) ;
#3245 = DIRECTION ( 'NONE',  ( -1.000000000000000000, 0.000000000000000000, 0.000000000000000000 ) ) ;
#3246 = CARTESIAN_POINT ( 'NONE',  ( 20.99999999999998934, -1.600000000000000089, -4.999999999999990230 ) ) ;
#3247 = ORIENTED_EDGE ( 'NONE', *, *, #3427, .T. ) ;
#3248 = FACE_OUTER_BOUND ( 'NONE', #4614, .T. ) ;
#3249 = ORIENTED_EDGE ( 'NONE', *, *, #5937, .T. ) ;
#3250 = CARTESIAN_POINT ( 'NONE',  ( 2.500000000000005329, -5.500000000000000000, -41.49999999999999289 ) ) ;
#3251 = ORIENTED_EDGE ( 'NONE', *, *, #494, .T. ) ;
#3252 = LINE ( 'NONE', #1468, #2489 ) ;
#3253 = VECTOR ( 'NONE', #2613, 1000.000000000000000 ) ;
#3254 = ORIENTED_EDGE ( 'NONE', *, *, #4686, .T. ) ;
#3255 = CARTESIAN_POINT ( 'NONE',  ( 1.500000000000000666, 3.799999999999999822, -40.74999999999999289 ) ) ;
#3256 = CIRCLE ( 'NONE', #610, 3.099999999999998757 ) ;
#3257 = CARTESIAN_POINT ( 'NONE',  ( 11.49999999999999822, 1.500000000000000000, -2.749999999999998668 ) ) ;
#3258 = EDGE_CURVE ( 'NONE', #963, #5230, #440, .T. ) ;
#3259 = CARTESIAN_POINT ( 'NONE',  ( 11.50000000000000178, -11.86396103067893293, -2.750000000000002665 ) ) ;
#3260 = ORIENTED_EDGE ( 'NONE', *, *, #1727, .T. ) ;
#3261 = STYLED_ITEM ( 'NONE', ( #1452 ), #4190 ) ;
#3262 = ORIENTED_EDGE ( 'NONE', *, *, #1422, .F. ) ;
#3263 = LINE ( 'NONE', #3814, #4931 ) ;
#3264 = EDGE_CURVE ( 'NONE', #947, #1303, #482, .T. ) ;
#3265 = LINE ( 'NONE', #1945, #985 ) ;
#3266 = ORIENTED_EDGE ( 'NONE', *, *, #209, .F. ) ;
#3267 = CARTESIAN_POINT ( 'NONE',  ( 14.49999999999999467, 1.500000000000000000, -24.50000000000000000 ) ) ;
#3268 = PRODUCT_DEFINITION_FORMATION_WITH_SPECIFIED_SOURCE ( '任何', '', #4964, .NOT_KNOWN. ) ;
#3269 = ADVANCED_FACE ( 'NONE', ( #4162 ), #3274, .T. ) ;
#3270 = DIRECTION ( 'NONE',  ( 1.000000000000000000, 0.000000000000000000, 0.000000000000000000 ) ) ;
#3271 = AXIS2_PLACEMENT_3D ( 'NONE', #6021, #3729, #5048 ) ;
#3272 = ORIENTED_EDGE ( 'NONE', *, *, #2920, .F. ) ;
#3273 = AXIS2_PLACEMENT_3D ( 'NONE', #5450, #1251, #5422 ) ;
#3274 = TOROIDAL_SURFACE ( 'NONE', #1407, 1.500000000000000000, 0.5000000000000000000 ) ;
#3275 = LINE ( 'NONE', #5146, #5716 ) ;
#3276 = EDGE_CURVE ( 'NONE', #3236, #2491, #1371, .T. ) ;
#3277 = CARTESIAN_POINT ( 'NONE',  ( 18.49999999999999645, 3.799999999999999822, -39.24999999999999289 ) ) ;
#3278 = PLANE ( 'NONE',  #734 ) ;
#3279 = AXIS2_PLACEMENT_3D ( 'NONE', #2587, #268, #2122 ) ;
#3280 = PLANE ( 'NONE',  #2374 ) ;
#3281 = ADVANCED_FACE ( 'NONE', ( #4832 ), #4863, .F. ) ;
#3282 = ORIENTED_EDGE ( 'NONE', *, *, #2140, .T. ) ;
#3283 = LINE ( 'NONE', #2293, #5251 ) ;
#3284 = EDGE_CURVE ( 'NONE', #3350, #2348, #4257, .T. ) ;
#3285 = PLANE ( 'NONE',  #1338 ) ;
#3286 = ORIENTED_EDGE ( 'NONE', *, *, #5688, .T. ) ;
#3287 = DIRECTION ( 'NONE',  ( 1.000000000000000000, 0.000000000000000000, -0.000000000000000000 ) ) ;
#3288 = VERTEX_POINT ( 'NONE', #4770 ) ;
#3289 = LINE ( 'NONE', #526, #4875 ) ;
#3290 = DIRECTION ( 'NONE',  ( -0.000000000000000000, -0.000000000000000000, 1.000000000000000000 ) ) ;
#3291 = VECTOR ( 'NONE', #466, 1000.000000000000000 ) ;
#3292 = FACE_OUTER_BOUND ( 'NONE', #4865, .T. ) ;
#3293 = EDGE_LOOP ( 'NONE', ( #5668, #5464, #958, #3928 ) ) ;
#3294 = ORIENTED_EDGE ( 'NONE', *, *, #4001, .F. ) ;
#3295 = FACE_OUTER_BOUND ( 'NONE', #2739, .T. ) ;
#3296 = EDGE_CURVE ( 'NONE', #1804, #2204, #1800, .T. ) ;
#3297 = VECTOR ( 'NONE', #2167, 1000.000000000000000 ) ;
#3298 = FACE_OUTER_BOUND ( 'NONE', #3946, .T. ) ;
#3299 = ORIENTED_EDGE ( 'NONE', *, *, #3226, .F. ) ;
#3300 = CARTESIAN_POINT ( 'NONE',  ( 23.00100000000000122, -4.099999999999997868, -24.89999999999999858 ) ) ;
#3301 = DIRECTION ( 'NONE',  ( 0.000000000000000000, 0.000000000000000000, 1.000000000000000000 ) ) ;
#3302 = ORIENTED_EDGE ( 'NONE', *, *, #1457, .T. ) ;
#3303 = EDGE_CURVE ( 'NONE', #1657, #980, #2032, .T. ) ;
#3304 = CARTESIAN_POINT ( 'NONE',  ( 0.5000000000000000000, 0.5000000000000000000, -41.99999999999999289 ) ) ;
#3305 = CARTESIAN_POINT ( 'NONE',  ( 2.000000000000000000, 1.000000000000000000, -41.99999999999999289 ) ) ;
#3306 = CARTESIAN_POINT ( 'NONE',  ( 15.24165738677394266, -5.500000000000000000, -1.500000000000000000 ) ) ;
#3307 = EDGE_LOOP ( 'NONE', ( #56, #1525, #3783, #797 ) ) ;
#3308 = AXIS2_PLACEMENT_3D ( 'NONE', #2757, #436, #788 ) ;
#3309 = VERTEX_POINT ( 'NONE', #1089 ) ;
#3310 = ORIENTED_EDGE ( 'NONE', *, *, #5849, .F. ) ;
#3311 = DIRECTION ( 'NONE',  ( -0.000000000000000000, -0.000000000000000000, 1.000000000000000000 ) ) ;
#3312 = LINE ( 'NONE', #1377, #4681 ) ;
#3313 = VECTOR ( 'NONE', #4418, 1000.000000000000000 ) ;
#3314 = VERTEX_POINT ( 'NONE', #2090 ) ;
#3315 = DIRECTION ( 'NONE',  ( 1.000000000000000000, 0.000000000000000000, 0.000000000000000000 ) ) ;
#3316 = VERTEX_POINT ( 'NONE', #2521 ) ;
#3317 = EDGE_CURVE ( 'NONE', #4774, #1853, #1027, .T. ) ;
#3318 = ORIENTED_EDGE ( 'NONE', *, *, #2592, .T. ) ;
#3319 = LINE ( 'NONE', #4301, #1645 ) ;
#3320 = DIRECTION ( 'NONE',  ( -0.000000000000000000, 1.000000000000000000, -0.000000000000000000 ) ) ;
#3321 = DIRECTION ( 'NONE',  ( -1.000000000000000000, -0.000000000000000000, -0.000000000000000000 ) ) ;
#3322 = ORIENTED_EDGE ( 'NONE', *, *, #4514, .T. ) ;
#3323 = VERTEX_POINT ( 'NONE', #3847 ) ;
#3324 = EDGE_CURVE ( 'NONE', #4238, #663, #2988, .T. ) ;
#3325 = FACE_OUTER_BOUND ( 'NONE', #2273, .T. ) ;
#3326 = ORIENTED_EDGE ( 'NONE', *, *, #3660, .F. ) ;
#3327 =( NAMED_UNIT ( * ) PLANE_ANGLE_UNIT ( ) SI_UNIT ( $, .RADIAN. ) );
#3328 = CARTESIAN_POINT ( 'NONE',  ( 23.00000000000000000, 1.500000000000000000, -41.99999999999999289 ) ) ;
#3329 = ORIENTED_EDGE ( 'NONE', *, *, #3007, .F. ) ;
#3330 = VECTOR ( 'NONE', #4219, 1000.000000000000000 ) ;
#3331 = DIRECTION ( 'NONE',  ( -1.000000000000000000, 0.000000000000000000, -0.000000000000000000 ) ) ;
#3332 = DIRECTION ( 'NONE',  ( -0.000000000000000000, 1.000000000000000000, -0.000000000000000000 ) ) ;
#3333 = CARTESIAN_POINT ( 'NONE',  ( 0.000000000000000000, 1.500000000000000000, -44.00000000000000000 ) ) ;
#3334 = EDGE_CURVE ( 'NONE', #1490, #1413, #4406, .T. ) ;
#3335 = CIRCLE ( 'NONE', #4516, 1.000000000000000000 ) ;
#3336 = ORIENTED_EDGE ( 'NONE', *, *, #250, .F. ) ;
#3337 = EDGE_CURVE ( 'NONE', #3400, #1778, #1544, .T. ) ;
#3338 = DIRECTION ( 'NONE',  ( 0.000000000000000000, -1.000000000000000000, 0.000000000000000000 ) ) ;
#3339 = TOROIDAL_SURFACE ( 'NONE', #1769, 1.500000000000000000, 0.5000000000000000000 ) ;
#3340 = CARTESIAN_POINT ( 'NONE',  ( 19.50000000000002132, 0.000000000000000000, -20.50000000000000000 ) ) ;
#3341 = ORIENTED_EDGE ( 'NONE', *, *, #5638, .T. ) ;
#3342 = CARTESIAN_POINT ( 'NONE',  ( 19.99999999999998934, 0.000000000000000000, -25.99999999999999289 ) ) ;
#3343 = EDGE_CURVE ( 'NONE', #520, #5170, #3882, .T. ) ;
#3344 = ORIENTED_EDGE ( 'NONE', *, *, #3544, .T. ) ;
#3345 = CYLINDRICAL_SURFACE ( 'NONE', #4389, 5.474999999999998757 ) ;
#3346 = DIRECTION ( 'NONE',  ( 0.000000000000000000, -1.000000000000000000, 0.000000000000000000 ) ) ;
#3347 = CYLINDRICAL_SURFACE ( 'NONE', #1664, 1.299999999999999156 ) ;
#3348 = EDGE_CURVE ( 'NONE', #1016, #963, #4315, .T. ) ;
#3349 = VERTEX_POINT ( 'NONE', #5294 ) ;
#3350 = VERTEX_POINT ( 'NONE', #2957 ) ;
#3351 = CYLINDRICAL_SURFACE ( 'NONE', #4343, 0.5000000000000038858 ) ;
#3352 = AXIS2_PLACEMENT_3D ( 'NONE', #4347, #2005, #3883 ) ;
#3353 = LINE ( 'NONE', #5257, #4222 ) ;
#3354 = EDGE_CURVE ( 'NONE', #2243, #2044, #2897, .T. ) ;
#3355 = EDGE_LOOP ( 'NONE', ( #5948, #4332, #5392, #1760 ) ) ;
#3356 = DIRECTION ( 'NONE',  ( -1.000000000000000000, 0.000000000000000000, -0.000000000000000000 ) ) ;
#3357 = DIRECTION ( 'NONE',  ( 1.000000000000000000, 0.000000000000000000, -1.127570259384924611E-16 ) ) ;
#3358 = ADVANCED_FACE ( 'NONE', ( #630 ), #3488, .F. ) ;
#3359 = VECTOR ( 'NONE', #292, 1000.000000000000000 ) ;
#3360 = ORIENTED_EDGE ( 'NONE', *, *, #1483, .T. ) ;
#3361 = AXIS2_PLACEMENT_3D ( 'NONE', #1202, #4946, #4367 ) ;
#3362 = CARTESIAN_POINT ( 'NONE',  ( -0.001000000000001000089, -5.500000000000000000, -29.99999999999999289 ) ) ;
#3363 = DIRECTION ( 'NONE',  ( -0.7071067811865500152, -0.7071067811865450192, 0.000000000000000000 ) ) ;
#3364 = VECTOR ( 'NONE', #6054, 1000.000000000000000 ) ;
#3365 = DIRECTION ( 'NONE',  ( -0.000000000000000000, 1.000000000000000000, -0.000000000000000000 ) ) ;
#3366 = EDGE_LOOP ( 'NONE', ( #3442, #3930 ) ) ;
#3367 = ORIENTED_EDGE ( 'NONE', *, *, #3337, .T. ) ;
#3368 = ADVANCED_FACE ( 'NONE', ( #3457 ), #4435, .F. ) ;
#3369 = EDGE_LOOP ( 'NONE', ( #5705, #3136 ) ) ;
#3370 = AXIS2_PLACEMENT_3D ( 'NONE', #5357, #2927, #5772 ) ;
#3371 = DIRECTION ( 'NONE',  ( 0.000000000000000000, 0.000000000000000000, 1.000000000000000000 ) ) ;
#3372 = CARTESIAN_POINT ( 'NONE',  ( 0.000000000000000000, 1.000000000000000000, -43.50000000000000000 ) ) ;
#3373 = AXIS2_PLACEMENT_3D ( 'NONE', #4798, #2896, #3331 ) ;
#3374 = CARTESIAN_POINT ( 'NONE',  ( 20.24999999999998934, 0.000000000000000000, -29.99999999999999645 ) ) ;
#3375 = ORIENTED_EDGE ( 'NONE', *, *, #2318, .T. ) ;
#3376 = EDGE_CURVE ( 'NONE', #887, #2075, #4379, .T. ) ;
#3377 = CARTESIAN_POINT ( 'NONE',  ( 21.49999999999999289, 0.000000000000000000, -1.500000000000000000 ) ) ;
#3378 = DIRECTION ( 'NONE',  ( -0.000000000000000000, -1.000000000000000000, -0.000000000000000000 ) ) ;
#3379 = DIRECTION ( 'NONE',  ( -8.462065736472231082E-17, -0.000000000000000000, -1.000000000000000000 ) ) ;
#3380 = ORIENTED_EDGE ( 'NONE', *, *, #3040, .T. ) ;
#3381 = ORIENTED_EDGE ( 'NONE', *, *, #2857, .T. ) ;
#3382 = FILL_AREA_STYLE_COLOUR ( '', #5130 ) ;
#3383 = EDGE_CURVE ( 'NONE', #1348, #2114, #4154, .T. ) ;
#3384 = FACE_OUTER_BOUND ( 'NONE', #5463, .T. ) ;
#3385 = AXIS2_PLACEMENT_3D ( 'NONE', #4694, #1868, #2905 ) ;
#3386 = LINE ( 'NONE', #5622, #1112 ) ;
#3387 = FACE_OUTER_BOUND ( 'NONE', #649, .T. ) ;
#3388 = EDGE_CURVE ( 'NONE', #1931, #5058, #688, .T. ) ;
#3389 = AXIS2_PLACEMENT_3D ( 'NONE', #428, #1489, #5205 ) ;
#3390 = EDGE_LOOP ( 'NONE', ( #3156, #432, #3922, #618 ) ) ;
#3391 = CIRCLE ( 'NONE', #2995, 1.000000000000000000 ) ;
#3392 = CARTESIAN_POINT ( 'NONE',  ( 2.000000000000000000, 0.5000000000000000000, 0.000000000000000000 ) ) ;
#3393 = VECTOR ( 'NONE', #3543, 1000.000000000000000 ) ;
#3394 = EDGE_CURVE ( 'NONE', #2758, #4137, #5235, .T. ) ;
#3395 = LINE ( 'NONE', #1922, #3744 ) ;
#3396 = DIRECTION ( 'NONE',  ( -0.000000000000000000, 0.000000000000000000, 1.000000000000000000 ) ) ;
#3397 = DIRECTION ( 'NONE',  ( 0.000000000000000000, 0.000000000000000000, -1.000000000000000000 ) ) ;
#3398 = VERTEX_POINT ( 'NONE', #4960 ) ;
#3399 = ORIENTED_EDGE ( 'NONE', *, *, #2969, .F. ) ;
#3400 = VERTEX_POINT ( 'NONE', #4559 ) ;
#3401 = DIRECTION ( 'NONE',  ( -1.000000000000000000, 1.665334536937717061E-16, 0.000000000000000000 ) ) ;
#3402 = CYLINDRICAL_SURFACE ( 'NONE', #1685, 0.9999999999999991118 ) ;
#3403 = DIRECTION ( 'NONE',  ( 0.000000000000000000, 0.000000000000000000, -1.000000000000000000 ) ) ;
#3404 = AXIS2_PLACEMENT_3D ( 'NONE', #2439, #5272, #1063 ) ;
#3405 = VERTEX_POINT ( 'NONE', #1216 ) ;
#3406 = CIRCLE ( 'NONE', #1051, 1.500000000000000000 ) ;
#3407 = CARTESIAN_POINT ( 'NONE',  ( 20.99999999999998934, -1.600000000000000089, -28.00000000000000355 ) ) ;
#3408 = CARTESIAN_POINT ( 'NONE',  ( 2.000000000000000000, 0.5000000000000000000, -44.00000000000000000 ) ) ;
#3409 = CARTESIAN_POINT ( 'NONE',  ( 7.500000000000000888, 1.500000000000000000, -39.24999999999999289 ) ) ;
#3410 = EDGE_CURVE ( 'NONE', #1344, #4066, #745, .T. ) ;
#3411 = VERTEX_POINT ( 'NONE', #3117 ) ;
#3412 = CIRCLE ( 'NONE', #2227, 0.5000000000000004441 ) ;
#3413 = ORIENTED_EDGE ( 'NONE', *, *, #3617, .T. ) ;
#3414 =( LENGTH_UNIT ( ) NAMED_UNIT ( * ) SI_UNIT ( .MILLI., .METRE. ) );
#3415 = ORIENTED_EDGE ( 'NONE', *, *, #2503, .F. ) ;
#3416 = LINE ( 'NONE', #5284, #3393 ) ;
#3417 = ORIENTED_EDGE ( 'NONE', *, *, #2125, .F. ) ;
#3418 = CARTESIAN_POINT ( 'NONE',  ( 1.500000000000005107, 0.000000000000000000, -41.49999999999999289 ) ) ;
#3419 = PLANE ( 'NONE',  #3030 ) ;
#3420 = EDGE_CURVE ( 'NONE', #1378, #435, #5833, .T. ) ;
#3421 = VECTOR ( 'NONE', #198, 1000.000000000000000 ) ;
#3422 = VERTEX_POINT ( 'NONE', #5864 ) ;
#3423 = CARTESIAN_POINT ( 'NONE',  ( 1.500000000000000444, 5.000000000000000000, -42.49999999999999289 ) ) ;
#3424 = DIRECTION ( 'NONE',  ( -1.000000000000000000, 0.000000000000000000, 0.000000000000000000 ) ) ;
#3425 = DIRECTION ( 'NONE',  ( -0.000000000000000000, -0.000000000000000000, 1.000000000000000000 ) ) ;
#3426 = CARTESIAN_POINT ( 'NONE',  ( 12.99999999999995381, -1.600000000000000089, -4.999999999999990230 ) ) ;
#3427 = EDGE_CURVE ( 'NONE', #2729, #2424, #4097, .T. ) ;
#3428 = AXIS2_PLACEMENT_3D ( 'NONE', #349, #2733, #5070 ) ;
#3429 = ORIENTED_EDGE ( 'NONE', *, *, #4395, .T. ) ;
#3430 = VERTEX_POINT ( 'NONE', #3553 ) ;
#3431 = AXIS2_PLACEMENT_3D ( 'NONE', #5250, #1041, #586 ) ;
#3432 = CARTESIAN_POINT ( 'NONE',  ( 20.99999999999998934, -1.600000000000000089, -4.999999999999990230 ) ) ;
#3433 = CARTESIAN_POINT ( 'NONE',  ( 1.500000000000000444, 5.000000000000000000, -42.49999999999999289 ) ) ;
#3434 = CARTESIAN_POINT ( 'NONE',  ( 20.99999999999999645, 1.500000000000000000, -41.99999999999999289 ) ) ;
#3435 = EDGE_CURVE ( 'NONE', #4544, #5167, #336, .T. ) ;
#3436 = ORIENTED_EDGE ( 'NONE', *, *, #2647, .T. ) ;
#3437 = CYLINDRICAL_SURFACE ( 'NONE', #5658, 0.5000000000000000000 ) ;
#3438 = DIRECTION ( 'NONE',  ( -0.000000000000000000, -1.000000000000000000, -0.000000000000000000 ) ) ;
#3439 = AXIS2_PLACEMENT_3D ( 'NONE', #3902, #1235, #2483 ) ;
#3440 = CARTESIAN_POINT ( 'NONE',  ( 14.50000000000000000, -5.501000000000002110, -21.49999999999999645 ) ) ;
#3441 = ORIENTED_EDGE ( 'NONE', *, *, #2857, .F. ) ;
#3442 = ORIENTED_EDGE ( 'NONE', *, *, #1590, .F. ) ;
#3443 = ORIENTED_EDGE ( 'NONE', *, *, #5261, .F. ) ;
#3444 = DIRECTION ( 'NONE',  ( -0.000000000000000000, 1.000000000000000000, -0.000000000000000000 ) ) ;
#3445 = EDGE_CURVE ( 'NONE', #800, #4795, #1311, .T. ) ;
#3446 = CARTESIAN_POINT ( 'NONE',  ( 1.500000000000005107, -5.500000000000000000, -41.49999999999999289 ) ) ;
#3447 = CARTESIAN_POINT ( 'NONE',  ( 19.99999999999998934, 0.5000000000000000000, -25.99999999999999289 ) ) ;
#3448 = AXIS2_PLACEMENT_3D ( 'NONE', #5355, #5770, #293 ) ;
#3449 = CIRCLE ( 'NONE', #4430, 2.000000000000000000 ) ;
#3450 = ORIENTED_EDGE ( 'NONE', *, *, #2679, .T. ) ;
#3451 = CARTESIAN_POINT ( 'NONE',  ( 2.500000000000005329, 0.000000000000000000, -42.49999999999999289 ) ) ;
#3452 = ORIENTED_EDGE ( 'NONE', *, *, #4370, .F. ) ;
#3453 = DIRECTION ( 'NONE',  ( -0.000000000000000000, 1.000000000000000000, -0.000000000000000000 ) ) ;
#3454 = EDGE_CURVE ( 'NONE', #1503, #1344, #325, .T. ) ;
#3455 = CARTESIAN_POINT ( 'NONE',  ( 2.500000000000005329, 0.000000000000000000, -41.49999999999999289 ) ) ;
#3456 = CIRCLE ( 'NONE', #796, 2.250000000000001776 ) ;
#3457 = FACE_OUTER_BOUND ( 'NONE', #2006, .T. ) ;
#3458 = LINE ( 'NONE', #4833, #1973 ) ;
#3459 = ORIENTED_EDGE ( 'NONE', *, *, #1469, .F. ) ;
#3460 = LINE ( 'NONE', #3121, #346 ) ;
#3461 = ORIENTED_EDGE ( 'NONE', *, *, #1149, .F. ) ;
#3462 = EDGE_CURVE ( 'NONE', #3039, #3147, #4497, .T. ) ;
#3463 = DIRECTION ( 'NONE',  ( -1.000000000000000000, -0.000000000000000000, -1.216421949617883318E-16 ) ) ;
#3464 = PLANE ( 'NONE',  #510 ) ;
#3465 = DIRECTION ( 'NONE',  ( -1.000000000000000000, -0.000000000000000000, -0.000000000000000000 ) ) ;
#3466 = VERTEX_POINT ( 'NONE', #3612 ) ;
#3467 = VECTOR ( 'NONE', #1947, 1000.000000000000000 ) ;
#3468 = EDGE_CURVE ( 'NONE', #4838, #1016, #296, .T. ) ;
#3469 = VECTOR ( 'NONE', #5085, 1000.000000000000000 ) ;
#3470 = LINE ( 'NONE', #2971, #5079 ) ;
#3471 = CARTESIAN_POINT ( 'NONE',  ( 12.99999999999995381, -1.600000000000000089, -4.999999999999990230 ) ) ;
#3472 = ORIENTED_EDGE ( 'NONE', *, *, #978, .F. ) ;
#3473 = CARTESIAN_POINT ( 'NONE',  ( 20.99999999999999645, 1.500000000000000000, -2.000000000000000000 ) ) ;
#3474 = AXIS2_PLACEMENT_3D ( 'NONE', #1182, #4063, #5930 ) ;
#3475 = ORIENTED_EDGE ( 'NONE', *, *, #4001, .T. ) ;
#3476 = DIRECTION ( 'NONE',  ( 9.059632004271005835E-16, -1.000000000000000000, -2.775557561562891351E-16 ) ) ;
#3477 = ORIENTED_EDGE ( 'NONE', *, *, #670, .F. ) ;
#3478 = CARTESIAN_POINT ( 'NONE',  ( 19.50000000000000000, 1.500000000000000000, -22.00000000000000000 ) ) ;
#3479 = ORIENTED_EDGE ( 'NONE', *, *, #5059, .F. ) ;
#3480 = FACE_OUTER_BOUND ( 'NONE', #4122, .T. ) ;
#3481 = CARTESIAN_POINT ( 'NONE',  ( 0.5000000000000000000, 1.500000000000000000, -2.000000000000000000 ) ) ;
#3482 = VECTOR ( 'NONE', #3179, 1000.000000000000000 ) ;
#3483 = ORIENTED_EDGE ( 'NONE', *, *, #670, .T. ) ;
#3484 = PLANE ( 'NONE',  #31 ) ;
#3485 = VECTOR ( 'NONE', #2661, 1000.000000000000000 ) ;
#3486 = DIRECTION ( 'NONE',  ( 1.000000000000000000, 0.000000000000000000, 0.000000000000000000 ) ) ;
#3487 = FACE_OUTER_BOUND ( 'NONE', #4954, .T. ) ;
#3488 = PLANE ( 'NONE',  #3853 ) ;
#3489 = AXIS2_PLACEMENT_3D ( 'NONE', #4227, #5568, #1892 ) ;
#3490 = LINE ( 'NONE', #5834, #3645 ) ;
#3491 = ADVANCED_FACE ( 'NONE', ( #1705 ), #1641, .F. ) ;
#3492 = CARTESIAN_POINT ( 'NONE',  ( 7.500000000000000888, 1.500000000000000000, -4.750000000000000888 ) ) ;
#3493 = ORIENTED_EDGE ( 'NONE', *, *, #3514, .F. ) ;
#3494 = VECTOR ( 'NONE', #2629, 1000.000000000000000 ) ;
#3495 = LINE ( 'NONE', #5723, #659 ) ;
#3496 = CARTESIAN_POINT ( 'NONE',  ( 1.500000000000000444, -5.500000000000000000, -2.500000000000000000 ) ) ;
#3497 = DIRECTION ( 'NONE',  ( 0.000000000000000000, 0.000000000000000000, -1.000000000000000000 ) ) ;
#3498 = EDGE_CURVE ( 'NONE', #4205, #4215, #4526, .T. ) ;
#3499 = APPLICATION_CONTEXT ( 'automotive_design' ) ;
#3500 = FACE_OUTER_BOUND ( 'NONE', #2306, .T. ) ;
#3501 = CARTESIAN_POINT ( 'NONE',  ( 12.99999999999997513, 0.000000000000000000, -30.00000000000000000 ) ) ;
#3502 = AXIS2_PLACEMENT_3D ( 'NONE', #3977, #151, #3401 ) ;
#3503 = ORIENTED_EDGE ( 'NONE', *, *, #1386, .F. ) ;
#3504 = CARTESIAN_POINT ( 'NONE',  ( 12.99999999999995559, -1.600000000000000089, -6.999999999999990230 ) ) ;
#3505 = ADVANCED_FACE ( 'NONE', ( #2188 ), #5388, .F. ) ;
#3506 = ORIENTED_EDGE ( 'NONE', *, *, #524, .T. ) ;
#3507 = CIRCLE ( 'NONE', #1639, 0.5000000000000038858 ) ;
#3508 = FILL_AREA_STYLE_COLOUR ( '', #1105 ) ;
#3509 = ORIENTED_EDGE ( 'NONE', *, *, #2565, .T. ) ;
#3510 = CARTESIAN_POINT ( 'NONE',  ( 7.500000000000000888, 3.799999999999999822, -3.250000000000000444 ) ) ;
#3511 = DIRECTION ( 'NONE',  ( 0.000000000000000000, -1.000000000000000000, 0.000000000000000000 ) ) ;
#3512 = DIRECTION ( 'NONE',  ( -0.000000000000000000, 1.000000000000000000, -0.000000000000000000 ) ) ;
#3513 = VECTOR ( 'NONE', #787, 1000.000000000000000 ) ;
#3514 = EDGE_CURVE ( 'NONE', #3859, #1083, #4465, .T. ) ;
#3515 = ORIENTED_EDGE ( 'NONE', *, *, #5331, .T. ) ;
#3516 = ORIENTED_EDGE ( 'NONE', *, *, #5816, .F. ) ;
#3517 = VERTEX_POINT ( 'NONE', #3052 ) ;
#3518 = CARTESIAN_POINT ( 'NONE',  ( 14.50000000000000000, 1.500000000000000000, -21.49999999999999645 ) ) ;
#3519 = LINE ( 'NONE', #2060, #5881 ) ;
#3520 = LINE ( 'NONE', #5832, #1520 ) ;
#3521 = CARTESIAN_POINT ( 'NONE',  ( 12.99999999999995559, -1.600000000000000089, -6.999999999999990230 ) ) ;
#3522 = CARTESIAN_POINT ( 'NONE',  ( 14.50000000000004263, 0.000000000000000000, -17.49999999999999645 ) ) ;
#3523 = EDGE_LOOP ( 'NONE', ( #3475, #5557, #1323, #4709 ) ) ;
#3524 = EDGE_LOOP ( 'NONE', ( #127, #3901, #1374, #3976 ) ) ;
#3525 = CARTESIAN_POINT ( 'NONE',  ( 22.50000000000000000, 0.5000000000000000000, -2.000000000000000000 ) ) ;
#3526 = ADVANCED_FACE ( 'NONE', ( #5015 ), #4926, .F. ) ;
#3527 = LINE ( 'NONE', #2010, #366 ) ;
#3528 = DIRECTION ( 'NONE',  ( 0.000000000000000000, 0.000000000000000000, 1.000000000000000000 ) ) ;
#3529 = ORIENTED_EDGE ( 'NONE', *, *, #5075, .T. ) ;
#3530 = DIRECTION ( 'NONE',  ( -0.000000000000000000, 1.000000000000000000, -0.000000000000000000 ) ) ;
#3531 = CARTESIAN_POINT ( 'NONE',  ( 23.00100000000000122, -5.399999999999997691, -17.80000000000000071 ) ) ;
#3532 = EDGE_CURVE ( 'NONE', #862, #2422, #3730, .T. ) ;
#3533 = AXIS2_PLACEMENT_3D ( 'NONE', #1108, #1139, #2603 ) ;
#3534 = LINE ( 'NONE', #3861, #180 ) ;
#3535 = EDGE_LOOP ( 'NONE', ( #5550, #2479, #4818, #4417 ) ) ;
#3536 = EDGE_CURVE ( 'NONE', #3398, #647, #304, .T. ) ;
#3537 = CARTESIAN_POINT ( 'NONE',  ( 11.50000000000000178, 0.000000000000000000, -40.39999999999999147 ) ) ;
#3538 = VERTEX_POINT ( 'NONE', #3239 ) ;
#3539 = DIRECTION ( 'NONE',  ( 1.000000000000000000, 0.000000000000000000, -1.445602896647338177E-16 ) ) ;
#3540 = ORIENTED_EDGE ( 'NONE', *, *, #1179, .F. ) ;
#3541 = VERTEX_POINT ( 'NONE', #3059 ) ;
#3542 = VECTOR ( 'NONE', #2446, 1000.000000000000000 ) ;
#3543 = DIRECTION ( 'NONE',  ( 0.000000000000000000, -1.000000000000000000, 0.000000000000000000 ) ) ;
#3544 = EDGE_CURVE ( 'NONE', #3314, #3899, #1412, .T. ) ;
#3545 = CARTESIAN_POINT ( 'NONE',  ( 15.24165738677394444, -5.500000000000000000, -42.49999999999999289 ) ) ;
#3546 = CARTESIAN_POINT ( 'NONE',  ( 11.50000000000000178, 0.000000000000000000, -42.10000000000000142 ) ) ;
#3547 = ORIENTED_EDGE ( 'NONE', *, *, #2205, .F. ) ;
#3548 = EDGE_LOOP ( 'NONE', ( #3984, #5713, #4509, #2961 ) ) ;
#3549 = CARTESIAN_POINT ( 'NONE',  ( 7.500000000000000888, 5.000000000000000000, -3.250000000000000444 ) ) ;
#3550 = CARTESIAN_POINT ( 'NONE',  ( 11.49999999999999822, -1.387778780781445676E-14, -2.749999999999999112 ) ) ;
#3551 = ADVANCED_FACE ( 'NONE', ( #3562, #479, #2280, #4680, #1394, #724, #5144, #5080 ), #936, .F. ) ;
#3552 = CARTESIAN_POINT ( 'NONE',  ( 1.500000000000000444, 1.500000000000000000, -42.49999999999999289 ) ) ;
#3553 = CARTESIAN_POINT ( 'NONE',  ( 23.00000000000000000, -5.500000000000000000, -41.99999999999999289 ) ) ;
#3554 = VECTOR ( 'NONE', #2063, 1000.000000000000000 ) ;
#3555 = CARTESIAN_POINT ( 'NONE',  ( 0.000000000000000000, 5.000000000000000000, -13.99999999999999112 ) ) ;
#3556 = EDGE_LOOP ( 'NONE', ( #2567, #553, #3251, #5473, #1387, #193, #1864, #533, #2000, #5515, #863, #2222, #3120, #3231, #1634, #5792, #1849, #34, #2493, #3622 ) ) ;
#3557 = VERTEX_POINT ( 'NONE', #2744 ) ;
#3558 = EDGE_CURVE ( 'NONE', #4689, #1284, #4839, .T. ) ;
#3559 = AXIS2_PLACEMENT_3D ( 'NONE', #4065, #2648, #2218 ) ;
#3560 = CARTESIAN_POINT ( 'NONE',  ( 1.525359410719045128, -11.86396103067893293, -40.74999999999999289 ) ) ;
#3561 = PLANE ( 'NONE',  #239 ) ;
#3562 = FACE_BOUND ( 'NONE', #2918, .T. ) ;
#3563 = CARTESIAN_POINT ( 'NONE',  ( -0.001000000000001000089, 5.000000000000000000, -17.80466220419335599 ) ) ;
#3564 = AXIS2_PLACEMENT_3D ( 'NONE', #698, #4997, #4938 ) ;
#3565 = DIRECTION ( 'NONE',  ( 1.000000000000000000, 0.000000000000000000, 0.000000000000000000 ) ) ;
#3566 = CARTESIAN_POINT ( 'NONE',  ( 0.5000000000000000000, 0.5000000000000000000, -2.000000000000000000 ) ) ;
#3567 = AXIS2_PLACEMENT_3D ( 'NONE', #4553, #2307, #1241 ) ;
#3568 = DIRECTION ( 'NONE',  ( -0.000000000000000000, -1.000000000000000000, -0.000000000000000000 ) ) ;
#3569 = DIRECTION ( 'NONE',  ( 1.000000000000000000, 0.000000000000000000, -0.000000000000000000 ) ) ;
#3570 = AXIS2_PLACEMENT_3D ( 'NONE', #5078, #5228, #138 ) ;
#3571 = ORIENTED_EDGE ( 'NONE', *, *, #269, .F. ) ;
#3572 = AXIS2_PLACEMENT_3D ( 'NONE', #4037, #4993, #693 ) ;
#3573 = VECTOR ( 'NONE', #3704, 1000.000000000000000 ) ;
#3574 = EDGE_CURVE ( 'NONE', #5312, #1491, #4504, .T. ) ;
#3575 = DIRECTION ( 'NONE',  ( -1.000000000000000000, 0.000000000000000000, -0.000000000000000000 ) ) ;
#3576 = LINE ( 'NONE', #1114, #1673 ) ;
#3577 = AXIS2_PLACEMENT_3D ( 'NONE', #303, #2225, #5506 ) ;
#3578 = ORIENTED_EDGE ( 'NONE', *, *, #1622, .F. ) ;
#3579 = EDGE_CURVE ( 'NONE', #182, #4205, #6056, .T. ) ;
#3580 = LINE ( 'NONE', #3200, #5126 ) ;
#3581 = LINE ( 'NONE', #4433, #792 ) ;
#3582 = CARTESIAN_POINT ( 'NONE',  ( 23.00000000000000000, 0.5000000000000000000, -2.000000000000000000 ) ) ;
#3583 = CARTESIAN_POINT ( 'NONE',  ( 19.99999999999998934, 0.5000000000000000000, -25.99999999999999289 ) ) ;
#3584 = DIRECTION ( 'NONE',  ( 0.000000000000000000, -1.000000000000000000, 0.000000000000000000 ) ) ;
#3585 = ORIENTED_EDGE ( 'NONE', *, *, #4038, .F. ) ;
#3586 = EDGE_CURVE ( 'NONE', #5122, #3323, #3699, .T. ) ;
#3587 = ORIENTED_EDGE ( 'NONE', *, *, #2707, .T. ) ;
#3588 = LINE ( 'NONE', #212, #45 ) ;
#3589 = AXIS2_PLACEMENT_3D ( 'NONE', #2535, #5280, #1750 ) ;
#3590 = DIRECTION ( 'NONE',  ( -1.000000000000000000, 1.665334536937725443E-16, 9.376883653928682679E-16 ) ) ;
#3591 = LINE ( 'NONE', #5507, #2103 ) ;
#3592 = LINE ( 'NONE', #2627, #4728 ) ;
#3593 = CIRCLE ( 'NONE', #736, 4.724999999999997868 ) ;
#3594 = DIRECTION ( 'NONE',  ( 0.000000000000000000, -0.000000000000000000, 1.000000000000000000 ) ) ;
#3595 = CARTESIAN_POINT ( 'NONE',  ( 20.24999999999998934, -1.600000000000000089, -28.00000000000000355 ) ) ;
#3596 = ORIENTED_EDGE ( 'NONE', *, *, #2338, .T. ) ;
#3597 = CARTESIAN_POINT ( 'NONE',  ( 21.49999999999999645, 3.799999999999999822, -39.99999999999999289 ) ) ;
#3598 = ORIENTED_EDGE ( 'NONE', *, *, #114, .T. ) ;
#3599 = DIRECTION ( 'NONE',  ( 0.000000000000000000, 0.000000000000000000, -1.000000000000000000 ) ) ;
#3600 = DIRECTION ( 'NONE',  ( 0.000000000000000000, -1.000000000000000000, 0.000000000000000000 ) ) ;
#3601 = EDGE_CURVE ( 'NONE', #4702, #5836, #4055, .T. ) ;
#3602 = LINE ( 'NONE', #3197, #201 ) ;
#3603 = ORIENTED_EDGE ( 'NONE', *, *, #639, .T. ) ;
#3604 = EDGE_LOOP ( 'NONE', ( #3571, #1946, #3916, #1911 ) ) ;
#3605 = FACE_OUTER_BOUND ( 'NONE', #3225, .T. ) ;
#3606 = PRODUCT_RELATED_PRODUCT_CATEGORY ( 'part', '', ( #411 ) ) ;
#3607 = LINE ( 'NONE', #5466, #3635 ) ;
#3608 = ORIENTED_EDGE ( 'NONE', *, *, #1009, .T. ) ;
#3609 = LINE ( 'NONE', #4558, #135 ) ;
#3610 = AXIS2_PLACEMENT_3D ( 'NONE', #556, #3833, #3719 ) ;
#3611 = ADVANCED_FACE ( 'NONE', ( #1678 ), #3766, .T. ) ;
#3612 = CARTESIAN_POINT ( 'NONE',  ( 2.000000000000000000, 1.500000000000000000, -0.5000000000000000000 ) ) ;
#3613 = DIRECTION ( 'NONE',  ( -0.000000000000000000, 1.000000000000000000, -0.000000000000000000 ) ) ;
#3614 = ORIENTED_EDGE ( 'NONE', *, *, #2409, .T. ) ;
#3615 = VERTEX_POINT ( 'NONE', #5425 ) ;
#3616 = CARTESIAN_POINT ( 'NONE',  ( 20.24999999999998934, 0.000000000000000000, -4.999999999999990230 ) ) ;
#3617 = EDGE_CURVE ( 'NONE', #5058, #3557, #5839, .T. ) ;
#3618 = CARTESIAN_POINT ( 'NONE',  ( 1.500000000000000444, 1.500000000000000000, -42.49999999999999289 ) ) ;
#3619 = CARTESIAN_POINT ( 'NONE',  ( 21.49999999999999645, 5.000000000000000000, -40.74999999999999289 ) ) ;
#3620 = CARTESIAN_POINT ( 'NONE',  ( 22.50000000000000000, 1.500000000000000000, -41.99999999999999289 ) ) ;
#3621 = CARTESIAN_POINT ( 'NONE',  ( -5.693762313689888531E-18, 8.099999999999999645, -38.99999999999999289 ) ) ;
#3622 = ORIENTED_EDGE ( 'NONE', *, *, #1402, .T. ) ;
#3623 = DIRECTION ( 'NONE',  ( -1.000000000000000000, -0.000000000000000000, -0.000000000000000000 ) ) ;
#3624 = LINE ( 'NONE', #5064, #3485 ) ;
#3625 = ORIENTED_EDGE ( 'NONE', *, *, #2977, .F. ) ;
#3626 = AXIS2_PLACEMENT_3D ( 'NONE', #381, #4981, #1293 ) ;
#3627 = EDGE_CURVE ( 'NONE', #2343, #1491, #1648, .T. ) ;
#3628 = CARTESIAN_POINT ( 'NONE',  ( 0.000000000000000000, 5.000000000000000000, -44.00000000000000000 ) ) ;
#3629 = DIRECTION ( 'NONE',  ( -0.000000000000000000, 0.000000000000000000, 1.000000000000000000 ) ) ;
#3630 = CARTESIAN_POINT ( 'NONE',  ( 0.000000000000000000, -1.600000000000000089, 0.000000000000000000 ) ) ;
#3631 = VERTEX_POINT ( 'NONE', #1190 ) ;
#3632 = CARTESIAN_POINT ( 'NONE',  ( 2.500000000000000444, 5.000000000000000000, -41.49999999999999289 ) ) ;
#3633 = LINE ( 'NONE', #5495, #5202 ) ;
#3634 = ORIENTED_EDGE ( 'NONE', *, *, #5378, .T. ) ;
#3635 = VECTOR ( 'NONE', #1269, 1000.000000000000000 ) ;
#3636 = CARTESIAN_POINT ( 'NONE',  ( 21.49999999999999289, -5.500000000000000000, -41.49999999999999289 ) ) ;
#3637 = LINE ( 'NONE', #1218, #5787 ) ;
#3638 = EDGE_LOOP ( 'NONE', ( #5276, #3812, #1434, #1069 ) ) ;
#3639 = ORIENTED_EDGE ( 'NONE', *, *, #2079, .T. ) ;
#3640 = EDGE_LOOP ( 'NONE', ( #5047, #3680, #5129, #1382 ) ) ;
#3641 = EDGE_CURVE ( 'NONE', #1344, #1732, #5621, .T. ) ;
#3642 = DIRECTION ( 'NONE',  ( 0.000000000000000000, 0.000000000000000000, -1.000000000000000000 ) ) ;
#3643 = LINE ( 'NONE', #2256, #2970 ) ;
#3644 = DIRECTION ( 'NONE',  ( 0.000000000000000000, 0.000000000000000000, -1.000000000000000000 ) ) ;
#3645 = VECTOR ( 'NONE', #3365, 1000.000000000000000 ) ;
#3646 = DIRECTION ( 'NONE',  ( -1.000000000000000000, -0.000000000000000000, -0.000000000000000000 ) ) ;
#3647 = EDGE_CURVE ( 'NONE', #2259, #934, #1856, .T. ) ;
#3648 = VERTEX_POINT ( 'NONE', #2161 ) ;
#3649 = ORIENTED_EDGE ( 'NONE', *, *, #3454, .T. ) ;
#3650 = CARTESIAN_POINT ( 'NONE',  ( 2.000000000000000000, 1.000000000000000000, 0.000000000000000000 ) ) ;
#3651 = VERTEX_POINT ( 'NONE', #4040 ) ;
#3652 = FACE_OUTER_BOUND ( 'NONE', #1481, .T. ) ;
#3653 = AXIS2_PLACEMENT_3D ( 'NONE', #3183, #944, #142 ) ;
#3654 = CARTESIAN_POINT ( 'NONE',  ( 20.24999999999998934, 0.000000000000000000, -6.999999999999990230 ) ) ;
#3655 = EDGE_LOOP ( 'NONE', ( #404, #3717, #4650, #3360 ) ) ;
#3656 = AXIS2_PLACEMENT_3D ( 'NONE', #4151, #5528, #6018 ) ;
#3657 = DIRECTION ( 'NONE',  ( -0.000000000000000000, 1.000000000000000000, -0.000000000000000000 ) ) ;
#3658 = LINE ( 'NONE', #5522, #1473 ) ;
#3659 = DIRECTION ( 'NONE',  ( 0.000000000000000000, 0.000000000000000000, -1.000000000000000000 ) ) ;
#3660 = EDGE_CURVE ( 'NONE', #1030, #2093, #1713, .T. ) ;
#3661 = ORIENTED_EDGE ( 'NONE', *, *, #1628, .T. ) ;
#3662 = ORIENTED_EDGE ( 'NONE', *, *, #4738, .T. ) ;
#3663 = DIRECTION ( 'NONE',  ( 0.000000000000000000, -1.000000000000000000, 0.000000000000000000 ) ) ;
#3664 = CYLINDRICAL_SURFACE ( 'NONE', #1280, 1.300000000000002487 ) ;
#3665 = EDGE_LOOP ( 'NONE', ( #2498, #4844, #2024, #4006 ) ) ;
#3666 = VECTOR ( 'NONE', #4536, 1000.000000000000000 ) ;
#3667 = DIRECTION ( 'NONE',  ( -0.000000000000000000, 1.000000000000000000, -0.000000000000000000 ) ) ;
#3668 = DIRECTION ( 'NONE',  ( 0.000000000000000000, 0.000000000000000000, -1.000000000000000000 ) ) ;
#3669 = DIRECTION ( 'NONE',  ( -1.000000000000000000, 0.000000000000000000, -0.000000000000000000 ) ) ;
#3670 = EDGE_LOOP ( 'NONE', ( #2559, #5642, #2352, #5271 ) ) ;
#3671 = ORIENTED_EDGE ( 'NONE', *, *, #5553, .F. ) ;
#3672 = CARTESIAN_POINT ( 'NONE',  ( 21.49999999999999289, 1.500000000000000000, -42.49999999999999289 ) ) ;
#3673 = FACE_OUTER_BOUND ( 'NONE', #3959, .T. ) ;
#3674 = CARTESIAN_POINT ( 'NONE',  ( 7.500000000000000888, 5.000000000000000000, -39.99999999999999289 ) ) ;
#3675 = ADVANCED_FACE ( 'NONE', ( #870 ), #2373, .T. ) ;
#3676 = CARTESIAN_POINT ( 'NONE',  ( 20.24999999999998934, -1.600000000000000089, -4.999999999999990230 ) ) ;
#3677 = EDGE_LOOP ( 'NONE', ( #401, #3310, #4750, #3634 ) ) ;
#3678 = VECTOR ( 'NONE', #1552, 1000.000000000000000 ) ;
#3679 = CARTESIAN_POINT ( 'NONE',  ( 11.49999999999999822, -1.387778780781445676E-14, -2.749999999999999112 ) ) ;
#3680 = ORIENTED_EDGE ( 'NONE', *, *, #2808, .F. ) ;
#3681 = CARTESIAN_POINT ( 'NONE',  ( 11.50000000000000178, -11.86396103067893293, -3.600000000000003197 ) ) ;
#3682 = CARTESIAN_POINT ( 'NONE',  ( 13.99999999999998934, 0.5000000000000000000, -31.49999999999999289 ) ) ;
#3683 = EDGE_CURVE ( 'NONE', #5194, #2604, #4310, .T. ) ;
#3684 = CIRCLE ( 'NONE', #1326, 0.8500000000000009770 ) ;
#3685 = ORIENTED_EDGE ( 'NONE', *, *, #4352, .T. ) ;
#3686 = AXIS2_PLACEMENT_3D ( 'NONE', #1262, #4517, #2206 ) ;
#3687 = DIRECTION ( 'NONE',  ( 1.000000000000000000, 0.000000000000000000, 0.000000000000000000 ) ) ;
#3688 = FACE_BOUND ( 'NONE', #369, .T. ) ;
#3689 = PRODUCT ( 'top', 'top', '', ( #4884 ) ) ;
#3690 = DIRECTION ( 'NONE',  ( 0.000000000000000000, -1.000000000000000000, 0.000000000000000000 ) ) ;
#3691 = ADVANCED_FACE ( 'NONE', ( #2891 ), #3419, .F. ) ;
#3692 = VERTEX_POINT ( 'NONE', #4338 ) ;
#3693 = VERTEX_POINT ( 'NONE', #5288 ) ;
#3694 = DIRECTION ( 'NONE',  ( 0.000000000000000000, -0.000000000000000000, -1.000000000000000000 ) ) ;
#3695 =( REPRESENTATION_RELATIONSHIP ('NONE','NONE', #1881, #5264 ) REPRESENTATION_RELATIONSHIP_WITH_TRANSFORMATION ( #343 )SHAPE_REPRESENTATION_RELATIONSHIP( ) );
#3696 = DIRECTION ( 'NONE',  ( 0.000000000000000000, 0.000000000000000000, 1.000000000000000000 ) ) ;
#3697 = ORIENTED_EDGE ( 'NONE', *, *, #2426, .F. ) ;
#3698 = DIRECTION ( 'NONE',  ( -1.000000000000000000, 0.000000000000000000, 0.000000000000000000 ) ) ;
#3699 = LINE ( 'NONE', #4157, #4354 ) ;
#3700 = AXIS2_PLACEMENT_3D ( 'NONE', #2467, #4870, #5300 ) ;
#3701 = VERTEX_POINT ( 'NONE', #3758 ) ;
#3702 = CIRCLE ( 'NONE', #373, 2.250000000000000888 ) ;
#3703 = DIRECTION ( 'NONE',  ( 0.000000000000000000, 0.000000000000000000, 1.000000000000000000 ) ) ;
#3704 = DIRECTION ( 'NONE',  ( -1.000000000000000000, -0.000000000000000000, -0.000000000000000000 ) ) ;
#3705 = LINE ( 'NONE', #3306, #5824 ) ;
#3706 = AXIS2_PLACEMENT_3D ( 'NONE', #4206, #4241, #5698 ) ;
#3707 = CARTESIAN_POINT ( 'NONE',  ( 19.49999999999999289, 0.000000000000000000, -24.50000000000000355 ) ) ;
#3708 = ORIENTED_EDGE ( 'NONE', *, *, #3180, .T. ) ;
#3709 = ADVANCED_FACE ( 'NONE', ( #991 ), #1970, .T. ) ;
#3710 = LINE ( 'NONE', #1003, #2702 ) ;
#3711 = ORIENTED_EDGE ( 'NONE', *, *, #3683, .F. ) ;
#3712 = FACE_OUTER_BOUND ( 'NONE', #3640, .T. ) ;
#3713 = ORIENTED_EDGE ( 'NONE', *, *, #4622, .F. ) ;
#3714 = DIRECTION ( 'NONE',  ( -1.000000000000000000, -0.000000000000000000, -0.000000000000000000 ) ) ;
#3715 = CIRCLE ( 'NONE', #4498, 1.299999999999999156 ) ;
#3716 = PRODUCT_DEFINITION ( '未知', '', #2178, #5896 ) ;
#3717 = ORIENTED_EDGE ( 'NONE', *, *, #1332, .F. ) ;
#3718 = EDGE_CURVE ( 'NONE', #4459, #1490, #1511, .T. ) ;
#3719 = DIRECTION ( 'NONE',  ( 0.000000000000000000, 0.000000000000000000, 1.000000000000000000 ) ) ;
#3720 = DIRECTION ( 'NONE',  ( 0.000000000000000000, 0.000000000000000000, -1.000000000000000000 ) ) ;
#3721 = LINE ( 'NONE', #1385, #4701 ) ;
#3722 = AXIS2_PLACEMENT_3D ( 'NONE', #3076, #290, #5351 ) ;
#3723 = ORIENTED_EDGE ( 'NONE', *, *, #509, .T. ) ;
#3724 = EDGE_LOOP ( 'NONE', ( #1564, #5104, #1848, #2907 ) ) ;
#3725 = LINE ( 'NONE', #2396, #5027 ) ;
#3726 = LINE ( 'NONE', #4336, #5003 ) ;
#3727 = ORIENTED_EDGE ( 'NONE', *, *, #4775, .T. ) ;
#3728 = AXIS2_PLACEMENT_3D ( 'NONE', #558, #2421, #4303 ) ;
#3729 = DIRECTION ( 'NONE',  ( 0.000000000000000000, -1.000000000000000000, 0.000000000000000000 ) ) ;
#3730 = LINE ( 'NONE', #1826, #2877 ) ;
#3731 = ADVANCED_FACE ( 'NONE', ( #1050 ), #2428, .F. ) ;
#3732 = ORIENTED_EDGE ( 'NONE', *, *, #286, .F. ) ;
#3733 = ADVANCED_FACE ( 'NONE', ( #4827 ), #81, .T. ) ;
#3734 = DIRECTION ( 'NONE',  ( -1.000000000000000000, 0.000000000000000000, 8.462065736472232314E-17 ) ) ;
#3735 = AXIS2_PLACEMENT_3D ( 'NONE', #1663, #2512, #2080 ) ;
#3736 = LINE ( 'NONE', #3277, #1703 ) ;
#3737 = DIRECTION ( 'NONE',  ( 0.000000000000000000, 0.000000000000000000, 1.000000000000000000 ) ) ;
#3738 = DIRECTION ( 'NONE',  ( -1.000000000000000000, 0.000000000000000000, 8.462065736472232314E-17 ) ) ;
#3739 = VERTEX_POINT ( 'NONE', #5740 ) ;
#3740 = LINE ( 'NONE', #3219, #4859 ) ;
#3741 = FACE_BOUND ( 'NONE', #5113, .T. ) ;
#3742 = ORIENTED_EDGE ( 'NONE', *, *, #3324, .F. ) ;
#3743 = DIRECTION ( 'NONE',  ( 1.000000000000000000, 0.000000000000000000, 0.000000000000000000 ) ) ;
#3744 = VECTOR ( 'NONE', #5627, 1000.000000000000000 ) ;
#3745 = ORIENTED_EDGE ( 'NONE', *, *, #2808, .T. ) ;
#3746 = CARTESIAN_POINT ( 'NONE',  ( 0.000000000000000000, 0.000000000000000000, 0.000000000000000000 ) ) ;
#3747 = CIRCLE ( 'NONE', #5120, 1.850000000000000977 ) ;
#3748 = DIRECTION ( 'NONE',  ( 0.000000000000000000, 0.000000000000000000, -1.000000000000000000 ) ) ;
#3749 = CYLINDRICAL_SURFACE ( 'NONE', #3237, 2.250000000000000888 ) ;
#3750 = ADVANCED_FACE ( 'NONE', ( #3387 ), #3874, .T. ) ;
#3751 = EDGE_LOOP ( 'NONE', ( #4530, #3218, #2900, #1477 ) ) ;
#3752 = ORIENTED_EDGE ( 'NONE', *, *, #494, .F. ) ;
#3753 = SHAPE_REPRESENTATION_RELATIONSHIP ( 'NONE' , 'NONE' ,  #5264, #4190 ) ;
#3754 = CARTESIAN_POINT ( 'NONE',  ( 12.99999999999997691, -1.600000000000000089, -28.00000000000000000 ) ) ;
#3755 = ORIENTED_EDGE ( 'NONE', *, *, #3872, .F. ) ;
#3756 = DIRECTION ( 'NONE',  ( -1.000000000000000000, -0.000000000000000000, -0.000000000000000000 ) ) ;
#3757 = PRODUCT_DEFINITION_FORMATION_WITH_SPECIFIED_SOURCE ( '任何', '', #411, .NOT_KNOWN. ) ;
#3758 = CARTESIAN_POINT ( 'NONE',  ( 13.74999999999997691, -1.600000000000000089, -6.999999999999990230 ) ) ;
#3759 = EDGE_CURVE ( 'NONE', #2980, #3400, #2921, .T. ) ;
#3760 = CIRCLE ( 'NONE', #4254, 0.9999999999999991118 ) ;
#3761 = ORIENTED_EDGE ( 'NONE', *, *, #3115, .F. ) ;
#3762 = AXIS2_PLACEMENT_3D ( 'NONE', #5361, #4867, #2158 ) ;
#3763 = AXIS2_PLACEMENT_3D ( 'NONE', #3123, #1798, #2717 ) ;
#3764 = DIRECTION ( 'NONE',  ( -0.000000000000000000, -0.000000000000000000, 1.000000000000000000 ) ) ;
#3765 = CARTESIAN_POINT ( 'NONE',  ( 1.525359410719045128, -11.86396103067893293, -3.250000000000002665 ) ) ;
#3766 = TOROIDAL_SURFACE ( 'NONE', #4550, 1.500000000000000000, 0.5000000000000000000 ) ;
#3767 = EDGE_CURVE ( 'NONE', #4635, #2574, #3790, .T. ) ;
#3768 = ORIENTED_EDGE ( 'NONE', *, *, #4772, .T. ) ;
#3769 = CARTESIAN_POINT ( 'NONE',  ( 17.00000000000000000, -5.501000000000002110, -12.09999999999999787 ) ) ;
#3770 = CARTESIAN_POINT ( 'NONE',  ( 20.99999999999999645, 1.500000000000000000, -41.99999999999999289 ) ) ;
#3771 = ORIENTED_EDGE ( 'NONE', *, *, #3532, .F. ) ;
#3772 = PLANE ( 'NONE',  #162 ) ;
#3773 = FACE_OUTER_BOUND ( 'NONE', #4159, .T. ) ;
#3774 = ORIENTED_EDGE ( 'NONE', *, *, #5261, .T. ) ;
#3775 = PLANE ( 'NONE',  #5244 ) ;
#3776 = EDGE_CURVE ( 'NONE', #3517, #2095, #1081, .T. ) ;
#3777 = AXIS2_PLACEMENT_3D ( 'NONE', #1859, #1740, #1304 ) ;
#3778 = EDGE_LOOP ( 'NONE', ( #4639, #417, #5784, #938 ) ) ;
#3779 = FACE_OUTER_BOUND ( 'NONE', #896, .T. ) ;
#3780 = CARTESIAN_POINT ( 'NONE',  ( 3.525359410719047126, 0.000000000000000000, -39.24999999999999289 ) ) ;
#3781 = AXIS2_PLACEMENT_3D ( 'NONE', #5725, #2469, #2012 ) ;
#3782 = LINE ( 'NONE', #4276, #2248 ) ;
#3783 = ORIENTED_EDGE ( 'NONE', *, *, #6008, .T. ) ;
#3784 = ORIENTED_EDGE ( 'NONE', *, *, #1541, .F. ) ;
#3785 = DIRECTION ( 'NONE',  ( -0.000000000000000000, -1.000000000000000000, -0.000000000000000000 ) ) ;
#3786 = DIRECTION ( 'NONE',  ( 0.000000000000000000, 1.000000000000000000, 0.000000000000000000 ) ) ;
#3787 = EDGE_LOOP ( 'NONE', ( #872, #1210, #2844, #1467 ) ) ;
#3788 = EDGE_CURVE ( 'NONE', #1095, #2266, #4794, .T. ) ;
#3789 = CARTESIAN_POINT ( 'NONE',  ( 12.99999999999995381, -1.600000000000000089, -4.999999999999990230 ) ) ;
#3790 = LINE ( 'NONE', #2833, #5862 ) ;
#3791 = ORIENTED_EDGE ( 'NONE', *, *, #3767, .F. ) ;
#3792 = ORIENTED_EDGE ( 'NONE', *, *, #1710, .T. ) ;
#3793 = CARTESIAN_POINT ( 'NONE',  ( 3.525359410719047126, -11.86396103067893293, -39.24999999999999289 ) ) ;
#3794 = EDGE_CURVE ( 'NONE', #4137, #4724, #24, .T. ) ;
#3795 = VECTOR ( 'NONE', #4080, 1000.000000000000000 ) ;
#3796 = DIRECTION ( 'NONE',  ( 0.000000000000000000, 0.000000000000000000, 1.000000000000000000 ) ) ;
#3797 = CARTESIAN_POINT ( 'NONE',  ( 11.49999999999999822, -1.387778780781445676E-14, -2.749999999999999112 ) ) ;
#3798 = CIRCLE ( 'NONE', #1839, 1.299999999999999156 ) ;
#3799 = CYLINDRICAL_SURFACE ( 'NONE', #2675, 2.000000000000001776 ) ;
#3800 = EDGE_LOOP ( 'NONE', ( #2767, #2581, #5467, #3649 ) ) ;
#3801 = EDGE_CURVE ( 'NONE', #1275, #149, #140, .T. ) ;
#3802 = CARTESIAN_POINT ( 'NONE',  ( 14.49999999999998757, 0.5000000000000004441, -26.50000000000000355 ) ) ;
#3803 = CYLINDRICAL_SURFACE ( 'NONE', #3889, 1.000000000000000888 ) ;
#3804 = ORIENTED_EDGE ( 'NONE', *, *, #5849, .T. ) ;
#3805 = ORIENTED_EDGE ( 'NONE', *, *, #970, .F. ) ;
#3806 = PLANE ( 'NONE',  #731 ) ;
#3807 = ORIENTED_EDGE ( 'NONE', *, *, #1462, .F. ) ;
#3808 = EDGE_CURVE ( 'NONE', #868, #5656, #4708, .T. ) ;
#3809 = DIRECTION ( 'NONE',  ( -0.000000000000000000, -0.000000000000000000, -1.000000000000000000 ) ) ;
#3810 = CARTESIAN_POINT ( 'NONE',  ( 14.50000000000004263, 0.000000000000000000, -17.49999999999999645 ) ) ;
#3811 = DIRECTION ( 'NONE',  ( -0.000000000000000000, 1.000000000000000000, -0.000000000000000000 ) ) ;
#3812 = ORIENTED_EDGE ( 'NONE', *, *, #1059, .T. ) ;
#3813 = ORIENTED_EDGE ( 'NONE', *, *, #5217, .F. ) ;
#3814 = CARTESIAN_POINT ( 'NONE',  ( 1.500000000000000222, -5.500000000000000000, -1.500000000000000000 ) ) ;
#3815 = DIRECTION ( 'NONE',  ( 0.000000000000000000, 0.000000000000000000, -1.000000000000000000 ) ) ;
#3816 = ORIENTED_EDGE ( 'NONE', *, *, #4009, .T. ) ;
#3817 = DIRECTION ( 'NONE',  ( -0.000000000000000000, -1.000000000000000000, -0.000000000000000000 ) ) ;
#3818 = VECTOR ( 'NONE', #1940, 1000.000000000000000 ) ;
#3819 = DIRECTION ( 'NONE',  ( 0.000000000000000000, 0.000000000000000000, -1.000000000000000000 ) ) ;
#3820 = EDGE_CURVE ( 'NONE', #1348, #5955, #2142, .T. ) ;
#3821 = VERTEX_POINT ( 'NONE', #5681 ) ;
#3822 = LINE ( 'NONE', #3362, #532 ) ;
#3823 = CARTESIAN_POINT ( 'NONE',  ( 6.500000000000000000, 2.500000000000000000, -9.000000000000000000 ) ) ;
#3824 = DIRECTION ( 'NONE',  ( -1.000000000000000000, 0.000000000000000000, -0.000000000000000000 ) ) ;
#3825 = EDGE_CURVE ( 'NONE', #1921, #3538, #4951, .T. ) ;
#3826 = AXIS2_PLACEMENT_3D ( 'NONE', #317, #5007, #1384 ) ;
#3827 = LINE ( 'NONE', #2435, #333 ) ;
#3828 = VERTEX_POINT ( 'NONE', #171 ) ;
#3829 = DIRECTION ( 'NONE',  ( -0.000000000000000000, 1.000000000000000000, -0.000000000000000000 ) ) ;
#3830 = LINE ( 'NONE', #3374, #1516 ) ;
#3831 = EDGE_CURVE ( 'NONE', #1716, #4696, #2055, .T. ) ;
#3832 = VERTEX_POINT ( 'NONE', #1176 ) ;
#3833 = DIRECTION ( 'NONE',  ( -0.000000000000000000, 1.000000000000000000, -0.000000000000000000 ) ) ;
#3834 = CARTESIAN_POINT ( 'NONE',  ( 2.000000000000000000, 0.5000000000000000000, -41.99999999999999289 ) ) ;
#3835 = EDGE_CURVE ( 'NONE', #5043, #5738, #681, .T. ) ;
#3836 = CARTESIAN_POINT ( 'NONE',  ( 0.000000000000000000, -5.500000000000000000, 0.000000000000000000 ) ) ;
#3837 = ADVANCED_FACE ( 'NONE', ( #5380 ), #2026, .F. ) ;
#3838 = ORIENTED_EDGE ( 'NONE', *, *, #1289, .F. ) ;
#3839 = EDGE_LOOP ( 'NONE', ( #2759, #5072, #3608, #5576 ) ) ;
#3840 = CIRCLE ( 'NONE', #1680, 0.5000000000000000000 ) ;
#3841 = CARTESIAN_POINT ( 'NONE',  ( 13.34999999999999964, -1.398048343759228500E-14, -2.750000000000000888 ) ) ;
#3842 = ORIENTED_EDGE ( 'NONE', *, *, #5613, .T. ) ;
#3843 = DIRECTION ( 'NONE',  ( -1.127570259384924611E-16, 0.000000000000000000, -1.000000000000000000 ) ) ;
#3844 = AXIS2_PLACEMENT_3D ( 'NONE', #5397, #1282, #1681 ) ;
#3845 = EDGE_LOOP ( 'NONE', ( #5696, #4230, #1239, #2277 ) ) ;
#3846 = DIRECTION ( 'NONE',  ( -1.445602896647338177E-16, 0.000000000000000000, -1.000000000000000000 ) ) ;
#3847 = CARTESIAN_POINT ( 'NONE',  ( 18.49999999999999645, 5.000000000000000000, -40.74999999999999289 ) ) ;
#3848 = CIRCLE ( 'NONE', #5224, 1.850000000000000977 ) ;
#3849 = CARTESIAN_POINT ( 'NONE',  ( 10.49999999999999822, 1.500000000000000000, -2.749999999999997780 ) ) ;
#3850 = ORIENTED_EDGE ( 'NONE', *, *, #488, .T. ) ;
#3851 = MANIFOLD_SOLID_BREP ( '切除-拉伸6', #4545 ) ;
#3852 = ORIENTED_EDGE ( 'NONE', *, *, #1162, .F. ) ;
#3853 = AXIS2_PLACEMENT_3D ( 'NONE', #4896, #3396, #2488 ) ;
#3854 = ADVANCED_FACE ( 'NONE', ( #1148 ), #2607, .F. ) ;
#3855 = DIRECTION ( 'NONE',  ( 0.000000000000000000, -1.000000000000000000, 0.000000000000000000 ) ) ;
#3856 = CARTESIAN_POINT ( 'NONE',  ( 2.000000000000000000, 1.500000000000000000, -2.000000000000000000 ) ) ;
#3857 = AXIS2_PLACEMENT_3D ( 'NONE', #5659, #967, #1951 ) ;
#3858 = LINE ( 'NONE', #2528, #2199 ) ;
#3859 = VERTEX_POINT ( 'NONE', #5797 ) ;
#3860 = EDGE_LOOP ( 'NONE', ( #5620, #423, #4017, #1887 ) ) ;
#3861 = CARTESIAN_POINT ( 'NONE',  ( 1.525359410719044906, 0.000000000000000000, -39.24999999999999289 ) ) ;
#3862 = EDGE_CURVE ( 'NONE', #1657, #4702, #1665, .T. ) ;
#3863 = DIRECTION ( 'NONE',  ( 0.000000000000000000, 0.000000000000000000, -1.000000000000000000 ) ) ;
#3864 = CARTESIAN_POINT ( 'NONE',  ( 1.525359410719045128, -11.86396103067893293, -40.74999999999999289 ) ) ;
#3865 = VERTEX_POINT ( 'NONE', #3546 ) ;
#3866 = EDGE_LOOP ( 'NONE', ( #5618, #1261, #4034, #5878 ) ) ;
#3867 = APPLICATION_PROTOCOL_DEFINITION ( 'draft international standard', 'automotive_design', 1998, #448 ) ;
#3868 = ORIENTED_EDGE ( 'NONE', *, *, #4318, .T. ) ;
#3869 = LINE ( 'NONE', #5737, #3879 ) ;
#3870 = ORIENTED_EDGE ( 'NONE', *, *, #3420, .T. ) ;
#3871 = AXIS2_PLACEMENT_3D ( 'NONE', #3434, #1984, #697 ) ;
#3872 = EDGE_CURVE ( 'NONE', #652, #4442, #1570, .T. ) ;
#3873 = CARTESIAN_POINT ( 'NONE',  ( 0.000000000000000000, 1.000000000000000000, -2.000000000000000000 ) ) ;
#3874 = PLANE ( 'NONE',  #5967 ) ;
#3875 = ORIENTED_EDGE ( 'NONE', *, *, #4194, .T. ) ;
#3876 = VERTEX_POINT ( 'NONE', #3110 ) ;
#3877 = VECTOR ( 'NONE', #5604, 999.9999999999998863 ) ;
#3878 = CARTESIAN_POINT ( 'NONE',  ( 18.49999999999999645, 3.799999999999999822, -4.750000000000000888 ) ) ;
#3879 = VECTOR ( 'NONE', #1536, 1000.000000000000000 ) ;
#3880 = EDGE_CURVE ( 'NONE', #1836, #2965, #3962, .T. ) ;
#3881 = CARTESIAN_POINT ( 'NONE',  ( 10.00000000000000355, 7.099999999999999645, -13.99999999999999289 ) ) ;
#3882 = LINE ( 'NONE', #5719, #4835 ) ;
#3883 = DIRECTION ( 'NONE',  ( -0.000000000000000000, 0.000000000000000000, 1.000000000000000000 ) ) ;
#3884 = EDGE_LOOP ( 'NONE', ( #1596, #2868, #5689, #536 ) ) ;
#3885 = EDGE_LOOP ( 'NONE', ( #3868, #3038, #4335, #3375 ) ) ;
#3886 = DIRECTION ( 'NONE',  ( -0.000000000000000000, -0.000000000000000000, 1.000000000000000000 ) ) ;
#3887 = DIRECTION ( 'NONE',  ( -0.000000000000000000, 1.000000000000000000, -0.000000000000000000 ) ) ;
#3888 = CARTESIAN_POINT ( 'NONE',  ( 10.00000000000000178, 8.099999999999999645, -38.99999999999999289 ) ) ;
#3889 = AXIS2_PLACEMENT_3D ( 'NONE', #3250, #2355, #2295 ) ;
#3890 = VERTEX_POINT ( 'NONE', #3481 ) ;
#3891 = ADVANCED_FACE ( 'NONE', ( #625 ), #2484, .F. ) ;
#3892 = DIRECTION ( 'NONE',  ( -1.000000000000000000, -0.000000000000000000, -0.000000000000000000 ) ) ;
#3893 = FACE_OUTER_BOUND ( 'NONE', #1002, .T. ) ;
#3894 = CARTESIAN_POINT ( 'NONE',  ( 6.500000000000000888, 2.250000000000001332, -3.525000000000001243 ) ) ;
#3895 = VERTEX_POINT ( 'NONE', #4373 ) ;
#3896 = ORIENTED_EDGE ( 'NONE', *, *, #1871, .F. ) ;
#3897 = EDGE_CURVE ( 'NONE', #3035, #2266, #4890, .T. ) ;
#3898 = FILL_AREA_STYLE ('',( #3508 ) ) ;
#3899 = VERTEX_POINT ( 'NONE', #5766 ) ;
#3900 = CARTESIAN_POINT ( 'NONE',  ( 14.50000000000002132, 0.000000000000000000, -19.49999999999999645 ) ) ;
#3901 = ORIENTED_EDGE ( 'NONE', *, *, #2976, .T. ) ;
#3902 = CARTESIAN_POINT ( 'NONE',  ( 15.24165738677394444, 0.000000000000000000, -40.99999999999999289 ) ) ;
#3903 = CARTESIAN_POINT ( 'NONE',  ( 13.74999999999997691, 0.000000000000000000, -4.999999999999990230 ) ) ;
#3904 = ORIENTED_EDGE ( 'NONE', *, *, #2586, .F. ) ;
#3905 = VERTEX_POINT ( 'NONE', #4427 ) ;
#3906 = ADVANCED_FACE ( 'NONE', ( #1632 ), #2766, .F. ) ;
#3907 = CARTESIAN_POINT ( 'NONE',  ( 11.50000000000000178, 0.000000000000000000, -41.24999999999999289 ) ) ;
#3908 = CARTESIAN_POINT ( 'NONE',  ( 21.49999999999999289, -2.399999999999999911, -4.999999999999990230 ) ) ;
#3909 = PLANE ( 'NONE',  #2598 ) ;
#3910 = DIRECTION ( 'NONE',  ( 0.000000000000000000, 1.495451272393799296E-16, -1.000000000000000000 ) ) ;
#3911 = EDGE_CURVE ( 'NONE', #4238, #2047, #5091, .T. ) ;
#3912 = DIRECTION ( 'NONE',  ( 0.000000000000000000, -1.000000000000000000, 0.000000000000000000 ) ) ;
#3913 = VECTOR ( 'NONE', #4056, 1000.000000000000000 ) ;
#3914 = EDGE_CURVE ( 'NONE', #2114, #5530, #5670, .T. ) ;
#3915 = FACE_OUTER_BOUND ( 'NONE', #1505, .T. ) ;
#3916 = ORIENTED_EDGE ( 'NONE', *, *, #4262, .T. ) ;
#3917 = CARTESIAN_POINT ( 'NONE',  ( 1.500000000000001110, 5.000000000000000000, -38.99999999999999289 ) ) ;
#3918 = CARTESIAN_POINT ( 'NONE',  ( 23.00000000000000000, 1.000000000000000000, 0.000000000000000000 ) ) ;
#3919 = CARTESIAN_POINT ( 'NONE',  ( 20.49999999999998934, -5.500000000000000000, -42.49999999999999289 ) ) ;
#3920 = ORIENTED_EDGE ( 'NONE', *, *, #4409, .F. ) ;
#3921 = AXIS2_PLACEMENT_3D ( 'NONE', #5076, #3202, #3696 ) ;
#3922 = ORIENTED_EDGE ( 'NONE', *, *, #1396, .T. ) ;
#3923 = CARTESIAN_POINT ( 'NONE',  ( 0.000000000000000000, 3.799999999999999822, 0.000000000000000000 ) ) ;
#3924 = DIRECTION ( 'NONE',  ( 0.000000000000000000, 0.000000000000000000, -1.000000000000000000 ) ) ;
#3925 = DIRECTION ( 'NONE',  ( -5.551115123125804889E-17, -1.000000000000000000, -2.775557561562891351E-16 ) ) ;
#3926 = VERTEX_POINT ( 'NONE', #1264 ) ;
#3927 = PRODUCT_CONTEXT ( 'NONE', #448, 'mechanical' ) ;
#3928 = ORIENTED_EDGE ( 'NONE', *, *, #1462, .T. ) ;
#3929 = DIRECTION ( 'NONE',  ( -1.000000000000000000, -0.000000000000000000, -0.000000000000000000 ) ) ;
#3930 = ORIENTED_EDGE ( 'NONE', *, *, #4733, .F. ) ;
#3931 = DIRECTION ( 'NONE',  ( -1.000000000000000000, 2.168404344971010840E-16, 8.673617379884043361E-16 ) ) ;
#3932 = ADVANCED_FACE ( 'NONE', ( #1357 ), #2667, .F. ) ;
#3933 = DIRECTION ( 'NONE',  ( -1.000000000000000000, 0.000000000000000000, -1.156482317317871331E-15 ) ) ;
#3934 = ORIENTED_EDGE ( 'NONE', *, *, #5525, .T. ) ;
#3935 = VECTOR ( 'NONE', #2964, 1000.000000000000000 ) ;
#3936 = ORIENTED_EDGE ( 'NONE', *, *, #3394, .T. ) ;
#3937 = DIRECTION ( 'NONE',  ( 1.163534038764931666E-16, 0.000000000000000000, 1.000000000000000000 ) ) ;
#3938 = CARTESIAN_POINT ( 'NONE',  ( 15.24165738677394266, -11.86396103067893293, -3.000000000000000000 ) ) ;
#3939 = CARTESIAN_POINT ( 'NONE',  ( 11.49999999999999822, 1.500000000000000000, -2.749999999999998668 ) ) ;
#3940 = VECTOR ( 'NONE', #4907, 1000.000000000000000 ) ;
#3941 = EDGE_CURVE ( 'NONE', #1284, #1804, #2270, .T. ) ;
#3942 = CARTESIAN_POINT ( 'NONE',  ( -0.001000000000001000089, -2.399999999999999911, -29.99999999999999289 ) ) ;
#3943 = DIRECTION ( 'NONE',  ( -1.000000000000000000, -0.000000000000000000, -0.000000000000000000 ) ) ;
#3944 = AXIS2_PLACEMENT_3D ( 'NONE', #4704, #1913, #1479 ) ;
#3945 = DIRECTION ( 'NONE',  ( -1.000000000000000000, 0.000000000000000000, 0.000000000000000000 ) ) ;
#3946 = EDGE_LOOP ( 'NONE', ( #163, #770, #2410, #5564 ) ) ;
#3947 = EDGE_CURVE ( 'NONE', #2117, #5194, #6045, .T. ) ;
#3948 = DIRECTION ( 'NONE',  ( 1.668003342285392537E-16, 0.000000000000000000, -1.000000000000000000 ) ) ;
#3949 = DIRECTION ( 'NONE',  ( 0.000000000000000000, 0.000000000000000000, 1.000000000000000000 ) ) ;
#3950 = CARTESIAN_POINT ( 'NONE',  ( 2.000000000000000000, -5.500000000000000000, -2.000000000000000000 ) ) ;
#3951 = VECTOR ( 'NONE', #112, 1000.000000000000000 ) ;
#3952 = AXIS2_PLACEMENT_3D ( 'NONE', #27, #5177, #4314 ) ;
#3953 = CARTESIAN_POINT ( 'NONE',  ( 21.49999999999999289, -2.399999999999999911, -4.999999999999990230 ) ) ;
#3954 = DIRECTION ( 'NONE',  ( -1.000000000000000000, -0.000000000000000000, -0.000000000000000000 ) ) ;
#3955 = ADVANCED_FACE ( 'NONE', ( #795 ), #2209, .F. ) ;
#3956 = CARTESIAN_POINT ( 'NONE',  ( 18.49999999999999645, 3.799999999999999822, -39.24999999999999289 ) ) ;
#3957 = VECTOR ( 'NONE', #3998, 1000.000000000000000 ) ;
#3958 = ORIENTED_EDGE ( 'NONE', *, *, #5960, .T. ) ;
#3959 = EDGE_LOOP ( 'NONE', ( #189, #5362, #4431, #3322 ) ) ;
#3960 = DIRECTION ( 'NONE',  ( -0.000000000000000000, 1.000000000000000000, -0.000000000000000000 ) ) ;
#3961 = DIRECTION ( 'NONE',  ( 0.000000000000000000, 0.000000000000000000, -1.000000000000000000 ) ) ;
#3962 = LINE ( 'NONE', #3447, #4505 ) ;
#3963 = ORIENTED_EDGE ( 'NONE', *, *, #4540, .T. ) ;
#3964 = ORIENTED_EDGE ( 'NONE', *, *, #4275, .T. ) ;
#3965 = CARTESIAN_POINT ( 'NONE',  ( 0.000000000000000000, 1.500000000000000000, -44.00000000000000000 ) ) ;
#3966 = CIRCLE ( 'NONE', #1815, 0.5000000000000000000 ) ;
#3967 = EDGE_CURVE ( 'NONE', #5312, #6041, #3229, .T. ) ;
#3968 = DIRECTION ( 'NONE',  ( -2.891205793294679312E-16, 0.000000000000000000, 1.000000000000000000 ) ) ;
#3969 = CARTESIAN_POINT ( 'NONE',  ( 13.74999999999997691, -1.600000000000000089, -29.99999999999999645 ) ) ;
#3970 = CARTESIAN_POINT ( 'NONE',  ( 20.49999999999998934, -5.500000000000000000, -1.500000000000000000 ) ) ;
#3971 = AXIS2_PLACEMENT_3D ( 'NONE', #4506, #5541, #4569 ) ;
#3972 = CARTESIAN_POINT ( 'NONE',  ( 1.500000000000004885, 3.799999999999999822, -4.749999999999997335 ) ) ;
#3973 = EDGE_LOOP ( 'NONE', ( #1265, #3896, #385, #4572 ) ) ;
#3974 = ADVANCED_FACE ( 'NONE', ( #4180 ), #6015, .F. ) ;
#3975 = DIRECTION ( 'NONE',  ( 0.000000000000000000, 1.000000000000000000, 0.000000000000000000 ) ) ;
#3976 = ORIENTED_EDGE ( 'NONE', *, *, #5835, .F. ) ;
#3977 = CARTESIAN_POINT ( 'NONE',  ( 11.49999999999995381, 1.387778780781445676E-14, -41.24999999999999289 ) ) ;
#3978 = DIRECTION ( 'NONE',  ( 0.000000000000000000, -1.000000000000000000, 0.000000000000000000 ) ) ;
#3979 = LINE ( 'NONE', #5840, #3678 ) ;
#3980 = LINE ( 'NONE', #2196, #1203 ) ;
#3981 = ADVANCED_FACE ( 'NONE', ( #5101 ), #412, .T. ) ;
#3982 = ORIENTED_EDGE ( 'NONE', *, *, #3049, .T. ) ;
#3983 = CARTESIAN_POINT ( 'NONE',  ( 9.255005567935636890, -5.500000000000000000, -2.900000000000001243 ) ) ;
#3984 = ORIENTED_EDGE ( 'NONE', *, *, #1289, .T. ) ;
#3985 = CARTESIAN_POINT ( 'NONE',  ( 1.525359410719044906, -5.500000000000000000, -39.24999999999999289 ) ) ;
#3986 = VECTOR ( 'NONE', #5838, 1000.000000000000000 ) ;
#3987 = DIRECTION ( 'NONE',  ( 0.000000000000000000, -1.000000000000000000, 0.000000000000000000 ) ) ;
#3988 = VERTEX_POINT ( 'NONE', #5953 ) ;
#3989 = VECTOR ( 'NONE', #1529, 1000.000000000000000 ) ;
#3990 = ORIENTED_EDGE ( 'NONE', *, *, #4313, .T. ) ;
#3991 = CARTESIAN_POINT ( 'NONE',  ( 3.525359410719047126, -5.500000000000000000, -4.750000000000004441 ) ) ;
#3992 = DIRECTION ( 'NONE',  ( 0.000000000000000000, 0.000000000000000000, -1.000000000000000000 ) ) ;
#3993 = VECTOR ( 'NONE', #5729, 1000.000000000000000 ) ;
#3994 = ORIENTED_EDGE ( 'NONE', *, *, #5893, .F. ) ;
#3995 = LINE ( 'NONE', #740, #2279 ) ;
#3996 = DIRECTION ( 'NONE',  ( -0.000000000000000000, -0.000000000000000000, 1.000000000000000000 ) ) ;
#3997 = DIRECTION ( 'NONE',  ( 1.000000000000000000, 0.000000000000000000, -0.000000000000000000 ) ) ;
#3998 = DIRECTION ( 'NONE',  ( -0.000000000000000000, 1.000000000000000000, -0.000000000000000000 ) ) ;
#3999 = AXIS2_PLACEMENT_3D ( 'NONE', #3478, #4396, #622 ) ;
#4000 = DIRECTION ( 'NONE',  ( 1.000000000000000000, -0.000000000000000000, -8.462065736472232314E-17 ) ) ;
#4001 = EDGE_CURVE ( 'NONE', #3147, #979, #5583, .T. ) ;
#4002 = ORIENTED_EDGE ( 'NONE', *, *, #399, .F. ) ;
#4003 = DIRECTION ( 'NONE',  ( 0.000000000000000000, 0.000000000000000000, 1.000000000000000000 ) ) ;
#4004 = DIRECTION ( 'NONE',  ( 1.000000000000000000, 0.000000000000000000, 0.000000000000000000 ) ) ;
#4005 = DIRECTION ( 'NONE',  ( -0.000000000000000000, 1.000000000000000000, -0.000000000000000000 ) ) ;
#4006 = ORIENTED_EDGE ( 'NONE', *, *, #1666, .F. ) ;
#4007 = VECTOR ( 'NONE', #594, 1000.000000000000000 ) ;
#4008 = FACE_OUTER_BOUND ( 'NONE', #103, .T. ) ;
#4009 = EDGE_CURVE ( 'NONE', #4174, #1442, #3721, .T. ) ;
#4010 = CARTESIAN_POINT ( 'NONE',  ( 15.49999999999999112, -5.500000000000000000, -39.24999999999999289 ) ) ;
#4011 = CIRCLE ( 'NONE', #2639, 0.8500000000000009770 ) ;
#4012 = DIRECTION ( 'NONE',  ( -0.000000000000000000, 1.000000000000000000, -0.000000000000000000 ) ) ;
#4013 = LINE ( 'NONE', #405, #4975 ) ;
#4014 = EDGE_LOOP ( 'NONE', ( #131, #2830, #986, #2609 ) ) ;
#4015 = DIRECTION ( 'NONE',  ( -0.000000000000000000, -1.000000000000000000, -0.000000000000000000 ) ) ;
#4016 = EDGE_CURVE ( 'NONE', #4795, #5402, #4519, .T. ) ;
#4017 = ORIENTED_EDGE ( 'NONE', *, *, #5517, .T. ) ;
#4018 = CONTEXT_DEPENDENT_SHAPE_REPRESENTATION ( #3695, #6033 ) ;
#4019 = VECTOR ( 'NONE', #4856, 1000.000000000000000 ) ;
#4020 = DIRECTION ( 'NONE',  ( 0.000000000000000000, 1.000000000000000000, 0.000000000000000000 ) ) ;
#4021 = EDGE_CURVE ( 'NONE', #711, #4101, #5920, .T. ) ;
#4022 = DIRECTION ( 'NONE',  ( 0.000000000000000000, 0.000000000000000000, -1.000000000000000000 ) ) ;
#4023 = EDGE_CURVE ( 'NONE', #149, #5749, #3602, .T. ) ;
#4024 = ORIENTED_EDGE ( 'NONE', *, *, #1436, .T. ) ;
#4025 = ORIENTED_EDGE ( 'NONE', *, *, #1509, .T. ) ;
#4026 = DIRECTION ( 'NONE',  ( 1.000000000000000000, -0.000000000000000000, -0.000000000000000000 ) ) ;
#4027 = CARTESIAN_POINT ( 'NONE',  ( 0.000000000000000000, 5.000000000000000000, -44.00000000000000000 ) ) ;
#4028 = EDGE_CURVE ( 'NONE', #4928, #5697, #5041, .T. ) ;
#4029 = CARTESIAN_POINT ( 'NONE',  ( 7.500000000000000888, 5.000000000000000000, -39.99999999999999289 ) ) ;
#4030 = DIRECTION ( 'NONE',  ( 0.000000000000000000, 0.000000000000000000, -1.000000000000000000 ) ) ;
#4031 = AXIS2_PLACEMENT_3D ( 'NONE', #3550, #3020, #4893 ) ;
#4032 = VECTOR ( 'NONE', #3053, 1000.000000000000000 ) ;
#4033 = DIRECTION ( 'NONE',  ( 0.000000000000000000, 0.000000000000000000, 1.000000000000000000 ) ) ;
#4034 = ORIENTED_EDGE ( 'NONE', *, *, #5580, .F. ) ;
#4035 = EDGE_LOOP ( 'NONE', ( #5496, #110, #3479, #922, #563, #3104 ) ) ;
#4036 = VECTOR ( 'NONE', #1213, 1000.000000000000000 ) ;
#4037 = CARTESIAN_POINT ( 'NONE',  ( 0.000000000000000000, -5.500000000000000000, 0.000000000000000000 ) ) ;
#4038 = EDGE_CURVE ( 'NONE', #2058, #4601, #3165, .T. ) ;
#4039 = DIRECTION ( 'NONE',  ( -0.000000000000000000, -0.000000000000000000, 1.000000000000000000 ) ) ;
#4040 = CARTESIAN_POINT ( 'NONE',  ( 1.525359410719044906, -5.500000000000000000, -4.750000000000004441 ) ) ;
#4041 = LINE ( 'NONE', #5907, #5635 ) ;
#4042 = VECTOR ( 'NONE', #5956, 1000.000000000000000 ) ;
#4043 = LINE ( 'NONE', #307, #5504 ) ;
#4044 = EDGE_CURVE ( 'NONE', #3538, #3988, #1754, .T. ) ;
#4045 = DIRECTION ( 'NONE',  ( 0.000000000000000000, -1.000000000000000000, 0.000000000000000000 ) ) ;
#4046 = DIRECTION ( 'NONE',  ( -0.000000000000000000, 1.000000000000000000, -0.000000000000000000 ) ) ;
#4047 = CARTESIAN_POINT ( 'NONE',  ( 13.74499443206436666, -11.86396103067893293, -2.900000000000001243 ) ) ;
#4048 = AXIS2_PLACEMENT_3D ( 'NONE', #389, #935, #2278 ) ;
#4049 = EDGE_CURVE ( 'NONE', #450, #849, #5614, .T. ) ;
#4050 = ORIENTED_EDGE ( 'NONE', *, *, #3880, .F. ) ;
#4051 = VECTOR ( 'NONE', #3425, 1000.000000000000000 ) ;
#4052 = EDGE_CURVE ( 'NONE', #2778, #1200, #3782, .T. ) ;
#4053 = PLANE ( 'NONE',  #1822 ) ;
#4054 = DIRECTION ( 'NONE',  ( 0.000000000000000000, 0.000000000000000000, -1.000000000000000000 ) ) ;
#4055 = CIRCLE ( 'NONE', #2682, 1.500000000000000444 ) ;
#4056 = DIRECTION ( 'NONE',  ( -1.000000000000000000, 0.000000000000000000, 0.000000000000000000 ) ) ;
#4057 = EDGE_LOOP ( 'NONE', ( #4454, #2339, #3661, #4493 ) ) ;
#4058 = ORIENTED_EDGE ( 'NONE', *, *, #3601, .T. ) ;
#4059 = CARTESIAN_POINT ( 'NONE',  ( 1.500000000000000666, 5.000000000000000000, -41.49999999999999289 ) ) ;
#4060 = EDGE_CURVE ( 'NONE', #291, #1562, #1910, .T. ) ;
#4061 = LINE ( 'NONE', #772, #4710 ) ;
#4062 = DIRECTION ( 'NONE',  ( -1.000000000000000000, -0.000000000000000000, -0.000000000000000000 ) ) ;
#4063 = DIRECTION ( 'NONE',  ( -4.625929269271471123E-15, 0.000000000000000000, 1.000000000000000000 ) ) ;
#4064 = AXIS2_PLACEMENT_3D ( 'NONE', #2066, #4932, #751 ) ;
#4065 = CARTESIAN_POINT ( 'NONE',  ( 19.49999999999999289, 1.500000000000000000, -24.00000000000000000 ) ) ;
#4066 = VERTEX_POINT ( 'NONE', #4730 ) ;
#4067 = AXIS2_PLACEMENT_3D ( 'NONE', #789, #375, #5947 ) ;
#4068 = VERTEX_POINT ( 'NONE', #4209 ) ;
#4069 = ORIENTED_EDGE ( 'NONE', *, *, #2437, .F. ) ;
#4070 = ADVANCED_FACE ( 'NONE', ( #2850 ), #3749, .T. ) ;
#4071 = EDGE_CURVE ( 'NONE', #1091, #4365, #5673, .T. ) ;
#4072 = CARTESIAN_POINT ( 'NONE',  ( 7.500000000000000888, 3.799999999999999822, -39.24999999999999289 ) ) ;
#4073 = VECTOR ( 'NONE', #1960, 1000.000000000000000 ) ;
#4074 = FACE_OUTER_BOUND ( 'NONE', #4320, .T. ) ;
#4075 = CARTESIAN_POINT ( 'NONE',  ( 3.525359410719047126, -11.86396103067893293, -39.24999999999999289 ) ) ;
#4076 = CYLINDRICAL_SURFACE ( 'NONE', #3844, 1.000000000000000888 ) ;
#4077 = AXIS2_PLACEMENT_3D ( 'NONE', #3102, #4045, #6004 ) ;
#4078 = CARTESIAN_POINT ( 'NONE',  ( 11.50000000000000178, -5.500000000000000000, -1.900000000000001688 ) ) ;
#4079 = ORIENTED_EDGE ( 'NONE', *, *, #5994, .T. ) ;
#4080 = DIRECTION ( 'NONE',  ( -0.000000000000000000, 1.000000000000000000, -0.000000000000000000 ) ) ;
#4081 = ORIENTED_EDGE ( 'NONE', *, *, #1811, .F. ) ;
#4082 = CARTESIAN_POINT ( 'NONE',  ( 20.99999999999999645, 0.5000000000000000000, -44.00000000000000000 ) ) ;
#4083 = EDGE_CURVE ( 'NONE', #1496, #5321, #2882, .T. ) ;
#4084 = ORIENTED_EDGE ( 'NONE', *, *, #2864, .T. ) ;
#4085 = PLANE ( 'NONE',  #6055 ) ;
#4086 = CARTESIAN_POINT ( 'NONE',  ( 20.99999999999999645, 1.500000000000000000, -2.000000000000000000 ) ) ;
#4087 = CARTESIAN_POINT ( 'NONE',  ( 17.00000000000000000, -5.501000000000002110, -5.900000000000000355 ) ) ;
#4088 = ADVANCED_FACE ( 'NONE', ( #5646 ), #3347, .F. ) ;
#4089 = AXIS2_PLACEMENT_3D ( 'NONE', #1258, #1718, #2169 ) ;
#4090 = ORIENTED_EDGE ( 'NONE', *, *, #2105, .T. ) ;
#4091 = EDGE_LOOP ( 'NONE', ( #3587, #5858, #5344, #2314, #5679, #5985 ) ) ;
#4092 = CYLINDRICAL_SURFACE ( 'NONE', #2959, 1.000000000000000888 ) ;
#4093 = CARTESIAN_POINT ( 'NONE',  ( -0.001000000000001000089, 5.109999976158149160, -19.09999999999999787 ) ) ;
#4094 = ORIENTED_EDGE ( 'NONE', *, *, #5546, .T. ) ;
#4095 = FACE_OUTER_BOUND ( 'NONE', #3119, .T. ) ;
#4096 = AXIS2_PLACEMENT_3D ( 'NONE', #5882, #1290, #3108 ) ;
#4097 = LINE ( 'NONE', #3142, #1607 ) ;
#4098 = FACE_OUTER_BOUND ( 'NONE', #3787, .T. ) ;
#4099 = ADVANCED_FACE ( 'NONE', ( #3292 ), #4673, .F. ) ;
#4100 = EDGE_LOOP ( 'NONE', ( #2547, #3071, #5714, #1347 ) ) ;
#4101 = VERTEX_POINT ( 'NONE', #1012 ) ;
#4102 = ORIENTED_EDGE ( 'NONE', *, *, #1436, .F. ) ;
#4103 = LINE ( 'NONE', #1335, #58 ) ;
#4104 = CARTESIAN_POINT ( 'NONE',  ( 6.500000000000000000, 2.250000000000001332, -9.000000000000000000 ) ) ;
#4105 = DIRECTION ( 'NONE',  ( -1.000000000000000000, 0.000000000000000000, -2.891205793294679312E-16 ) ) ;
#4106 = CARTESIAN_POINT ( 'NONE',  ( -5.693762313689888531E-18, 8.099999999999999645, -38.99999999999999289 ) ) ;
#4107 = ORIENTED_EDGE ( 'NONE', *, *, #1689, .T. ) ;
#4108 = FACE_OUTER_BOUND ( 'NONE', #2641, .T. ) ;
#4109 = ORIENTED_EDGE ( 'NONE', *, *, #4485, .F. ) ;
#4110 = LINE ( 'NONE', #339, #3795 ) ;
#4111 = DIRECTION ( 'NONE',  ( 0.000000000000000000, 0.000000000000000000, -1.000000000000000000 ) ) ;
#4112 = VERTEX_POINT ( 'NONE', #4757 ) ;
#4113 = SHAPE_DEFINITION_REPRESENTATION ( #5934, #5264 ) ;
#4114 = FACE_OUTER_BOUND ( 'NONE', #5548, .T. ) ;
#4115 = FACE_OUTER_BOUND ( 'NONE', #5914, .T. ) ;
#4116 = DIRECTION ( 'NONE',  ( -1.000000000000000000, 0.000000000000000000, -0.000000000000000000 ) ) ;
#4117 = ORIENTED_EDGE ( 'NONE', *, *, #473, .T. ) ;
#4118 = EDGE_LOOP ( 'NONE', ( #1961, #820, #5124, #5246 ) ) ;
#4119 = CIRCLE ( 'NONE', #3735, 1.850000000000000977 ) ;
#4120 = FACE_OUTER_BOUND ( 'NONE', #5201, .T. ) ;
#4121 = FACE_OUTER_BOUND ( 'NONE', #1266, .T. ) ;
#4122 = EDGE_LOOP ( 'NONE', ( #1834, #408, #4102, #5138 ) ) ;
#4123 = VECTOR ( 'NONE', #1731, 1000.000000000000000 ) ;
#4124 = ADVANCED_FACE ( 'NONE', ( #2448 ), #16, .F. ) ;
#4125 = DIRECTION ( 'NONE',  ( -5.551115123125804889E-17, -1.000000000000000000, -2.775557561562891351E-16 ) ) ;
#4126 = DIRECTION ( 'NONE',  ( 0.000000000000000000, 0.000000000000000000, 1.000000000000000000 ) ) ;
#4127 = ORIENTED_EDGE ( 'NONE', *, *, #5180, .F. ) ;
#4128 = FACE_OUTER_BOUND ( 'NONE', #1047, .T. ) ;
#4129 = EDGE_CURVE ( 'NONE', #1716, #2247, #1957, .T. ) ;
#4130 = CARTESIAN_POINT ( 'NONE',  ( 15.49999999999999112, 0.000000000000000000, -4.750000000000004441 ) ) ;
#4131 = LINE ( 'NONE', #725, #837 ) ;
#4132 = AXIS2_PLACEMENT_3D ( 'NONE', #746, #4000, #4033 ) ;
#4133 = DIRECTION ( 'NONE',  ( -1.000000000000000000, 0.000000000000000000, 0.000000000000000000 ) ) ;
#4134 = ORIENTED_EDGE ( 'NONE', *, *, #4772, .F. ) ;
#4135 = ADVANCED_FACE ( 'NONE', ( #472 ), #1560, .T. ) ;
#4136 = LINE ( 'NONE', #3621, #3494 ) ;
#4137 = VERTEX_POINT ( 'NONE', #4244 ) ;
#4138 = CARTESIAN_POINT ( 'NONE',  ( 1.500000000000001110, 8.099999999999999645, -38.99999999999999289 ) ) ;
#4139 = VECTOR ( 'NONE', #4026, 1000.000000000000000 ) ;
#4140 = CARTESIAN_POINT ( 'NONE',  ( -5.693762313689888531E-18, 5.000000000000000000, -38.99999999999999289 ) ) ;
#4141 = VERTEX_POINT ( 'NONE', #2911 ) ;
#4142 = APPLICATION_PROTOCOL_DEFINITION ( 'draft international standard', 'automotive_design', 1998, #5683 ) ;
#4143 = VECTOR ( 'NONE', #5106, 1000.000000000000000 ) ;
#4144 = EDGE_CURVE ( 'NONE', #485, #3988, #5731, .T. ) ;
#4145 = CARTESIAN_POINT ( 'NONE',  ( 23.00000000000000000, 1.500000000000000000, -2.000000000000000000 ) ) ;
#4146 = CARTESIAN_POINT ( 'NONE',  ( 14.49999999999999467, -5.501000000000002110, -24.50000000000000000 ) ) ;
#4147 = VECTOR ( 'NONE', #357, 1000.000000000000000 ) ;
#4148 = CARTESIAN_POINT ( 'NONE',  ( 2.500000000000005329, -5.500000000000000000, -41.49999999999999289 ) ) ;
#4149 = VERTEX_POINT ( 'NONE', #1874 ) ;
#4150 = ORIENTED_EDGE ( 'NONE', *, *, #5657, .F. ) ;
#4151 = CARTESIAN_POINT ( 'NONE',  ( 14.49999999999998757, 0.000000000000000000, -26.00000000000000000 ) ) ;
#4152 = LINE ( 'NONE', #6019, #5486 ) ;
#4153 = EDGE_LOOP ( 'NONE', ( #2492, #3089, #5733, #4731 ) ) ;
#4154 = CIRCLE ( 'NONE', #1502, 2.000000000000001776 ) ;
#4155 = CARTESIAN_POINT ( 'NONE',  ( 20.24999999999998934, -1.600000000000000089, -4.999999999999990230 ) ) ;
#4156 = VECTOR ( 'NONE', #5996, 1000.000000000000000 ) ;
#4157 = CARTESIAN_POINT ( 'NONE',  ( 18.49999999999999645, 5.000000000000000000, -40.74999999999999289 ) ) ;
#4158 = ADVANCED_FACE ( 'NONE', ( #4330 ), #129, .F. ) ;
#4159 = EDGE_LOOP ( 'NONE', ( #2296, #5647, #808, #883 ) ) ;
#4160 = DIRECTION ( 'NONE',  ( -0.000000000000000000, 1.000000000000000000, -0.000000000000000000 ) ) ;
#4161 = PRODUCT_DEFINITION ( '未知', '', #3757, #1245 ) ;
#4162 = FACE_OUTER_BOUND ( 'NONE', #5263, .T. ) ;
#4163 = CYLINDRICAL_SURFACE ( 'NONE', #28, 1.000000000000000000 ) ;
#4164 = EDGE_CURVE ( 'NONE', #1491, #1978, #5579, .T. ) ;
#4165 = DIRECTION ( 'NONE',  ( -0.000000000000000000, 1.000000000000000000, -0.000000000000000000 ) ) ;
#4166 = ORIENTED_EDGE ( 'NONE', *, *, #1084, .T. ) ;
#4167 = VECTOR ( 'NONE', #438, 1000.000000000000000 ) ;
#4168 = DIRECTION ( 'NONE',  ( -0.000000000000000000, -1.000000000000000000, -0.000000000000000000 ) ) ;
#4169 = ORIENTED_EDGE ( 'NONE', *, *, #3241, .F. ) ;
#4170 = CARTESIAN_POINT ( 'NONE',  ( 1.500000000000000222, 0.000000000000000000, -1.500000000000000000 ) ) ;
#4171 = ORIENTED_EDGE ( 'NONE', *, *, #2079, .F. ) ;
#4172 = LINE ( 'NONE', #69, #5343 ) ;
#4173 = EDGE_CURVE ( 'NONE', #5175, #5311, #2827, .T. ) ;
#4174 = VERTEX_POINT ( 'NONE', #2943 ) ;
#4175 = AXIS2_PLACEMENT_3D ( 'NONE', #2322, #5544, #7 ) ;
#4176 = VECTOR ( 'NONE', #5793, 1000.000000000000000 ) ;
#4177 = DIRECTION ( 'NONE',  ( -1.000000000000000000, 0.000000000000000000, -0.000000000000000000 ) ) ;
#4178 = DIRECTION ( 'NONE',  ( -0.000000000000000000, 1.000000000000000000, -0.000000000000000000 ) ) ;
#4179 = EDGE_CURVE ( 'NONE', #1342, #5167, #2933, .T. ) ;
#4180 = FACE_OUTER_BOUND ( 'NONE', #4721, .T. ) ;
#4181 = ADVANCED_FACE ( 'NONE', ( #5310 ), #4912, .T. ) ;
#4182 = EDGE_LOOP ( 'NONE', ( #5348, #3429, #2817, #2676 ) ) ;
#4183 = ORIENTED_EDGE ( 'NONE', *, *, #4052, .F. ) ;
#4184 = CARTESIAN_POINT ( 'NONE',  ( 7.758342613226059115, -5.500000000000000000, -40.99999999999999289 ) ) ;
#4185 = CARTESIAN_POINT ( 'NONE',  ( 7.758342613226060003, -11.86396103067893293, -3.000000000000000000 ) ) ;
#4186 = ORIENTED_EDGE ( 'NONE', *, *, #5446, .F. ) ;
#4187 = LINE ( 'NONE', #5591, #1497 ) ;
#4188 = CARTESIAN_POINT ( 'NONE',  ( 0.000000000000000000, 5.000000000000000000, -44.00000000000000000 ) ) ;
#4189 = AXIS2_PLACEMENT_3D ( 'NONE', #5944, #1285, #372 ) ;
#4190 = ADVANCED_BREP_SHAPE_REPRESENTATION ( '', ( #1935, #1398 ), #1694 ) ;
#4191 = ORIENTED_EDGE ( 'NONE', *, *, #204, .T. ) ;
#4192 = AXIS2_PLACEMENT_3D ( 'NONE', #3834, #5218, #1011 ) ;
#4193 = DIRECTION ( 'NONE',  ( -5.551115123125804889E-17, -1.000000000000000000, -2.775557561562891351E-16 ) ) ;
#4194 = EDGE_CURVE ( 'NONE', #1200, #5298, #299, .T. ) ;
#4195 = DIRECTION ( 'NONE',  ( -1.000000000000000000, -0.000000000000000000, 1.163534038764931666E-16 ) ) ;
#4196 = DIRECTION ( 'NONE',  ( -1.000000000000000000, 0.000000000000000000, 0.000000000000000000 ) ) ;
#4197 = DIRECTION ( 'NONE',  ( 0.000000000000000000, -1.000000000000000000, 0.000000000000000000 ) ) ;
#4198 = EDGE_LOOP ( 'NONE', ( #5748, #2713, #96, #1186 ) ) ;
#4199 = CARTESIAN_POINT ( 'NONE',  ( 0.000000000000000000, 0.000000000000000000, 0.000000000000000000 ) ) ;
#4200 = EDGE_CURVE ( 'NONE', #3895, #3865, #702, .T. ) ;
#4201 = DIRECTION ( 'NONE',  ( 1.000000000000000000, 0.000000000000000000, 0.000000000000000000 ) ) ;
#4202 = ORIENTED_EDGE ( 'NONE', *, *, #3967, .F. ) ;
#4203 = FACE_OUTER_BOUND ( 'NONE', #3146, .T. ) ;
#4204 = CIRCLE ( 'NONE', #1548, 1.000000000000000888 ) ;
#4205 = VERTEX_POINT ( 'NONE', #3504 ) ;
#4206 = CARTESIAN_POINT ( 'NONE',  ( 23.00000000000000000, 5.109999976158149160, -19.09999999999999787 ) ) ;
#4207 = ADVANCED_FACE ( 'NONE', ( #4847 ), #194, .F. ) ;
#4208 = DIRECTION ( 'NONE',  ( 0.000000000000000000, 0.000000000000000000, -1.000000000000000000 ) ) ;
#4209 = CARTESIAN_POINT ( 'NONE',  ( 0.000000000000000000, -5.500000000000000000, -17.80385186031842792 ) ) ;
#4210 = AXIS2_PLACEMENT_3D ( 'NONE', #3134, #831, #2640 ) ;
#4211 = ORIENTED_EDGE ( 'NONE', *, *, #319, .T. ) ;
#4212 = ORIENTED_EDGE ( 'NONE', *, *, #5269, .F. ) ;
#4213 =( NAMED_UNIT ( * ) SI_UNIT ( $, .STERADIAN. ) SOLID_ANGLE_UNIT ( ) );
#4214 = LINE ( 'NONE', #4734, #1060 ) ;
#4215 = VERTEX_POINT ( 'NONE', #1559 ) ;
#4216 = VECTOR ( 'NONE', #3379, 1000.000000000000000 ) ;
#4217 = EDGE_CURVE ( 'NONE', #1348, #5170, #616, .T. ) ;
#4218 = CARTESIAN_POINT ( 'NONE',  ( 1.500000000000005107, 5.000000000000000000, -4.000000000000003553 ) ) ;
#4219 = DIRECTION ( 'NONE',  ( -0.000000000000000000, 1.000000000000000000, -0.000000000000000000 ) ) ;
#4220 = VERTEX_POINT ( 'NONE', #645 ) ;
#4221 = ORIENTED_EDGE ( 'NONE', *, *, #4023, .T. ) ;
#4222 = VECTOR ( 'NONE', #4790, 1000.000000000000000 ) ;
#4223 = CARTESIAN_POINT ( 'NONE',  ( 20.99999999999999645, 1.500000000000000000, -2.000000000000000000 ) ) ;
#4224 = AXIS2_PLACEMENT_3D ( 'NONE', #4643, #3629, #2666 ) ;
#4225 = EDGE_CURVE ( 'NONE', #1732, #5213, #4817, .T. ) ;
#4226 = DIRECTION ( 'NONE',  ( 1.000000000000000000, 0.000000000000000000, 0.000000000000000000 ) ) ;
#4227 = CARTESIAN_POINT ( 'NONE',  ( 17.00000000000000000, 0.000000000000000000, -9.000000000000000000 ) ) ;
#4228 = VERTEX_POINT ( 'NONE', #1199 ) ;
#4229 = PLANE ( 'NONE',  #906 ) ;
#4230 = ORIENTED_EDGE ( 'NONE', *, *, #1179, .T. ) ;
#4231 = ORIENTED_EDGE ( 'NONE', *, *, #2707, .F. ) ;
#4232 = CARTESIAN_POINT ( 'NONE',  ( 15.24165738677394444, -11.86396103067893293, -40.99999999999999289 ) ) ;
#4233 = LINE ( 'NONE', #666, #3986 ) ;
#4234 = ORIENTED_EDGE ( 'NONE', *, *, #4472, .T. ) ;
#4235 = LINE ( 'NONE', #4722, #60 ) ;
#4236 = AXIS2_PLACEMENT_3D ( 'NONE', #3938, #1121, #2986 ) ;
#4237 = VECTOR ( 'NONE', #3943, 1000.000000000000000 ) ;
#4238 = VERTEX_POINT ( 'NONE', #254 ) ;
#4239 = ORIENTED_EDGE ( 'NONE', *, *, #4421, .T. ) ;
#4240 = EDGE_CURVE ( 'NONE', #5827, #5810, #587, .T. ) ;
#4241 = DIRECTION ( 'NONE',  ( 1.000000000000000000, -0.000000000000000000, 0.000000000000000000 ) ) ;
#4242 = VECTOR ( 'NONE', #5290, 1000.000000000000000 ) ;
#4243 = FACE_OUTER_BOUND ( 'NONE', #5503, .T. ) ;
#4244 = CARTESIAN_POINT ( 'NONE',  ( 7.500000000000000888, 5.000000000000000000, -40.74999999999999289 ) ) ;
#4245 = ORIENTED_EDGE ( 'NONE', *, *, #4173, .T. ) ;
#4246 = VECTOR ( 'NONE', #5011, 1000.000000000000000 ) ;
#4247 = ORIENTED_EDGE ( 'NONE', *, *, #2692, .T. ) ;
#4248 = EDGE_CURVE ( 'NONE', #4300, #3541, #4011, .T. ) ;
#4249 = DIRECTION ( 'NONE',  ( 1.000000000000000000, 0.000000000000000000, 0.000000000000000000 ) ) ;
#4250 = DIRECTION ( 'NONE',  ( 0.000000000000000000, 0.000000000000000000, -1.000000000000000000 ) ) ;
#4251 = VERTEX_POINT ( 'NONE', #4420 ) ;
#4252 = CARTESIAN_POINT ( 'NONE',  ( 19.50000000000002132, 1.500000000000000000, -19.49999999999999289 ) ) ;
#4253 = DIRECTION ( 'NONE',  ( -0.000000000000000000, -1.000000000000000000, -0.000000000000000000 ) ) ;
#4254 = AXIS2_PLACEMENT_3D ( 'NONE', #901, #4125, #5143 ) ;
#4255 = VERTEX_POINT ( 'NONE', #3894 ) ;
#4256 = EDGE_CURVE ( 'NONE', #4620, #2980, #4882, .T. ) ;
#4257 = CIRCLE ( 'NONE', #1601, 1.299999999999999156 ) ;
#4258 = DIRECTION ( 'NONE',  ( -1.000000000000000000, -0.000000000000000000, -0.000000000000000000 ) ) ;
#4259 = DIRECTION ( 'NONE',  ( -0.000000000000000000, 1.000000000000000000, -0.000000000000000000 ) ) ;
#4260 = DIRECTION ( 'NONE',  ( -5.551115123125804889E-17, -1.000000000000000000, -2.775557561562891351E-16 ) ) ;
#4261 = VECTOR ( 'NONE', #3363, 1000.000000000000227 ) ;
#4262 = EDGE_CURVE ( 'NONE', #5857, #3220, #222, .T. ) ;
#4263 = ORIENTED_EDGE ( 'NONE', *, *, #893, .T. ) ;
#4264 = ORIENTED_EDGE ( 'NONE', *, *, #3831, .T. ) ;
#4265 = DIRECTION ( 'NONE',  ( -0.000000000000000000, 1.000000000000000000, -0.000000000000000000 ) ) ;
#4266 = FACE_BOUND ( 'NONE', #1008, .T. ) ;
#4267 = VERTEX_POINT ( 'NONE', #5401 ) ;
#4268 = LINE ( 'NONE', #3342, #1421 ) ;
#4269 = CIRCLE ( 'NONE', #145, 0.8500000000000035305 ) ;
#4270 = ORIENTED_EDGE ( 'NONE', *, *, #1474, .F. ) ;
#4271 = CONICAL_SURFACE ( 'NONE', #4563, 4.724999999999988098, 1.249045772398259757 ) ;
#4272 = DIRECTION ( 'NONE',  ( -1.000000000000000000, -0.000000000000000000, -0.000000000000000000 ) ) ;
#4273 = DIRECTION ( 'NONE',  ( -0.000000000000000000, -1.000000000000000000, 0.000000000000000000 ) ) ;
#4274 = CIRCLE ( 'NONE', #3971, 0.5000000000000038858 ) ;
#4275 = EDGE_CURVE ( 'NONE', #2947, #3692, #4452, .T. ) ;
#4276 = CARTESIAN_POINT ( 'NONE',  ( 14.50000000000004263, 0.000000000000000000, -18.50000000000000355 ) ) ;
#4277 = ORIENTED_EDGE ( 'NONE', *, *, #4514, .F. ) ;
#4278 = VERTEX_POINT ( 'NONE', #3066 ) ;
#4279 = CARTESIAN_POINT ( 'NONE',  ( 18.49999999999999645, 1.500000000000000000, -4.750000000000000888 ) ) ;
#4280 = ORIENTED_EDGE ( 'NONE', *, *, #1483, .F. ) ;
#4281 = CARTESIAN_POINT ( 'NONE',  ( 14.50000000000002132, -5.501000000000002110, -20.50000000000000355 ) ) ;
#4282 = EDGE_CURVE ( 'NONE', #1840, #4141, #2074, .T. ) ;
#4283 = CARTESIAN_POINT ( 'NONE',  ( 21.49999999999999645, 3.799999999999999822, -39.24999999999999289 ) ) ;
#4284 = ORIENTED_EDGE ( 'NONE', *, *, #2781, .F. ) ;
#4285 = CARTESIAN_POINT ( 'NONE',  ( 0.5000000000000000000, 0.000000000000000000, -41.99999999999999289 ) ) ;
#4286 = AXIS2_PLACEMENT_3D ( 'NONE', #309, #4046, #5913 ) ;
#4287 = EDGE_CURVE ( 'NONE', #3405, #1219, #4944, .T. ) ;
#4288 = DIRECTION ( 'NONE',  ( -1.000000000000000000, 0.000000000000000000, 0.000000000000000000 ) ) ;
#4289 = CARTESIAN_POINT ( 'NONE',  ( 15.49999999999999112, -5.500000000000000000, -39.24999999999999289 ) ) ;
#4290 = AXIS2_PLACEMENT_3D ( 'NONE', #2695, #5456, #4974 ) ;
#4291 = EDGE_CURVE ( 'NONE', #2778, #3832, #4482, .T. ) ;
#4292 = ORIENTED_EDGE ( 'NONE', *, *, #2586, .T. ) ;
#4293 = EDGE_LOOP ( 'NONE', ( #548, #635, #1926, #4134 ) ) ;
#4294 = ADVANCED_FACE ( 'NONE', ( #283 ), #673, .F. ) ;
#4295 = DIRECTION ( 'NONE',  ( 0.000000000000000000, 1.000000000000000000, 0.000000000000000000 ) ) ;
#4296 = VECTOR ( 'NONE', #2238, 1000.000000000000000 ) ;
#4297 = VERTEX_POINT ( 'NONE', #3105 ) ;
#4298 = DIRECTION ( 'NONE',  ( 0.000000000000000000, 0.000000000000000000, -1.000000000000000000 ) ) ;
#4299 = VERTEX_POINT ( 'NONE', #4140 ) ;
#4300 = VERTEX_POINT ( 'NONE', #2727 ) ;
#4301 = CARTESIAN_POINT ( 'NONE',  ( 19.99999999999998934, 0.5000000000000000000, -25.99999999999999289 ) ) ;
#4302 = CARTESIAN_POINT ( 'NONE',  ( 7.500000000000000888, 3.799999999999999822, -4.750000000000000888 ) ) ;
#4303 = DIRECTION ( 'NONE',  ( 0.000000000000000000, 0.000000000000000000, -1.000000000000000000 ) ) ;
#4304 = VERTEX_POINT ( 'NONE', #4542 ) ;
#4305 = ORIENTED_EDGE ( 'NONE', *, *, #4472, .F. ) ;
#4306 = DIRECTION ( 'NONE',  ( 0.000000000000000000, -0.000000000000000000, -1.000000000000000000 ) ) ;
#4307 = ORIENTED_EDGE ( 'NONE', *, *, #5245, .F. ) ;
#4308 = SURFACE_SIDE_STYLE ('',( #23 ) ) ;
#4309 = AXIS2_PLACEMENT_3D ( 'NONE', #2146, #2513, #709 ) ;
#4310 = LINE ( 'NONE', #1021, #1858 ) ;
#4311 = EDGE_LOOP ( 'NONE', ( #2485, #1439, #5783, #644 ) ) ;
#4312 = VECTOR ( 'NONE', #5342, 1000.000000000000000 ) ;
#4313 = EDGE_CURVE ( 'NONE', #5370, #149, #4513, .T. ) ;
#4314 = DIRECTION ( 'NONE',  ( -1.000000000000000000, 0.000000000000000000, -0.000000000000000000 ) ) ;
#4315 = LINE ( 'NONE', #5746, #2186 ) ;
#4316 = CARTESIAN_POINT ( 'NONE',  ( 20.99999999999998934, -1.600000000000000089, -4.999999999999990230 ) ) ;
#4317 = ORIENTED_EDGE ( 'NONE', *, *, #1955, .T. ) ;
#4318 = EDGE_CURVE ( 'NONE', #70, #4804, #3624, .T. ) ;
#4319 = TOROIDAL_SURFACE ( 'NONE', #1869, 1.500000000000000000, 0.5000000000000000000 ) ;
#4320 = EDGE_LOOP ( 'NONE', ( #3018, #5297, #2388, #2839 ) ) ;
#4321 = ORIENTED_EDGE ( 'NONE', *, *, #1096, .T. ) ;
#4322 = DIRECTION ( 'NONE',  ( 0.000000000000000000, 0.000000000000000000, -1.000000000000000000 ) ) ;
#4323 = CARTESIAN_POINT ( 'NONE',  ( 13.99999999999998934, 0.5000000000000000000, -31.49999999999999289 ) ) ;
#4324 = DIRECTION ( 'NONE',  ( 0.000000000000000000, 0.000000000000000000, -1.000000000000000000 ) ) ;
#4325 = EDGE_LOOP ( 'NONE', ( #4094, #4978, #2471, #3713 ) ) ;
#4326 = EDGE_CURVE ( 'NONE', #2534, #2252, #4977, .T. ) ;
#4327 = DIRECTION ( 'NONE',  ( -0.000000000000000000, -0.000000000000000000, 1.000000000000000000 ) ) ;
#4328 = DIRECTION ( 'NONE',  ( 0.000000000000000000, 0.000000000000000000, 1.000000000000000000 ) ) ;
#4329 = CIRCLE ( 'NONE', #2854, 0.5000000000000038858 ) ;
#4330 = FACE_OUTER_BOUND ( 'NONE', #1535, .T. ) ;
#4331 = EDGE_CURVE ( 'NONE', #4149, #5585, #824, .T. ) ;
#4332 = ORIENTED_EDGE ( 'NONE', *, *, #953, .T. ) ;
#4333 = ORIENTED_EDGE ( 'NONE', *, *, #3820, .T. ) ;
#4334 = CIRCLE ( 'NONE', #1100, 1.000000000000000888 ) ;
#4335 = ORIENTED_EDGE ( 'NONE', *, *, #1499, .F. ) ;
#4336 = CARTESIAN_POINT ( 'NONE',  ( 10.00000000000000178, 7.099999999999999645, -38.99999999999999289 ) ) ;
#4337 = ORIENTED_EDGE ( 'NONE', *, *, #4287, .T. ) ;
#4338 = CARTESIAN_POINT ( 'NONE',  ( 7.500000000000000888, 1.500000000000000000, -39.24999999999999289 ) ) ;
#4339 = VECTOR ( 'NONE', #912, 1000.000000000000000 ) ;
#4340 = EDGE_LOOP ( 'NONE', ( #240, #791, #2631, #383, #2453, #153 ) ) ;
#4341 = ORIENTED_EDGE ( 'NONE', *, *, #822, .F. ) ;
#4342 = FACE_OUTER_BOUND ( 'NONE', #4100, .T. ) ;
#4343 = AXIS2_PLACEMENT_3D ( 'NONE', #5223, #4788, #2335 ) ;
#4344 = CARTESIAN_POINT ( 'NONE',  ( 21.49999999999999645, 3.809999976158144896, -1.249661822782289876E-15 ) ) ;
#4345 = CARTESIAN_POINT ( 'NONE',  ( 0.000000000000000000, -5.399999999999997691, -19.09999999999999787 ) ) ;
#4346 = STYLED_ITEM ( 'NONE', ( #2919 ), #1935 ) ;
#4347 = CARTESIAN_POINT ( 'NONE',  ( 20.99999999999998934, -1.600000000000000089, -28.00000000000000355 ) ) ;
#4348 = EDGE_CURVE ( 'NONE', #2965, #291, #156, .T. ) ;
#4349 = CIRCLE ( 'NONE', #3273, 1.299999999999999156 ) ;
#4350 = VECTOR ( 'NONE', #146, 1000.000000000000000 ) ;
#4351 = VERTEX_POINT ( 'NONE', #5975 ) ;
#4352 = EDGE_CURVE ( 'NONE', #4149, #3517, #6007, .T. ) ;
#4353 = ORIENTED_EDGE ( 'NONE', *, *, #4016, .F. ) ;
#4354 = VECTOR ( 'NONE', #2624, 1000.000000000000000 ) ;
#4355 = DIRECTION ( 'NONE',  ( 0.000000000000000000, 0.000000000000000000, -1.000000000000000000 ) ) ;
#4356 = DIRECTION ( 'NONE',  ( 0.000000000000000000, -1.000000000000000000, 0.000000000000000000 ) ) ;
#4357 = CARTESIAN_POINT ( 'NONE',  ( 7.500000000000000888, 5.000000000000000000, -4.000000000000001776 ) ) ;
#4358 = EDGE_CURVE ( 'NONE', #5923, #3876, #2097, .T. ) ;
#4359 = EDGE_LOOP ( 'NONE', ( #1128, #5922, #2723, #5963 ) ) ;
#4360 = ORIENTED_EDGE ( 'NONE', *, *, #86, .F. ) ;
#4361 = DIRECTION ( 'NONE',  ( 0.000000000000000000, -1.000000000000000000, 0.000000000000000000 ) ) ;
#4362 = DIRECTION ( 'NONE',  ( -1.000000000000000000, 0.000000000000000000, -0.000000000000000000 ) ) ;
#4363 = DIRECTION ( 'NONE',  ( -0.000000000000000000, 1.000000000000000000, -0.000000000000000000 ) ) ;
#4364 = ADVANCED_FACE ( 'NONE', ( #5484 ), #4271, .T. ) ;
#4365 = VERTEX_POINT ( 'NONE', #2696 ) ;
#4366 = EDGE_LOOP ( 'NONE', ( #4169, #2660, #3936, #3506 ) ) ;
#4367 = DIRECTION ( 'NONE',  ( 1.000000000000000000, -1.665334536937725689E-16, 1.665334536937724703E-16 ) ) ;
#4368 = VERTEX_POINT ( 'NONE', #3654 ) ;
#4369 = FACE_OUTER_BOUND ( 'NONE', #3106, .T. ) ;
#4370 = EDGE_CURVE ( 'NONE', #5836, #3926, #1810, .T. ) ;
#4371 = VECTOR ( 'NONE', #5879, 1000.000000000000000 ) ;
#4372 = CARTESIAN_POINT ( 'NONE',  ( 7.500000000000000888, 3.799999999999999822, -39.24999999999999289 ) ) ;
#4373 = CARTESIAN_POINT ( 'NONE',  ( 11.50000000000000178, -5.500000000000000000, -42.10000000000000142 ) ) ;
#4374 = ORIENTED_EDGE ( 'NONE', *, *, #3831, .F. ) ;
#4375 = AXIS2_PLACEMENT_3D ( 'NONE', #4029, #4405, #3997 ) ;
#4376 = CARTESIAN_POINT ( 'NONE',  ( 21.49999999999999289, 1.500000000000000000, -42.49999999999999289 ) ) ;
#4377 = LINE ( 'NONE', #1574, #1579 ) ;
#4378 = FACE_OUTER_BOUND ( 'NONE', #1340, .T. ) ;
#4379 = LINE ( 'NONE', #1057, #719 ) ;
#4380 = LINE ( 'NONE', #1058, #2764 ) ;
#4381 = EDGE_LOOP ( 'NONE', ( #3771, #3768, #2359, #4577 ) ) ;
#4382 = ORIENTED_EDGE ( 'NONE', *, *, #1811, .T. ) ;
#4383 = CARTESIAN_POINT ( 'NONE',  ( 1.500000000000003775, 8.099999999999999645, -13.99999999999999112 ) ) ;
#4384 = DIRECTION ( 'NONE',  ( 0.000000000000000000, 0.000000000000000000, -1.000000000000000000 ) ) ;
#4385 = PLANE ( 'NONE',  #4753 ) ;
#4386 = AXIS2_PLACEMENT_3D ( 'NONE', #552, #949, #1958 ) ;
#4387 = ORIENTED_EDGE ( 'NONE', *, *, #5570, .F. ) ;
#4388 = EDGE_CURVE ( 'NONE', #2007, #979, #2171, .T. ) ;
#4389 = AXIS2_PLACEMENT_3D ( 'NONE', #2390, #1471, #927 ) ;
#4390 = CARTESIAN_POINT ( 'NONE',  ( 6.500000000000000888, -5.501000000000002110, -13.72499999999999787 ) ) ;
#4391 = DIRECTION ( 'NONE',  ( 0.000000000000000000, 0.000000000000000000, 1.000000000000000000 ) ) ;
#4392 = DIRECTION ( 'NONE',  ( 0.000000000000000000, 0.000000000000000000, -1.000000000000000000 ) ) ;
#4393 = ORIENTED_EDGE ( 'NONE', *, *, #1877, .F. ) ;
#4394 = ORIENTED_EDGE ( 'NONE', *, *, #5688, .F. ) ;
#4395 = EDGE_CURVE ( 'NONE', #2027, #3047, #2591, .T. ) ;
#4396 = DIRECTION ( 'NONE',  ( 0.000000000000000000, 1.000000000000000000, 0.000000000000000000 ) ) ;
#4397 = ORIENTED_EDGE ( 'NONE', *, *, #5736, .F. ) ;
#4398 = CARTESIAN_POINT ( 'NONE',  ( 3.525359410719047126, -5.500000000000001776, -40.74999999999999289 ) ) ;
#4399 = SURFACE_STYLE_FILL_AREA ( #2546 ) ;
#4400 = EDGE_CURVE ( 'NONE', #3859, #1709, #4638, .T. ) ;
#4401 = ORIENTED_EDGE ( 'NONE', *, *, #54, .T. ) ;
#4402 = CARTESIAN_POINT ( 'NONE',  ( 12.99999999999997691, -1.600000000000000089, -28.00000000000000000 ) ) ;
#4403 = ADVANCED_FACE ( 'NONE', ( #2235 ), #1231, .F. ) ;
#4404 = LINE ( 'NONE', #206, #4815 ) ;
#4405 = DIRECTION ( 'NONE',  ( 0.000000000000000000, -0.000000000000000000, 1.000000000000000000 ) ) ;
#4406 = LINE ( 'NONE', #572, #4051 ) ;
#4407 = LINE ( 'NONE', #210, #3554 ) ;
#4408 = VECTOR ( 'NONE', #5462, 1000.000000000000000 ) ;
#4409 = EDGE_CURVE ( 'NONE', #3288, #611, #6023, .T. ) ;
#4410 = FACE_OUTER_BOUND ( 'NONE', #2671, .T. ) ;
#4411 = ORIENTED_EDGE ( 'NONE', *, *, #2409, .F. ) ;
#4412 = DIRECTION ( 'NONE',  ( -0.000000000000000000, 1.000000000000000000, -0.000000000000000000 ) ) ;
#4413 = CARTESIAN_POINT ( 'NONE',  ( 0.000000000000000000, -1.600000000000000089, 0.000000000000000000 ) ) ;
#4414 = CARTESIAN_POINT ( 'NONE',  ( 13.74499443206436844, 0.000000000000000000, -41.09999999999999432 ) ) ;
#4415 = ORIENTED_EDGE ( 'NONE', *, *, #5026, .F. ) ;
#4416 = VECTOR ( 'NONE', #933, 1000.000000000000000 ) ;
#4417 = ORIENTED_EDGE ( 'NONE', *, *, #945, .F. ) ;
#4418 = DIRECTION ( 'NONE',  ( 1.000000000000000000, 0.000000000000000000, 0.000000000000000000 ) ) ;
#4419 = FACE_OUTER_BOUND ( 'NONE', #2380, .T. ) ;
#4420 = CARTESIAN_POINT ( 'NONE',  ( 19.50000000000004263, 1.500000000000000000, -17.49999999999999645 ) ) ;
#4421 = EDGE_CURVE ( 'NONE', #3828, #450, #3966, .T. ) ;
#4422 = ORIENTED_EDGE ( 'NONE', *, *, #2133, .F. ) ;
#4423 = SURFACE_SIDE_STYLE ('',( #2946 ) ) ;
#4424 = ORIENTED_EDGE ( 'NONE', *, *, #121, .T. ) ;
#4425 = DIRECTION ( 'NONE',  ( 0.000000000000000000, -0.000000000000000000, 1.000000000000000000 ) ) ;
#4426 = LINE ( 'NONE', #679, #5976 ) ;
#4427 = CARTESIAN_POINT ( 'NONE',  ( 0.5000000000000000000, 1.500000000000000000, -41.99999999999999289 ) ) ;
#4428 = EDGE_CURVE ( 'NONE', #5298, #5762, #1260, .T. ) ;
#4429 = VERTEX_POINT ( 'NONE', #4082 ) ;
#4430 = AXIS2_PLACEMENT_3D ( 'NONE', #1981, #4356, #2497 ) ;
#4431 = ORIENTED_EDGE ( 'NONE', *, *, #1541, .T. ) ;
#4432 = LINE ( 'NONE', #5354, #4036 ) ;
#4433 = CARTESIAN_POINT ( 'NONE',  ( 21.49999999999999289, -11.86396103067893293, -39.24999999999999289 ) ) ;
#4434 = LINE ( 'NONE', #3552, #5160 ) ;
#4435 = PLANE ( 'NONE',  #3370 ) ;
#4436 = DIRECTION ( 'NONE',  ( -0.000000000000000000, -0.000000000000000000, 1.000000000000000000 ) ) ;
#4437 = EDGE_CURVE ( 'NONE', #4589, #3859, #2889, .T. ) ;
#4438 = ORIENTED_EDGE ( 'NONE', *, *, #3683, .T. ) ;
#4439 = ORIENTED_EDGE ( 'NONE', *, *, #4921, .T. ) ;
#4440 =( GEOMETRIC_REPRESENTATION_CONTEXT ( 3 ) GLOBAL_UNCERTAINTY_ASSIGNED_CONTEXT ( ( #5111 ) ) GLOBAL_UNIT_ASSIGNED_CONTEXT ( ( #648, #1563, #2538 ) ) REPRESENTATION_CONTEXT ( 'NONE', 'WORKASPACE' ) );
#4441 = DIRECTION ( 'NONE',  ( -0.000000000000000000, 1.000000000000000000, -0.000000000000000000 ) ) ;
#4442 = VERTEX_POINT ( 'NONE', #5033 ) ;
#4443 = EDGE_CURVE ( 'NONE', #2772, #4589, #4172, .T. ) ;
#4444 = CARTESIAN_POINT ( 'NONE',  ( 20.99999999999999645, 0.5000000000000000000, -2.000000000000000000 ) ) ;
#4445 = DIRECTION ( 'NONE',  ( 0.000000000000000000, 0.000000000000000000, -1.000000000000000000 ) ) ;
#4446 = DIRECTION ( 'NONE',  ( 1.000000000000000000, -0.000000000000000000, 0.000000000000000000 ) ) ;
#4447 = DIRECTION ( 'NONE',  ( 0.000000000000000000, 0.000000000000000000, 1.000000000000000000 ) ) ;
#4448 = VECTOR ( 'NONE', #968, 1000.000000000000000 ) ;
#4449 = VECTOR ( 'NONE', #3846, 1000.000000000000000 ) ;
#4450 = CARTESIAN_POINT ( 'NONE',  ( 20.99999999999999645, 1.000000000000000000, -44.00000000000000000 ) ) ;
#4451 = CYLINDRICAL_SURFACE ( 'NONE', #2908, 0.5000000000000004441 ) ;
#4452 = LINE ( 'NONE', #3409, #2742 ) ;
#4453 = ORIENTED_EDGE ( 'NONE', *, *, #2125, .T. ) ;
#4454 = ORIENTED_EDGE ( 'NONE', *, *, #5373, .F. ) ;
#4455 = CARTESIAN_POINT ( 'NONE',  ( 1.500000000000000444, 5.000000000000000000, -42.49999999999999289 ) ) ;
#4456 = EDGE_CURVE ( 'NONE', #3693, #3220, #5152, .T. ) ;
#4457 = LINE ( 'NONE', #4889, #5296 ) ;
#4458 =( LENGTH_UNIT ( ) NAMED_UNIT ( * ) SI_UNIT ( .MILLI., .METRE. ) );
#4459 = VERTEX_POINT ( 'NONE', #1037 ) ;
#4460 = DIRECTION ( 'NONE',  ( 0.000000000000000000, 0.000000000000000000, 1.000000000000000000 ) ) ;
#4461 = VECTOR ( 'NONE', #3159, 1000.000000000000000 ) ;
#4462 = LINE ( 'NONE', #1638, #5308 ) ;
#4463 = EDGE_CURVE ( 'NONE', #2266, #4267, #1933, .T. ) ;
#4464 = CARTESIAN_POINT ( 'NONE',  ( 0.000000000000000000, 0.000000000000000000, 0.000000000000000000 ) ) ;
#4465 = LINE ( 'NONE', #5470, #1120 ) ;
#4466 = VECTOR ( 'NONE', #1799, 1000.000000000000000 ) ;
#4467 = LINE ( 'NONE', #2681, #1487 ) ;
#4468 = VECTOR ( 'NONE', #826, 1000.000000000000000 ) ;
#4469 = PRODUCT_DEFINITION_SHAPE ( 'NONE', 'NONE',  #6059 ) ;
#4470 = VERTEX_POINT ( 'NONE', #521 ) ;
#4471 = DIRECTION ( 'NONE',  ( 0.000000000000000000, 0.000000000000000000, -1.000000000000000000 ) ) ;
#4472 = EDGE_CURVE ( 'NONE', #4278, #2027, #3252, .T. ) ;
#4473 = CARTESIAN_POINT ( 'NONE',  ( 7.500000000000000888, 5.000000000000000000, -4.000000000000001776 ) ) ;
#4474 = CARTESIAN_POINT ( 'NONE',  ( 2.000000000000000000, 1.000000000000000000, -2.000000000000000000 ) ) ;
#4475 = LINE ( 'NONE', #3563, #4567 ) ;
#4476 = ADVANCED_FACE ( 'NONE', ( #4203 ), #3806, .F. ) ;
#4477 = LINE ( 'NONE', #2566, #1295 ) ;
#4478 = EDGE_CURVE ( 'NONE', #2525, #5827, #4779, .T. ) ;
#4479 = CARTESIAN_POINT ( 'NONE',  ( 3.525359410719047126, 0.000000000000000000, -40.74999999999999289 ) ) ;
#4480 = DIRECTION ( 'NONE',  ( 0.000000000000000000, -0.000000000000000000, 1.000000000000000000 ) ) ;
#4481 = AXIS2_PLACEMENT_3D ( 'NONE', #4903, #3855, #2560 ) ;
#4482 = LINE ( 'NONE', #5819, #937 ) ;
#4483 = ORIENTED_EDGE ( 'NONE', *, *, #5758, .F. ) ;
#4484 = VECTOR ( 'NONE', #3438, 1000.000000000000000 ) ;
#4485 = EDGE_CURVE ( 'NONE', #4215, #3035, #580, .T. ) ;
#4486 = DIRECTION ( 'NONE',  ( 1.163534038764931666E-16, 0.000000000000000000, 1.000000000000000000 ) ) ;
#4487 = DIRECTION ( 'NONE',  ( -1.000000000000000000, -0.000000000000000000, -0.000000000000000000 ) ) ;
#4488 =( NAMED_UNIT ( * ) SI_UNIT ( $, .STERADIAN. ) SOLID_ANGLE_UNIT ( ) );
#4489 = AXIS2_PLACEMENT_3D ( 'NONE', #14, #2847, #41 ) ;
#4490 = EDGE_LOOP ( 'NONE', ( #5238, #1044, #4920, #2945 ) ) ;
#4491 = ORIENTED_EDGE ( 'NONE', *, *, #742, .T. ) ;
#4492 = ADVANCED_FACE ( 'NONE', ( #4667 ), #3775, .F. ) ;
#4493 = ORIENTED_EDGE ( 'NONE', *, *, #2977, .T. ) ;
#4494 = FACE_OUTER_BOUND ( 'NONE', #5545, .T. ) ;
#4495 = FACE_OUTER_BOUND ( 'NONE', #3355, .T. ) ;
#4496 = DIRECTION ( 'NONE',  ( -1.000000000000000000, 0.000000000000000000, 0.000000000000000000 ) ) ;
#4497 = LINE ( 'NONE', #2616, #5523 ) ;
#4498 = AXIS2_PLACEMENT_3D ( 'NONE', #501, #4677, #105 ) ;
#4499 = CARTESIAN_POINT ( 'NONE',  ( 1.500000000000000444, 3.799999999999999822, -39.24999999999999289 ) ) ;
#4500 = EDGE_CURVE ( 'NONE', #4112, #5370, #4235, .T. ) ;
#4501 = ORIENTED_EDGE ( 'NONE', *, *, #3376, .T. ) ;
#4502 = DIRECTION ( 'NONE',  ( 0.000000000000000000, 0.000000000000000000, -1.000000000000000000 ) ) ;
#4503 = DIRECTION ( 'NONE',  ( 0.000000000000000000, -1.000000000000000000, 0.000000000000000000 ) ) ;
#4504 = LINE ( 'NONE', #4188, #537 ) ;
#4505 = VECTOR ( 'NONE', #1207, 1000.000000000000000 ) ;
#4506 = CARTESIAN_POINT ( 'NONE',  ( 14.49999999999999467, 0.000000000000000000, -24.00000000000000000 ) ) ;
#4507 = EDGE_CURVE ( 'NONE', #2095, #4141, #5667, .T. ) ;
#4508 = DIRECTION ( 'NONE',  ( 1.000000000000000000, -0.000000000000000000, -8.462065736472232314E-17 ) ) ;
#4509 = ORIENTED_EDGE ( 'NONE', *, *, #4557, .F. ) ;
#4510 = AXIS2_PLACEMENT_3D ( 'NONE', #1072, #3539, #5788 ) ;
#4511 = DIRECTION ( 'NONE',  ( 0.000000000000000000, 1.000000000000000000, 0.000000000000000000 ) ) ;
#4512 = CARTESIAN_POINT ( 'NONE',  ( 0.000000000000000000, 1.500000000000000000, -41.99999999999999289 ) ) ;
#4513 = LINE ( 'NONE', #3682, #2985 ) ;
#4514 = EDGE_CURVE ( 'NONE', #1995, #2604, #39, .T. ) ;
#4515 = VERTEX_POINT ( 'NONE', #1440 ) ;
#4516 = AXIS2_PLACEMENT_3D ( 'NONE', #2701, #380, #6014 ) ;
#4517 = DIRECTION ( 'NONE',  ( -0.000000000000000000, 1.000000000000000000, -0.000000000000000000 ) ) ;
#4518 = DIRECTION ( 'NONE',  ( 0.000000000000000000, -0.000000000000000000, -1.000000000000000000 ) ) ;
#4519 = LINE ( 'NONE', #5983, #2041 ) ;
#4520 = EDGE_CURVE ( 'NONE', #4304, #70, #1379, .T. ) ;
#4521 = VERTEX_POINT ( 'NONE', #2792 ) ;
#4522 = ORIENTED_EDGE ( 'NONE', *, *, #5293, .F. ) ;
#4523 = FACE_OUTER_BOUND ( 'NONE', #3025, .T. ) ;
#4524 = DIRECTION ( 'NONE',  ( -1.000000000000000000, 0.000000000000000000, -0.000000000000000000 ) ) ;
#4525 = FACE_BOUND ( 'NONE', #1756, .T. ) ;
#4526 = LINE ( 'NONE', #3521, #3177 ) ;
#4527 = VECTOR ( 'NONE', #4258, 1000.000000000000000 ) ;
#4528 = VECTOR ( 'NONE', #608, 1000.000000000000000 ) ;
#4529 = CARTESIAN_POINT ( 'NONE',  ( 19.50000000000004263, -0.000000000000000000, -17.49999999999999645 ) ) ;
#4530 = ORIENTED_EDGE ( 'NONE', *, *, #1018, .T. ) ;
#4531 = ORIENTED_EDGE ( 'NONE', *, *, #4331, .T. ) ;
#4532 = ORIENTED_EDGE ( 'NONE', *, *, #5728, .F. ) ;
#4533 = AXIS2_PLACEMENT_3D ( 'NONE', #1651, #4508, #4447 ) ;
#4534 = LINE ( 'NONE', #3616, #1127 ) ;
#4535 = EDGE_CURVE ( 'NONE', #1451, #2110, #3830, .T. ) ;
#4536 = DIRECTION ( 'NONE',  ( -1.000000000000000000, -0.000000000000000000, 2.891205793294679312E-16 ) ) ;
#4537 = LINE ( 'NONE', #398, #4466 ) ;
#4538 = DIRECTION ( 'NONE',  ( 1.000000000000000000, 0.000000000000000000, 4.625929269271471123E-15 ) ) ;
#4539 = DIRECTION ( 'NONE',  ( 0.000000000000000000, 0.000000000000000000, 1.000000000000000000 ) ) ;
#4540 = EDGE_CURVE ( 'NONE', #2019, #2525, #5051, .T. ) ;
#4541 = LINE ( 'NONE', #4138, #5745 ) ;
#4542 = CARTESIAN_POINT ( 'NONE',  ( 7.500000000000000888, 1.500000000000000000, -3.250000000000000444 ) ) ;
#4543 = VECTOR ( 'NONE', #3817, 1000.000000000000000 ) ;
#4544 = VERTEX_POINT ( 'NONE', #2325 ) ;
#4545 = CLOSED_SHELL ( 'NONE', ( #4712, #1217, #1201, #150, #992, #187, #1533, #4088, #603, #3551, #1682, #2617, #5323, #2668, #159, #651, #2477, #3088, #2175, #1277, #337, #5004, #5767, #4598, #5795, #3055, #1492, #5116, #3906, #914, #1918, #279, #4158, #341, #4836, #47, #5623, #5601, #5965, #3526, #382, #3281, #3358, #1174, #4950, #4207, #878, #3204, #2351, #5980, #4070, #3731, #1244, #4099, #2240, #5803, #3505, #3691, #4717, #5381, #1845, #5254, #2549, #1950, #5987, #5644, #312, #2926, #2636, #3981, #1662, #3078, #5119, #1133, #1794, #1193, #2221, #2402, #5328, #3837, #1526, #564, #710, #3013, #3974, #2714, #5468, #3269, #3733, #5419, #3611, #2331, #1362, #2511, #4135, #1062, #5633, #547, #1042, #109, #2197, #2728, #1066, #1088, #2752, #2212, #6046, #1992, #306, #3368, #1445, #5952, #3932, #1583, #4888, #4364, #2275, #2051, #3491, #3854 ) ) ;
#4546 = AXIS2_PLACEMENT_3D ( 'NONE', #2316, #543, #2782 ) ;
#4547 = CYLINDRICAL_SURFACE ( 'NONE', #5447, 0.5000000000000038858 ) ;
#4548 = ADVANCED_FACE ( 'NONE', ( #10 ), #2822, .T. ) ;
#4549 = DIRECTION ( 'NONE',  ( -0.000000000000000000, 1.000000000000000000, -0.000000000000000000 ) ) ;
#4550 = AXIS2_PLACEMENT_3D ( 'NONE', #4474, #3978, #275 ) ;
#4551 = DIRECTION ( 'NONE',  ( 1.000000000000000000, 0.000000000000000000, 0.000000000000000000 ) ) ;
#4552 = VERTEX_POINT ( 'NONE', #2357 ) ;
#4553 = CARTESIAN_POINT ( 'NONE',  ( 0.000000000000000000, -1.600000000000000089, 0.000000000000000000 ) ) ;
#4554 = EDGE_CURVE ( 'NONE', #5749, #5993, #4268, .T. ) ;
#4555 = CYLINDRICAL_SURFACE ( 'NONE', #497, 1.500000000000000000 ) ;
#4556 = ORIENTED_EDGE ( 'NONE', *, *, #2029, .T. ) ;
#4557 = EDGE_CURVE ( 'NONE', #1091, #2737, #2875, .T. ) ;
#4558 = CARTESIAN_POINT ( 'NONE',  ( 20.49999999999998934, 5.000000000000000000, -42.49999999999999289 ) ) ;
#4559 = CARTESIAN_POINT ( 'NONE',  ( 21.49999999999999289, -2.399999999999999911, -29.99999999999999289 ) ) ;
#4560 = AXIS2_PLACEMENT_3D ( 'NONE', #5565, #3734, #844 ) ;
#4561 = CARTESIAN_POINT ( 'NONE',  ( 0.5000000000000000000, 1.000000000000000000, -41.99999999999999289 ) ) ;
#4562 = ORIENTED_EDGE ( 'NONE', *, *, #2955, .F. ) ;
#4563 = AXIS2_PLACEMENT_3D ( 'NONE', #1286, #2760, #4111 ) ;
#4564 = ORIENTED_EDGE ( 'NONE', *, *, #3241, .T. ) ;
#4565 = ORIENTED_EDGE ( 'NONE', *, *, #6000, .T. ) ;
#4566 = LINE ( 'NONE', #330, #3077 ) ;
#4567 = VECTOR ( 'NONE', #2132, 1000.000000000000000 ) ;
#4568 = CARTESIAN_POINT ( 'NONE',  ( 21.49999999999999645, 5.000000000000000000, -3.250000000000002665 ) ) ;
#4569 = DIRECTION ( 'NONE',  ( 0.000000000000000000, 0.000000000000000000, -1.000000000000000000 ) ) ;
#4570 = LINE ( 'NONE', #1228, #424 ) ;
#4571 = VECTOR ( 'NONE', #6035, 1000.000000000000000 ) ;
#4572 = ORIENTED_EDGE ( 'NONE', *, *, #726, .F. ) ;
#4573 = CARTESIAN_POINT ( 'NONE',  ( 14.50000000000004263, -5.501000000000002110, -18.00000000000000000 ) ) ;
#4574 = EDGE_LOOP ( 'NONE', ( #4687, #79, #1592, #5316 ) ) ;
#4575 = LINE ( 'NONE', #3681, #5067 ) ;
#4576 = CARTESIAN_POINT ( 'NONE',  ( 14.50000000000002132, 0.000000000000000000, -19.99999999999999645 ) ) ;
#4577 = ORIENTED_EDGE ( 'NONE', *, *, #3068, .F. ) ;
#4578 = EDGE_CURVE ( 'NONE', #5738, #3648, #94, .T. ) ;
#4579 = APPLICATION_PROTOCOL_DEFINITION ( 'draft international standard', 'automotive_design', 1998, #55 ) ;
#4580 = VECTOR ( 'NONE', #1189, 1000.000000000000000 ) ;
#4581 = FACE_OUTER_BOUND ( 'NONE', #591, .T. ) ;
#4582 = DIRECTION ( 'NONE',  ( 0.000000000000000000, -1.000000000000000000, 0.000000000000000000 ) ) ;
#4583 = DIRECTION ( 'NONE',  ( -0.000000000000000000, 1.000000000000000000, -0.000000000000000000 ) ) ;
#4584 = AXIS2_PLACEMENT_3D ( 'NONE', #2107, #2016, #5755 ) ;
#4585 = EDGE_LOOP ( 'NONE', ( #166, #480, #5973, #3547 ) ) ;
#4586 = EDGE_LOOP ( 'NONE', ( #4109, #5493, #1392, #2992 ) ) ;
#4587 = DIRECTION ( 'NONE',  ( 0.000000000000000000, 1.000000000000000000, 0.000000000000000000 ) ) ;
#4588 = CARTESIAN_POINT ( 'NONE',  ( 19.50000000000004263, 1.500000000000000000, -18.00000000000000000 ) ) ;
#4589 = VERTEX_POINT ( 'NONE', #1165 ) ;
#4590 = DIRECTION ( 'NONE',  ( -8.673617379884042375E-16, 0.000000000000000000, -1.000000000000000000 ) ) ;
#4591 = AXIS2_PLACEMENT_3D ( 'NONE', #2532, #671, #5369 ) ;
#4592 = LINE ( 'NONE', #390, #5883 ) ;
#4593 = ORIENTED_EDGE ( 'NONE', *, *, #2168, .F. ) ;
#4594 = EDGE_CURVE ( 'NONE', #5050, #2343, #1620, .T. ) ;
#4595 = PLANE ( 'NONE',  #2289 ) ;
#4596 = DIRECTION ( 'NONE',  ( 1.000000000000000000, -0.000000000000000000, -8.673617379884037444E-16 ) ) ;
#4597 = CARTESIAN_POINT ( 'NONE',  ( 1.500000000000000444, 0.000000000000000000, -2.500000000000000000 ) ) ;
#4598 = ADVANCED_FACE ( 'NONE', ( #248, #5337 ), #2563, .T. ) ;
#4599 = LINE ( 'NONE', #3769, #4925 ) ;
#4600 = VERTEX_POINT ( 'NONE', #3888 ) ;
#4601 = VERTEX_POINT ( 'NONE', #3919 ) ;
#4602 = ORIENTED_EDGE ( 'NONE', *, *, #3862, .F. ) ;
#4603 = DIRECTION ( 'NONE',  ( 0.000000000000000000, 0.000000000000000000, -1.000000000000000000 ) ) ;
#4604 = VERTEX_POINT ( 'NONE', #2039 ) ;
#4605 = VECTOR ( 'NONE', #444, 1000.000000000000000 ) ;
#4606 = DIRECTION ( 'NONE',  ( 0.000000000000000000, 1.000000000000000000, -0.000000000000000000 ) ) ;
#4607 = DIRECTION ( 'NONE',  ( 0.000000000000000000, 0.000000000000000000, 1.000000000000000000 ) ) ;
#4608 = ORIENTED_EDGE ( 'NONE', *, *, #5191, .F. ) ;
#4609 = VECTOR ( 'NONE', #4785, 1000.000000000000000 ) ;
#4610 = CARTESIAN_POINT ( 'NONE',  ( 21.49999999999999289, 0.000000000000000000, -41.49999999999999289 ) ) ;
#4611 = DIRECTION ( 'NONE',  ( 0.000000000000000000, -1.000000000000000000, 0.000000000000000000 ) ) ;
#4612 = EDGE_CURVE ( 'NONE', #5530, #5955, #1426, .T. ) ;
#4613 = CARTESIAN_POINT ( 'NONE',  ( 20.49999999999998934, -5.500000000000000000, -2.500000000000000000 ) ) ;
#4614 = EDGE_LOOP ( 'NONE', ( #4127, #4401, #683, #4337 ) ) ;
#4615 = VERTEX_POINT ( 'NONE', #5815 ) ;
#4616 = TOROIDAL_SURFACE ( 'NONE', #1183, 1.500000000000000000, 0.5000000000000000000 ) ;
#4617 = CARTESIAN_POINT ( 'NONE',  ( 1.525359410719045128, -5.500000000000000000, -3.250000000000002665 ) ) ;
#4618 = PRODUCT_DEFINITION ( '未知', '', #3268, #993 ) ;
#4619 = CARTESIAN_POINT ( 'NONE',  ( 21.49999999999999289, -5.500000000000000000, -1.500000000000000000 ) ) ;
#4620 = VERTEX_POINT ( 'NONE', #2070 ) ;
#4621 = FACE_OUTER_BOUND ( 'NONE', #437, .T. ) ;
#4622 = EDGE_CURVE ( 'NONE', #5304, #2778, #4848, .T. ) ;
#4623 = CARTESIAN_POINT ( 'NONE',  ( 12.99999999999995381, -1.600000000000000089, -4.999999999999990230 ) ) ;
#4624 = CARTESIAN_POINT ( 'NONE',  ( 1.500000000000000222, -5.500000000000000000, -1.500000000000000000 ) ) ;
#4625 = ORIENTED_EDGE ( 'NONE', *, *, #460, .F. ) ;
#4626 = DIRECTION ( 'NONE',  ( -8.462065736472231082E-17, -0.000000000000000000, -1.000000000000000000 ) ) ;
#4627 = EDGE_CURVE ( 'NONE', #1709, #1364, #3185, .T. ) ;
#4628 = CARTESIAN_POINT ( 'NONE',  ( 20.99999999999999645, 1.000000000000000000, -0.5000000000000000000 ) ) ;
#4629 = PLANE ( 'NONE',  #1820 ) ;
#4630 = VECTOR ( 'NONE', #2522, 1000.000000000000000 ) ;
#4631 = CYLINDRICAL_SURFACE ( 'NONE', #5216, 0.5000000000000000000 ) ;
#4632 = EDGE_CURVE ( 'NONE', #3039, #2007, #1586, .T. ) ;
#4633 = ORIENTED_EDGE ( 'NONE', *, *, #4060, .F. ) ;
#4634 = LINE ( 'NONE', #1899, #2308 ) ;
#4635 = VERTEX_POINT ( 'NONE', #668 ) ;
#4636 = CARTESIAN_POINT ( 'NONE',  ( 22.50000000000000000, 0.5000000000000000000, 0.000000000000000000 ) ) ;
#4637 = ORIENTED_EDGE ( 'NONE', *, *, #3641, .F. ) ;
#4638 = LINE ( 'NONE', #2297, #4371 ) ;
#4639 = ORIENTED_EDGE ( 'NONE', *, *, #3532, .T. ) ;
#4640 = VERTEX_POINT ( 'NONE', #4809 ) ;
#4641 =( GEOMETRIC_REPRESENTATION_CONTEXT ( 3 ) GLOBAL_UNCERTAINTY_ASSIGNED_CONTEXT ( ( #506 ) ) GLOBAL_UNIT_ASSIGNED_CONTEXT ( ( #3414, #4851, #2048 ) ) REPRESENTATION_CONTEXT ( 'NONE', 'WORKASPACE' ) );
#4642 = FACE_OUTER_BOUND ( 'NONE', #4366, .T. ) ;
#4643 = CARTESIAN_POINT ( 'NONE',  ( 14.49999999999998757, -5.501000000000002110, -25.49999999999999645 ) ) ;
#4644 =( GEOMETRIC_REPRESENTATION_CONTEXT ( 3 ) GLOBAL_UNCERTAINTY_ASSIGNED_CONTEXT ( ( #5654 ) ) GLOBAL_UNIT_ASSIGNED_CONTEXT ( ( #1020, #3327, #990 ) ) REPRESENTATION_CONTEXT ( 'NONE', 'WORKASPACE' ) );
#4645 = DIRECTION ( 'NONE',  ( 0.000000000000000000, 0.000000000000000000, -1.000000000000000000 ) ) ;
#4646 = ORIENTED_EDGE ( 'NONE', *, *, #864, .F. ) ;
#4647 = ORIENTED_EDGE ( 'NONE', *, *, #265, .F. ) ;
#4648 = PLANE ( 'NONE',  #3567 ) ;
#4649 = CARTESIAN_POINT ( 'NONE',  ( 21.49999999999999289, 1.500000000000000000, -40.74999999999999289 ) ) ;
#4650 = ORIENTED_EDGE ( 'NONE', *, *, #4726, .T. ) ;
#4651 = VECTOR ( 'NONE', #2593, 1000.000000000000000 ) ;
#4652 = LINE ( 'NONE', #419, #3364 ) ;
#4653 = CARTESIAN_POINT ( 'NONE',  ( 0.000000000000000000, 1.500000000000000000, -2.000000000000000000 ) ) ;
#4654 = EDGE_LOOP ( 'NONE', ( #5019, #1867, #5252, #1696 ) ) ;
#4655 = ADVANCED_FACE ( 'NONE', ( #2999 ), #4385, .T. ) ;
#4656 = DIRECTION ( 'NONE',  ( -0.000000000000000000, 1.000000000000000000, -0.000000000000000000 ) ) ;
#4657 = DIRECTION ( 'NONE',  ( 0.000000000000000000, 0.000000000000000000, -1.000000000000000000 ) ) ;
#4658 = FACE_OUTER_BOUND ( 'NONE', #1893, .T. ) ;
#4659 = LINE ( 'NONE', #2753, #224 ) ;
#4660 = EDGE_CURVE ( 'NONE', #4442, #492, #3979, .T. ) ;
#4661 = ORIENTED_EDGE ( 'NONE', *, *, #1509, .F. ) ;
#4662 = AXIS2_PLACEMENT_3D ( 'NONE', #1065, #3530, #2100 ) ;
#4663 = CARTESIAN_POINT ( 'NONE',  ( 2.000000000000000000, 1.500000000000000000, 0.000000000000000000 ) ) ;
#4664 = ORIENTED_EDGE ( 'NONE', *, *, #4968, .F. ) ;
#4665 = CARTESIAN_POINT ( 'NONE',  ( 23.00000000000000000, -5.499999999999982236, -4.999999999999990230 ) ) ;
#4666 = ORIENTED_EDGE ( 'NONE', *, *, #2101, .F. ) ;
#4667 = FACE_OUTER_BOUND ( 'NONE', #1616, .T. ) ;
#4668 = ORIENTED_EDGE ( 'NONE', *, *, #4594, .T. ) ;
#4669 = VECTOR ( 'NONE', #4691, 1000.000000000000000 ) ;
#4670 = EDGE_CURVE ( 'NONE', #3541, #4300, #5441, .T. ) ;
#4671 = CARTESIAN_POINT ( 'NONE',  ( 3.525359410719047126, -11.86396103067893293, -40.74999999999999289 ) ) ;
#4672 = DIRECTION ( 'NONE',  ( -0.000000000000000000, 1.000000000000000000, -0.000000000000000000 ) ) ;
#4673 = CYLINDRICAL_SURFACE ( 'NONE', #2145, 3.099999999999998757 ) ;
#4674 = ORIENTED_EDGE ( 'NONE', *, *, #4318, .F. ) ;
#4675 = ORIENTED_EDGE ( 'NONE', *, *, #245, .F. ) ;
#4676 =( NAMED_UNIT ( * ) PLANE_ANGLE_UNIT ( ) SI_UNIT ( $, .RADIAN. ) );
#4677 = DIRECTION ( 'NONE',  ( -1.000000000000000000, -0.000000000000000000, -1.216421949617883318E-16 ) ) ;
#4678 = EDGE_LOOP ( 'NONE', ( #3027, #2311, #2442, #1075, #4693, #2180 ) ) ;
#4679 = DIRECTION ( 'NONE',  ( -8.462065736472231082E-17, -0.000000000000000000, -1.000000000000000000 ) ) ;
#4680 = FACE_BOUND ( 'NONE', #2789, .T. ) ;
#4681 = VECTOR ( 'NONE', #5125, 1000.000000000000000 ) ;
#4682 = ORIENTED_EDGE ( 'NONE', *, *, #2116, .T. ) ;
#4683 = CARTESIAN_POINT ( 'NONE',  ( 1.525359410719044906, -5.500000000000000000, -4.750000000000004441 ) ) ;
#4684 = CARTESIAN_POINT ( 'NONE',  ( 14.49999999999998757, 1.500000000000000000, -26.00000000000000000 ) ) ;
#4685 = DIRECTION ( 'NONE',  ( -8.673617379884042375E-16, 0.000000000000000000, -1.000000000000000000 ) ) ;
#4686 = EDGE_CURVE ( 'NONE', #4470, #2404, #3858, .T. ) ;
#4687 = ORIENTED_EDGE ( 'NONE', *, *, #4959, .T. ) ;
#4688 = LINE ( 'NONE', #3878, #904 ) ;
#4689 = VERTEX_POINT ( 'NONE', #4872 ) ;
#4690 = ORIENTED_EDGE ( 'NONE', *, *, #4632, .T. ) ;
#4691 = DIRECTION ( 'NONE',  ( 1.163534038764931666E-16, 0.000000000000000000, 1.000000000000000000 ) ) ;
#4692 = DIRECTION ( 'NONE',  ( 0.000000000000000000, -1.000000000000000000, 0.000000000000000000 ) ) ;
#4693 = ORIENTED_EDGE ( 'NONE', *, *, #236, .T. ) ;
#4694 = CARTESIAN_POINT ( 'NONE',  ( 11.49999999999995381, 0.8500000000000174083, -41.24999999999999289 ) ) ;
#4695 = EDGE_CURVE ( 'NONE', #5625, #748, #1649, .T. ) ;
#4696 = VERTEX_POINT ( 'NONE', #4414 ) ;
#4697 = DIRECTION ( 'NONE',  ( 0.000000000000000000, -1.000000000000000000, 0.000000000000000000 ) ) ;
#4698 = CARTESIAN_POINT ( 'NONE',  ( 23.00000000000000000, -2.399999999999999911, -4.999999999999990230 ) ) ;
#4699 = CARTESIAN_POINT ( 'NONE',  ( 1.500000000000000444, 3.799999999999999822, -39.24999999999999289 ) ) ;
#4700 = EDGE_CURVE ( 'NONE', #2259, #3166, #5396, .T. ) ;
#4701 = VECTOR ( 'NONE', #768, 1000.000000000000000 ) ;
#4702 = VERTEX_POINT ( 'NONE', #1191 ) ;
#4703 = ORIENTED_EDGE ( 'NONE', *, *, #3334, .T. ) ;
#4704 = CARTESIAN_POINT ( 'NONE',  ( 0.000000000000000000, 1.500000000000000000, 0.000000000000000000 ) ) ;
#4705 = LINE ( 'NONE', #3754, #1568 ) ;
#4706 = ORIENTED_EDGE ( 'NONE', *, *, #4507, .T. ) ;
#4707 = CARTESIAN_POINT ( 'NONE',  ( 21.49999999999999289, -5.500000000000000000, -40.74999999999999289 ) ) ;
#4708 = LINE ( 'NONE', #3328, #1369 ) ;
#4709 = ORIENTED_EDGE ( 'NONE', *, *, #3462, .T. ) ;
#4710 = VECTOR ( 'NONE', #1327, 1000.000000000000000 ) ;
#4711 = CYLINDRICAL_SURFACE ( 'NONE', #2873, 2.000000000000000000 ) ;
#4712 = ADVANCED_FACE ( 'NONE', ( #609 ), #6026, .T. ) ;
#4713 = CYLINDRICAL_SURFACE ( 'NONE', #814, 2.250000000000001776 ) ;
#4714 = CYLINDRICAL_SURFACE ( 'NONE', #2892, 0.9999999999999991118 ) ;
#4715 = ORIENTED_EDGE ( 'NONE', *, *, #3544, .F. ) ;
#4716 = ORIENTED_EDGE ( 'NONE', *, *, #460, .T. ) ;
#4717 = ADVANCED_FACE ( 'NONE', ( #119 ), #5752, .F. ) ;
#4718 = ORIENTED_EDGE ( 'NONE', *, *, #2773, .F. ) ;
#4719 = DIRECTION ( 'NONE',  ( -1.000000000000000000, 0.000000000000000000, 0.000000000000000000 ) ) ;
#4720 = CARTESIAN_POINT ( 'NONE',  ( 21.49999999999999645, 5.000000000000000000, -3.250000000000002665 ) ) ;
#4721 = EDGE_LOOP ( 'NONE', ( #3081, #1629, #1757, #2148 ) ) ;
#4722 = CARTESIAN_POINT ( 'NONE',  ( 13.99999999999998934, 0.5000000000000000000, -25.99999999999999289 ) ) ;
#4723 = AXIS2_PLACEMENT_3D ( 'NONE', #2038, #579, #5301 ) ;
#4724 = VERTEX_POINT ( 'NONE', #4842 ) ;
#4725 = EDGE_CURVE ( 'NONE', #1562, #4850, #276, .T. ) ;
#4726 = EDGE_CURVE ( 'NONE', #3323, #4228, #1743, .T. ) ;
#4727 = CARTESIAN_POINT ( 'NONE',  ( 14.50000000000004263, 0.000000000000000000, -18.50000000000000355 ) ) ;
#4728 = VECTOR ( 'NONE', #4538, 1000.000000000000000 ) ;
#4729 = DIRECTION ( 'NONE',  ( 0.000000000000000000, 0.000000000000000000, -1.000000000000000000 ) ) ;
#4730 = CARTESIAN_POINT ( 'NONE',  ( 14.50000000000000000, 1.500000000000000000, -22.50000000000000355 ) ) ;
#4731 = ORIENTED_EDGE ( 'NONE', *, *, #4021, .F. ) ;
#4732 = ORIENTED_EDGE ( 'NONE', *, *, #3122, .F. ) ;
#4733 = EDGE_CURVE ( 'NONE', #1170, #1463, #3684, .T. ) ;
#4734 = CARTESIAN_POINT ( 'NONE',  ( 13.74999999999997691, -1.600000000000000089, -29.99999999999999645 ) ) ;
#4735 = ORIENTED_EDGE ( 'NONE', *, *, #5404, .F. ) ;
#4736 = CARTESIAN_POINT ( 'NONE',  ( 10.00000000000000355, 7.099999999999999645, -13.99999999999999289 ) ) ;
#4737 = DIRECTION ( 'NONE',  ( 1.000000000000000000, -0.000000000000000000, 0.000000000000000000 ) ) ;
#4738 = EDGE_CURVE ( 'NONE', #2574, #4552, #3096, .T. ) ;
#4739 = ORIENTED_EDGE ( 'NONE', *, *, #297, .T. ) ;
#4740 = VECTOR ( 'NONE', #4039, 1000.000000000000000 ) ;
#4741 = AXIS2_PLACEMENT_3D ( 'NONE', #3242, #4160, #3703 ) ;
#4742 = DIRECTION ( 'NONE',  ( 0.000000000000000000, -1.000000000000000000, 0.000000000000000000 ) ) ;
#4743 = DIRECTION ( 'NONE',  ( 1.000000000000000000, 0.000000000000000000, 0.000000000000000000 ) ) ;
#4744 = DIRECTION ( 'NONE',  ( 1.000000000000000000, 0.000000000000000000, -0.000000000000000000 ) ) ;
#4745 = VECTOR ( 'NONE', #358, 1000.000000000000000 ) ;
#4746 = ORIENTED_EDGE ( 'NONE', *, *, #3558, .T. ) ;
#4747 = ORIENTED_EDGE ( 'NONE', *, *, #395, .F. ) ;
#4748 = FACE_BOUND ( 'NONE', #5065, .T. ) ;
#4749 = CARTESIAN_POINT ( 'NONE',  ( 21.49999999999999289, 5.000000000000000000, -41.49999999999999289 ) ) ;
#4750 = ORIENTED_EDGE ( 'NONE', *, *, #790, .F. ) ;
#4751 = CARTESIAN_POINT ( 'NONE',  ( 21.49999999999999645, 5.000000000000000000, -4.000000000000000888 ) ) ;
#4752 = ORIENTED_EDGE ( 'NONE', *, *, #196, .T. ) ;
#4753 = AXIS2_PLACEMENT_3D ( 'NONE', #185, #4446, #3497 ) ;
#4754 = DIRECTION ( 'NONE',  ( 0.000000000000000000, 0.000000000000000000, 1.000000000000000000 ) ) ;
#4755 = DIRECTION ( 'NONE',  ( 0.000000000000000000, 0.000000000000000000, -1.000000000000000000 ) ) ;
#4756 = VECTOR ( 'NONE', #334, 1000.000000000000000 ) ;
#4757 = CARTESIAN_POINT ( 'NONE',  ( 13.99999999999998934, 0.5000000000000000000, -25.99999999999999289 ) ) ;
#4758 = EDGE_CURVE ( 'NONE', #516, #5311, #4131, .T. ) ;
#4759 = EDGE_LOOP ( 'NONE', ( #3875, #3596, #40, #1605 ) ) ;
#4760 = VERTEX_POINT ( 'NONE', #3213 ) ;
#4761 = CARTESIAN_POINT ( 'NONE',  ( 6.500000000000000000, 2.500000000000000000, -13.72499999999998721 ) ) ;
#4762 = PLANE ( 'NONE',  #2922 ) ;
#4763 = EDGE_LOOP ( 'NONE', ( #575, #4212, #4661, #1118 ) ) ;
#4764 = CARTESIAN_POINT ( 'NONE',  ( 12.99999999999997513, -1.600000000000000089, -30.00000000000000000 ) ) ;
#4765 = DIRECTION ( 'NONE',  ( -0.000000000000000000, 0.000000000000000000, 1.000000000000000000 ) ) ;
#4766 = EDGE_CURVE ( 'NONE', #748, #2259, #4274, .T. ) ;
#4767 = VERTEX_POINT ( 'NONE', #3182 ) ;
#4768 = CARTESIAN_POINT ( 'NONE',  ( 14.50000000000000000, 1.500000000000000000, -22.50000000000000355 ) ) ;
#4769 = CIRCLE ( 'NONE', #4089, 1.500000000000001332 ) ;
#4770 = CARTESIAN_POINT ( 'NONE',  ( 14.50000000000002132, 0.000000000000000000, -20.50000000000000355 ) ) ;
#4771 = DIRECTION ( 'NONE',  ( 1.000000000000000000, 0.000000000000000000, 0.000000000000000000 ) ) ;
#4772 = EDGE_CURVE ( 'NONE', #862, #2381, #2596, .T. ) ;
#4773 = VECTOR ( 'NONE', #5307, 1000.000000000000000 ) ;
#4774 = VERTEX_POINT ( 'NONE', #1679 ) ;
#4775 = EDGE_CURVE ( 'NONE', #3615, #626, #813, .T. ) ;
#4776 = LINE ( 'NONE', #4170, #272 ) ;
#4777 = DIRECTION ( 'NONE',  ( 1.000000000000000000, 0.000000000000000000, 0.000000000000000000 ) ) ;
#4778 = VECTOR ( 'NONE', #4813, 1000.000000000000000 ) ;
#4779 = LINE ( 'NONE', #5577, #3291 ) ;
#4780 = EDGE_CURVE ( 'NONE', #3517, #1840, #4996, .T. ) ;
#4781 = ORIENTED_EDGE ( 'NONE', *, *, #1741, .F. ) ;
#4782 = CARTESIAN_POINT ( 'NONE',  ( 0.000000000000000000, 1.000000000000000000, -0.5000000000000000000 ) ) ;
#4783 = LINE ( 'NONE', #3810, #1965 ) ;
#4784 = CIRCLE ( 'NONE', #1, 1.000000000000000888 ) ;
#4785 = DIRECTION ( 'NONE',  ( 0.000000000000000000, 0.000000000000000000, -1.000000000000000000 ) ) ;
#4786 = ORIENTED_EDGE ( 'NONE', *, *, #5404, .T. ) ;
#4787 = ORIENTED_EDGE ( 'NONE', *, *, #1622, .T. ) ;
#4788 = DIRECTION ( 'NONE',  ( -0.000000000000000000, 1.000000000000000000, -0.000000000000000000 ) ) ;
#4789 = EDGE_LOOP ( 'NONE', ( #2846, #1765, #5970, #567, #4415, #930, #5928, #4247, #4263, #5374, #5594, #732, #3443, #1449, #3662, #2583, #1324, #1209, #6017, #2364 ) ) ;
#4790 = DIRECTION ( 'NONE',  ( -0.000000000000000000, 1.000000000000000000, -0.000000000000000000 ) ) ;
#4791 = ADVANCED_FACE ( 'NONE', ( #4008 ), #5478, .T. ) ;
#4792 = DIRECTION ( 'NONE',  ( -0.000000000000000000, 1.000000000000000000, -0.000000000000000000 ) ) ;
#4793 = VECTOR ( 'NONE', #2401, 1000.000000000000000 ) ;
#4794 = LINE ( 'NONE', #5653, #3330 ) ;
#4795 = VERTEX_POINT ( 'NONE', #4597 ) ;
#4796 = CARTESIAN_POINT ( 'NONE',  ( 22.99999999999999289, 5.000000000000000000, -41.99999999999999289 ) ) ;
#4797 = AXIS2_PLACEMENT_3D ( 'NONE', #929, #44, #2363 ) ;
#4798 = CARTESIAN_POINT ( 'NONE',  ( 0.000000000000000000, 1.500000000000000000, 0.000000000000000000 ) ) ;
#4799 = EDGE_CURVE ( 'NONE', #4601, #4297, #3591, .T. ) ;
#4800 = CARTESIAN_POINT ( 'NONE',  ( 20.99999999999999645, 1.000000000000000000, -41.99999999999999289 ) ) ;
#4801 = PLANE ( 'NONE',  #3352 ) ;
#4802 = ORIENTED_EDGE ( 'NONE', *, *, #3410, .T. ) ;
#4803 = AXIS2_PLACEMENT_3D ( 'NONE', #3257, #73, #3748 ) ;
#4804 = VERTEX_POINT ( 'NONE', #5025 ) ;
#4805 = EDGE_CURVE ( 'NONE', #2491, #3001, #4537, .T. ) ;
#4806 = CARTESIAN_POINT ( 'NONE',  ( 15.24165738677394444, -5.500000000000000000, -40.99999999999999289 ) ) ;
#4807 = FACE_OUTER_BOUND ( 'NONE', #5482, .T. ) ;
#4808 = EDGE_LOOP ( 'NONE', ( #4317, #5239, #1870, #3671 ) ) ;
#4809 = CARTESIAN_POINT ( 'NONE',  ( 21.49999999999999289, 0.000000000000000000, -39.24999999999999289 ) ) ;
#4810 = VERTEX_POINT ( 'NONE', #3124 ) ;
#4811 = EDGE_CURVE ( 'NONE', #4724, #477, #365, .T. ) ;
#4812 = EDGE_CURVE ( 'NONE', #851, #3316, #3151, .T. ) ;
#4813 = DIRECTION ( 'NONE',  ( -0.000000000000000000, 1.000000000000000000, -0.000000000000000000 ) ) ;
#4814 = DIRECTION ( 'NONE',  ( -1.000000000000000000, 0.000000000000000000, -0.000000000000000000 ) ) ;
#4815 = VECTOR ( 'NONE', #3486, 1000.000000000000000 ) ;
#4816 = AXIS2_PLACEMENT_3D ( 'NONE', #4624, #3208, #3669 ) ;
#4817 = LINE ( 'NONE', #3440, #101 ) ;
#4818 = ORIENTED_EDGE ( 'NONE', *, *, #4660, .F. ) ;
#4819 = EDGE_CURVE ( 'NONE', #4365, #2075, #4475, .T. ) ;
#4820 = VERTEX_POINT ( 'NONE', #5426 ) ;
#4821 = CARTESIAN_POINT ( 'NONE',  ( 0.000000000000000000, 0.000000000000000000, 0.000000000000000000 ) ) ;
#4822 = CIRCLE ( 'NONE', #5888, 4.724999999999997868 ) ;
#4823 = ORIENTED_EDGE ( 'NONE', *, *, #5231, .F. ) ;
#4824 = CARTESIAN_POINT ( 'NONE',  ( 1.525359410719044906, 0.000000000000000000, -39.24999999999999289 ) ) ;
#4825 = ORIENTED_EDGE ( 'NONE', *, *, #685, .T. ) ;
#4826 = CARTESIAN_POINT ( 'NONE',  ( 11.49999999999999822, 0.8499999999999896527, -2.749999999999999112 ) ) ;
#4827 = FACE_OUTER_BOUND ( 'NONE', #342, .T. ) ;
#4828 = MECHANICAL_DESIGN_GEOMETRIC_PRESENTATION_REPRESENTATION (  '', ( #3261 ), #2173 ) ;
#4829 = EDGE_LOOP ( 'NONE', ( #2021, #2211, #197, #2375 ) ) ;
#4830 = CARTESIAN_POINT ( 'NONE',  ( 13.74499443206436666, 0.000000000000000000, -2.900000000000001243 ) ) ;
#4831 = FACE_OUTER_BOUND ( 'NONE', #89, .T. ) ;
#4832 = FACE_OUTER_BOUND ( 'NONE', #3638, .T. ) ;
#4833 = CARTESIAN_POINT ( 'NONE',  ( 21.49999999999999289, 0.000000000000000000, -1.500000000000000000 ) ) ;
#4834 = CLOSED_SHELL ( 'NONE', ( #612, #1513, #2878, #20, #3750, #902, #4791, #5034, #2814, #1425, #228, #5712, #5931, #2735, #2523, #6040, #3201, #4849, #1545, #4548, #874, #5869, #2291, #1802, #5628, #4294, #3955, #632, #4914, #4403, #2443, #4655, #1221, #4181, #5147, #2842, #3675, #1287, #619, #1700, #676, #655, #4124, #4476, #2262, #3891, #354, #3709, #426, #5367, #5662, #6, #4492, #5538, #5884, #5904, #4998, #2096, #5669, #2621, #2166, #777, #1656, #1079, #2369, #5438, #2898, #4869, #2991 ) ) ;
#4835 = VECTOR ( 'NONE', #5267, 1000.000000000000000 ) ;
#4836 = ADVANCED_FACE ( 'NONE', ( #2653 ), #2226, .F. ) ;
#4837 = ORIENTED_EDGE ( 'NONE', *, *, #6011, .F. ) ;
#4838 = VERTEX_POINT ( 'NONE', #2162 ) ;
#4839 = CIRCLE ( 'NONE', #817, 3.099999999999998757 ) ;
#4840 = DIRECTION ( 'NONE',  ( -0.000000000000000000, 0.000000000000000000, 1.000000000000000000 ) ) ;
#4841 = CARTESIAN_POINT ( 'NONE',  ( 18.49999999999999645, 5.000000000000000000, -4.000000000000000000 ) ) ;
#4842 = CARTESIAN_POINT ( 'NONE',  ( 7.500000000000000888, 5.000000000000000000, -39.99999999999999289 ) ) ;
#4843 = EDGE_CURVE ( 'NONE', #2422, #1030, #4041, .T. ) ;
#4844 = ORIENTED_EDGE ( 'NONE', *, *, #5501, .T. ) ;
#4845 = LINE ( 'NONE', #2445, #3993 ) ;
#4846 = LINE ( 'NONE', #3501, #4773 ) ;
#4847 = FACE_OUTER_BOUND ( 'NONE', #2371, .T. ) ;
#4848 = CIRCLE ( 'NONE', #4662, 0.5000000000000038858 ) ;
#4849 = ADVANCED_FACE ( 'NONE', ( #2195 ), #4629, .F. ) ;
#4850 = VERTEX_POINT ( 'NONE', #1461 ) ;
#4851 =( NAMED_UNIT ( * ) PLANE_ANGLE_UNIT ( ) SI_UNIT ( $, .RADIAN. ) );
#4852 = ORIENTED_EDGE ( 'NONE', *, *, #2228, .F. ) ;
#4853 = CARTESIAN_POINT ( 'NONE',  ( 14.49999999999998757, 1.500000000000000000, -25.49999999999999645 ) ) ;
#4854 = EDGE_LOOP ( 'NONE', ( #4305, #1553, #2451, #4883 ) ) ;
#4855 = VECTOR ( 'NONE', #4685, 1000.000000000000000 ) ;
#4856 = DIRECTION ( 'NONE',  ( -0.000000000000000000, 1.000000000000000000, -0.000000000000000000 ) ) ;
#4857 = CARTESIAN_POINT ( 'NONE',  ( 0.000000000000000000, 1.000000000000000000, 0.000000000000000000 ) ) ;
#4858 = ORIENTED_EDGE ( 'NONE', *, *, #3354, .F. ) ;
#4859 = VECTOR ( 'NONE', #4168, 1000.000000000000000 ) ;
#4860 = LINE ( 'NONE', #3549, #4139 ) ;
#4861 = DIRECTION ( 'NONE',  ( -1.000000000000000000, 0.000000000000000000, -0.000000000000000000 ) ) ;
#4862 = FACE_BOUND ( 'NONE', #3800, .T. ) ;
#4863 = PLANE ( 'NONE',  #3173 ) ;
#4864 = CARTESIAN_POINT ( 'NONE',  ( 18.49999999999999645, 5.000000000000000000, -39.99999999999999289 ) ) ;
#4865 = EDGE_LOOP ( 'NONE', ( #4532, #1043, #5962, #6009 ) ) ;
#4866 = AXIS2_PLACEMENT_3D ( 'NONE', #695, #1550, #117 ) ;
#4867 = DIRECTION ( 'NONE',  ( -5.551115123125804889E-17, -1.000000000000000000, -2.775557561562891351E-16 ) ) ;
#4868 = ORIENTED_EDGE ( 'NONE', *, *, #2415, .T. ) ;
#4869 = ADVANCED_FACE ( 'NONE', ( #1925 ), #4714, .F. ) ;
#4870 = DIRECTION ( 'NONE',  ( -2.891205793294679312E-16, 0.000000000000000000, 1.000000000000000000 ) ) ;
#4871 = CARTESIAN_POINT ( 'NONE',  ( 13.34999999999995524, 1.356970091848097676E-14, -41.24999999999999289 ) ) ;
#4872 = CARTESIAN_POINT ( 'NONE',  ( 17.00000000000000000, 0.000000000000000000, -12.09999999999999964 ) ) ;
#4873 = VECTOR ( 'NONE', #3371, 1000.000000000000000 ) ;
#4874 = ORIENTED_EDGE ( 'NONE', *, *, #2647, .F. ) ;
#4875 = VECTOR ( 'NONE', #4272, 1000.000000000000000 ) ;
#4876 = ORIENTED_EDGE ( 'NONE', *, *, #1576, .F. ) ;
#4877 = CARTESIAN_POINT ( 'NONE',  ( 15.49999999999999112, -5.500000000000000000, -4.750000000000004441 ) ) ;
#4878 = ORIENTED_EDGE ( 'NONE', *, *, #5501, .F. ) ;
#4879 = EDGE_CURVE ( 'NONE', #966, #2786, #512, .T. ) ;
#4880 = LINE ( 'NONE', #672, #4484 ) ;
#4881 = ORIENTED_EDGE ( 'NONE', *, *, #1354, .F. ) ;
#4882 = LINE ( 'NONE', #1169, #1861 ) ;
#4883 = ORIENTED_EDGE ( 'NONE', *, *, #4395, .F. ) ;
#4884 = PRODUCT_CONTEXT ( 'NONE', #3499, 'mechanical' ) ;
#4885 = ORIENTED_EDGE ( 'NONE', *, *, #1666, .T. ) ;
#4886 = DIRECTION ( 'NONE',  ( -0.000000000000000000, 1.000000000000000000, -0.000000000000000000 ) ) ;
#4887 = VERTEX_POINT ( 'NONE', #5118 ) ;
#4888 = ADVANCED_FACE ( 'NONE', ( #910 ), #5149, .T. ) ;
#4889 = CARTESIAN_POINT ( 'NONE',  ( 1.500000000000000444, 5.000000000000000000, -42.49999999999999289 ) ) ;
#4890 = LINE ( 'NONE', #3903, #2635 ) ;
#4891 = ORIENTED_EDGE ( 'NONE', *, *, #3498, .F. ) ;
#4892 = DIRECTION ( 'NONE',  ( -8.673617379884043361E-16, 0.000000000000000000, -1.000000000000000000 ) ) ;
#4893 = DIRECTION ( 'NONE',  ( -1.000000000000000000, 1.665334536937725443E-16, 9.376883653928682679E-16 ) ) ;
#4894 = AXIS2_PLACEMENT_3D ( 'NONE', #1999, #5711, #5172 ) ;
#4895 = CARTESIAN_POINT ( 'NONE',  ( 7.500000000000000888, 3.799999999999999822, -4.750000000000000888 ) ) ;
#4896 = CARTESIAN_POINT ( 'NONE',  ( 1.525359410719044906, -11.86396103067893293, -4.750000000000004441 ) ) ;
#4897 = PLANE ( 'NONE',  #3056 ) ;
#4898 = ORIENTED_EDGE ( 'NONE', *, *, #5339, .F. ) ;
#4899 = VECTOR ( 'NONE', #74, 1000.000000000000000 ) ;
#4900 = EDGE_LOOP ( 'NONE', ( #4150, #1748, #5303, #4453 ) ) ;
#4901 = DIRECTION ( 'NONE',  ( -1.000000000000000000, -0.000000000000000000, -0.000000000000000000 ) ) ;
#4902 = ORIENTED_EDGE ( 'NONE', *, *, #908, .F. ) ;
#4903 = CARTESIAN_POINT ( 'NONE',  ( 7.758342613226060003, 0.000000000000000000, -3.000000000000000000 ) ) ;
#4904 = DIRECTION ( 'NONE',  ( -1.000000000000000000, 0.000000000000000000, 0.000000000000000000 ) ) ;
#4905 = DIRECTION ( 'NONE',  ( 1.000000000000000000, 0.000000000000000000, 0.000000000000000000 ) ) ;
#4906 = VECTOR ( 'NONE', #410, 1000.000000000000227 ) ;
#4907 = DIRECTION ( 'NONE',  ( -0.000000000000000000, -1.000000000000000000, -0.000000000000000000 ) ) ;
#4908 = EDGE_CURVE ( 'NONE', #5338, #4702, #3705, .T. ) ;
#4909 = CARTESIAN_POINT ( 'NONE',  ( 18.49999999999999645, 5.000000000000000000, -3.250000000000000444 ) ) ;
#4910 = ORIENTED_EDGE ( 'NONE', *, *, #2014, .T. ) ;
#4911 = LINE ( 'NONE', #615, #566 ) ;
#4912 = PLANE ( 'NONE',  #3533 ) ;
#4913 = ORIENTED_EDGE ( 'NONE', *, *, #3092, .T. ) ;
#4914 = ADVANCED_FACE ( 'NONE', ( #998 ), #3278, .F. ) ;
#4915 = ORIENTED_EDGE ( 'NONE', *, *, #811, .T. ) ;
#4916 = CARTESIAN_POINT ( 'NONE',  ( 1.500000000000004885, -4.099999999999997868, -19.09999999999999787 ) ) ;
#4917 = DIRECTION ( 'NONE',  ( 1.163534038764931666E-16, 0.000000000000000000, 1.000000000000000000 ) ) ;
#4918 = PRESENTATION_STYLE_ASSIGNMENT (( #5855 ) ) ;
#4919 = VECTOR ( 'NONE', #1401, 1000.000000000000000 ) ;
#4920 = ORIENTED_EDGE ( 'NONE', *, *, #1955, .F. ) ;
#4921 = EDGE_CURVE ( 'NONE', #3411, #3821, #2866, .T. ) ;
#4922 = PLANE ( 'NONE',  #5704 ) ;
#4923 = CARTESIAN_POINT ( 'NONE',  ( 3.525359410719047126, 0.000000000000000000, -39.24999999999999289 ) ) ;
#4924 = LINE ( 'NONE', #1215, #5933 ) ;
#4925 = VECTOR ( 'NONE', #4165, 1000.000000000000000 ) ;
#4926 = PLANE ( 'NONE',  #3279 ) ;
#4927 = CARTESIAN_POINT ( 'NONE',  ( 1.500000000000000666, 3.799999999999999822, -39.99999999999999289 ) ) ;
#4928 = VERTEX_POINT ( 'NONE', #88 ) ;
#4929 = EDGE_CURVE ( 'NONE', #4620, #5617, #545, .T. ) ;
#4930 = ORIENTED_EDGE ( 'NONE', *, *, #2679, .F. ) ;
#4931 = VECTOR ( 'NONE', #1017, 1000.000000000000000 ) ;
#4932 = DIRECTION ( 'NONE',  ( -0.000000000000000000, 0.000000000000000000, 1.000000000000000000 ) ) ;
#4933 = AXIS2_PLACEMENT_3D ( 'NONE', #5014, #3667, #2678 ) ;
#4934 = FACE_OUTER_BOUND ( 'NONE', #522, .T. ) ;
#4935 = DIRECTION ( 'NONE',  ( -1.000000000000000000, 0.000000000000000000, 0.000000000000000000 ) ) ;
#4936 = ORIENTED_EDGE ( 'NONE', *, *, #4695, .F. ) ;
#4937 = CARTESIAN_POINT ( 'NONE',  ( 6.500000000000000000, 2.500000000000000000, -9.000000000000000000 ) ) ;
#4938 = DIRECTION ( 'NONE',  ( 1.000000000000000000, 0.000000000000000000, 0.000000000000000000 ) ) ;
#4939 = AXIS2_PLACEMENT_3D ( 'NONE', #1400, #3332, #4657 ) ;
#4940 = AXIS2_PLACEMENT_3D ( 'NONE', #3304, #2811, #3424 ) ;
#4941 = DIRECTION ( 'NONE',  ( -1.000000000000000000, 1.665334536937722485E-16, 8.673617379884043361E-16 ) ) ;
#4942 = DIRECTION ( 'NONE',  ( -0.000000000000000000, 1.000000000000000000, -0.000000000000000000 ) ) ;
#4943 = VECTOR ( 'NONE', #1370, 1000.000000000000000 ) ;
#4944 = LINE ( 'NONE', #3006, #5098 ) ;
#4945 = ORIENTED_EDGE ( 'NONE', *, *, #726, .T. ) ;
#4946 = DIRECTION ( 'NONE',  ( 1.665334536937724457E-16, 1.000000000000000000, 7.330873434585716398E-16 ) ) ;
#4947 = ORIENTED_EDGE ( 'NONE', *, *, #5891, .F. ) ;
#4948 = CARTESIAN_POINT ( 'NONE',  ( 11.50000000000000178, -11.86396103067893293, -2.750000000000002665 ) ) ;
#4949 = DIRECTION ( 'NONE',  ( -1.000000000000000000, 0.000000000000000000, 0.000000000000000000 ) ) ;
#4950 = ADVANCED_FACE ( 'NONE', ( #5179 ), #1953, .F. ) ;
#4951 = LINE ( 'NONE', #4857, #4995 ) ;
#4952 = ORIENTED_EDGE ( 'NONE', *, *, #4733, .T. ) ;
#4953 = EDGE_LOOP ( 'NONE', ( #2931, #374, #3186, #1722 ) ) ;
#4954 = EDGE_LOOP ( 'NONE', ( #4982, #2834, #1288, #2809, #1061, #1988, #371, #5197, #513, #1903, #4025, #5889, #3711, #1458, #2944, #2916, #217, #65, #1014, #4990, #2967, #2861, #4058, #5936, #6020 ) ) ;
#4955 = FACE_OUTER_BOUND ( 'NONE', #3232, .T. ) ;
#4956 = AXIS2_PLACEMENT_3D ( 'NONE', #977, #491, #2387 ) ;
#4957 = DIRECTION ( 'NONE',  ( -1.000000000000000000, 0.000000000000000000, 0.000000000000000000 ) ) ;
#4958 = DIRECTION ( 'NONE',  ( -0.000000000000000000, 1.000000000000000000, -0.000000000000000000 ) ) ;
#4959 = EDGE_CURVE ( 'NONE', #1978, #5735, #969, .T. ) ;
#4960 = CARTESIAN_POINT ( 'NONE',  ( 18.49999999999999645, 1.500000000000000000, -40.74999999999999289 ) ) ;
#4961 = CARTESIAN_POINT ( 'NONE',  ( 22.50000000000000000, 1.500000000000000000, -2.000000000000000000 ) ) ;
#4962 = CIRCLE ( 'NONE', #5643, 1.000000000000000888 ) ;
#4963 = CIRCLE ( 'NONE', #3686, 0.5000000000000038858 ) ;
#4964 = PRODUCT ( 'bottom', 'bottom', '', ( #5487 ) ) ;
#4965 = EDGE_LOOP ( 'NONE', ( #4633, #843, #2215, #960 ) ) ;
#4966 = ORIENTED_EDGE ( 'NONE', *, *, #3647, .T. ) ;
#4967 = FACE_OUTER_BOUND ( 'NONE', #2542, .T. ) ;
#4968 = EDGE_CURVE ( 'NONE', #1110, #4297, #2838, .T. ) ;
#4969 = LINE ( 'NONE', #1460, #5908 ) ;
#4970 = DIRECTION ( 'NONE',  ( -0.000000000000000000, 1.000000000000000000, -0.000000000000000000 ) ) ;
#4971 = DIRECTION ( 'NONE',  ( -0.000000000000000000, -1.000000000000000000, -0.000000000000000000 ) ) ;
#4972 = LINE ( 'NONE', #3154, #2564 ) ;
#4973 = FACE_OUTER_BOUND ( 'NONE', #2465, .T. ) ;
#4974 = DIRECTION ( 'NONE',  ( 0.000000000000000000, 0.000000000000000000, -1.000000000000000000 ) ) ;
#4975 = VECTOR ( 'NONE', #2263, 1000.000000000000000 ) ;
#4976 = EDGE_LOOP ( 'NONE', ( #3188, #2172, #455, #3461 ) ) ;
#4977 = LINE ( 'NONE', #5915, #830 ) ;
#4978 = ORIENTED_EDGE ( 'NONE', *, *, #758, .T. ) ;
#4979 = CARTESIAN_POINT ( 'NONE',  ( 2.000000000000000000, -5.500000000000000000, -41.99999999999999289 ) ) ;
#4980 = DIRECTION ( 'NONE',  ( 0.000000000000000000, -1.000000000000000000, 0.000000000000000000 ) ) ;
#4981 = DIRECTION ( 'NONE',  ( 0.000000000000000000, 0.000000000000000000, 1.000000000000000000 ) ) ;
#4982 = ORIENTED_EDGE ( 'NONE', *, *, #2794, .T. ) ;
#4983 = DIRECTION ( 'NONE',  ( 1.000000000000000000, 0.000000000000000000, 0.000000000000000000 ) ) ;
#4984 = EDGE_CURVE ( 'NONE', #1284, #4689, #64, .T. ) ;
#4985 = LINE ( 'NONE', #5927, #4123 ) ;
#4986 = FACE_BOUND ( 'NONE', #4759, .T. ) ;
#4987 = DIRECTION ( 'NONE',  ( -0.000000000000000000, -1.000000000000000000, -0.000000000000000000 ) ) ;
#4988 = AXIS2_PLACEMENT_3D ( 'NONE', #5763, #3444, #226 ) ;
#4989 = CARTESIAN_POINT ( 'NONE',  ( 11.50000000000000178, -11.86396103067893293, -1.900000000000001688 ) ) ;
#4990 = ORIENTED_EDGE ( 'NONE', *, *, #5096, .T. ) ;
#4991 = ORIENTED_EDGE ( 'NONE', *, *, #4700, .T. ) ;
#4992 = EDGE_CURVE ( 'NONE', #3890, #1921, #2164, .T. ) ;
#4993 = DIRECTION ( 'NONE',  ( 0.000000000000000000, -1.000000000000000000, 0.000000000000000000 ) ) ;
#4994 = DIRECTION ( 'NONE',  ( 0.000000000000000000, 0.000000000000000000, -1.000000000000000000 ) ) ;
#4995 = VECTOR ( 'NONE', #1238, 1000.000000000000000 ) ;
#4996 = LINE ( 'NONE', #1306, #2203 ) ;
#4997 = DIRECTION ( 'NONE',  ( -0.000000000000000000, 0.000000000000000000, 1.000000000000000000 ) ) ;
#4998 = ADVANCED_FACE ( 'NONE', ( #2287 ), #4163, .F. ) ;
#4999 = LINE ( 'NONE', #3155, #5732 ) ;
#5000 = CARTESIAN_POINT ( 'NONE',  ( 19.49999999999999289, 1.500000000000000000, -23.49999999999999645 ) ) ;
#5001 = DIRECTION ( 'NONE',  ( -0.000000000000000000, 1.000000000000000000, -0.000000000000000000 ) ) ;
#5002 = EDGE_LOOP ( 'NONE', ( #3774, #1418, #3176, #5584 ) ) ;
#5003 = VECTOR ( 'NONE', #1048, 1000.000000000000000 ) ;
#5004 = ADVANCED_FACE ( 'NONE', ( #4658 ), #459, .F. ) ;
#5005 = AXIS2_PLACEMENT_3D ( 'NONE', #4146, #3720, #1263 ) ;
#5006 = DIRECTION ( 'NONE',  ( 0.000000000000000000, 0.000000000000000000, -1.000000000000000000 ) ) ;
#5007 = DIRECTION ( 'NONE',  ( -0.000000000000000000, 1.000000000000000000, -0.000000000000000000 ) ) ;
#5008 = CARTESIAN_POINT ( 'NONE',  ( 1.500000000000005329, -5.500000000000000000, -42.49999999999999289 ) ) ;
#5009 = EDGE_LOOP ( 'NONE', ( #38, #4647, #4411, #3805 ) ) ;
#5010 = ORIENTED_EDGE ( 'NONE', *, *, #2338, .F. ) ;
#5011 = DIRECTION ( 'NONE',  ( 0.000000000000000000, 0.000000000000000000, -1.000000000000000000 ) ) ;
#5012 = DIRECTION ( 'NONE',  ( 0.000000000000000000, 0.000000000000000000, -1.000000000000000000 ) ) ;
#5013 = ORIENTED_EDGE ( 'NONE', *, *, #1837, .T. ) ;
#5014 = CARTESIAN_POINT ( 'NONE',  ( 6.500000000000000000, 0.000000000000000000, -9.000000000000000000 ) ) ;
#5015 = FACE_OUTER_BOUND ( 'NONE', #4118, .T. ) ;
#5016 = VECTOR ( 'NONE', #2551, 1000.000000000000000 ) ;
#5017 = CIRCLE ( 'NONE', #115, 5.474999999999997868 ) ;
#5018 = CARTESIAN_POINT ( 'NONE',  ( 1.500000000000000444, 1.500000000000000000, -39.24999999999999289 ) ) ;
#5019 = ORIENTED_EDGE ( 'NONE', *, *, #3914, .T. ) ;
#5020 = EDGE_LOOP ( 'NONE', ( #6016, #3222, #4930, #2529 ) ) ;
#5021 = ORIENTED_EDGE ( 'NONE', *, *, #2437, .T. ) ;
#5022 = CIRCLE ( 'NONE', #125, 2.000000000000000000 ) ;
#5023 = CARTESIAN_POINT ( 'NONE',  ( 19.49999999999998579, 0.5000000000000004441, -26.50000000000000355 ) ) ;
#5024 = LINE ( 'NONE', #845, #3666 ) ;
#5025 = CARTESIAN_POINT ( 'NONE',  ( 1.500000000000000444, 1.500000000000000000, -4.750000000000000888 ) ) ;
#5026 = EDGE_CURVE ( 'NONE', #5402, #2219, #1862, .T. ) ;
#5027 = VECTOR ( 'NONE', #3785, 1000.000000000000000 ) ;
#5028 = CARTESIAN_POINT ( 'NONE',  ( 18.49999999999999645, 3.799999999999999822, -39.99999999999999289 ) ) ;
#5029 = VERTEX_POINT ( 'NONE', #1029 ) ;
#5030 = CARTESIAN_POINT ( 'NONE',  ( 0.000000000000000000, 5.000000000000000000, -2.000000000000001776 ) ) ;
#5031 = ORIENTED_EDGE ( 'NONE', *, *, #5917, .T. ) ;
#5032 = LINE ( 'NONE', #5092, #5457 ) ;
#5033 = CARTESIAN_POINT ( 'NONE',  ( 1.525359410719045128, 0.000000000000000000, -3.250000000000002665 ) ) ;
#5034 = ADVANCED_FACE ( 'NONE', ( #601 ), #4897, .T. ) ;
#5035 = COLOUR_RGB ( '',1.000000000000000000, 1.000000000000000000, 1.000000000000000000 ) ;
#5036 = ORIENTED_EDGE ( 'NONE', *, *, #3160, .T. ) ;
#5037 = AXIS2_PLACEMENT_3D ( 'NONE', #4104, #4503, #2652 ) ;
#5038 = CARTESIAN_POINT ( 'NONE',  ( 14.50000000000000000, -5.501000000000002110, -21.49999999999999645 ) ) ;
#5039 = DIRECTION ( 'NONE',  ( -0.000000000000000000, 1.000000000000000000, -0.000000000000000000 ) ) ;
#5040 = VECTOR ( 'NONE', #716, 1000.000000000000000 ) ;
#5041 = LINE ( 'NONE', #861, #4408 ) ;
#5042 = EDGE_CURVE ( 'NONE', #5617, #5768, #1517, .T. ) ;
#5043 = VERTEX_POINT ( 'NONE', #4316 ) ;
#5044 = ORIENTED_EDGE ( 'NONE', *, *, #5816, .T. ) ;
#5045 = DIRECTION ( 'NONE',  ( -1.000000000000000000, 0.000000000000000000, -0.000000000000000000 ) ) ;
#5046 = DIRECTION ( 'NONE',  ( 1.000000000000000000, 0.000000000000000000, 2.891205793294679312E-16 ) ) ;
#5047 = ORIENTED_EDGE ( 'NONE', *, *, #3911, .F. ) ;
#5048 = DIRECTION ( 'NONE',  ( 0.000000000000000000, 0.000000000000000000, -1.000000000000000000 ) ) ;
#5049 = LINE ( 'NONE', #2712, #996 ) ;
#5050 = VERTEX_POINT ( 'NONE', #5358 ) ;
#5051 = CIRCLE ( 'NONE', #2399, 1.000000000000000000 ) ;
#5052 = ORIENTED_EDGE ( 'NONE', *, *, #2444, .T. ) ;
#5053 = LINE ( 'NONE', #5596, #2982 ) ;
#5054 = VECTOR ( 'NONE', #1337, 1000.000000000000000 ) ;
#5055 = CARTESIAN_POINT ( 'NONE',  ( 1.500000000000004663, -5.399999999999997691, -17.80000000000000071 ) ) ;
#5056 = DIRECTION ( 'NONE',  ( 1.000000000000000000, 0.000000000000000000, -1.163534038764931666E-16 ) ) ;
#5057 = CARTESIAN_POINT ( 'NONE',  ( 21.49999999999999289, 5.000000000000000000, -42.49999999999999289 ) ) ;
#5058 = VERTEX_POINT ( 'NONE', #2899 ) ;
#5059 = EDGE_CURVE ( 'NONE', #1562, #4112, #4329, .T. ) ;
#5060 = CARTESIAN_POINT ( 'NONE',  ( -0.001000000000001000089, -2.399999999999999911, -4.999999999999990230 ) ) ;
#5061 = ORIENTED_EDGE ( 'NONE', *, *, #2692, .F. ) ;
#5062 = DIRECTION ( 'NONE',  ( 0.000000000000000000, 0.000000000000000000, 1.000000000000000000 ) ) ;
#5063 = EDGE_LOOP ( 'NONE', ( #2109, #5794, #6002, #1737 ) ) ;
#5064 = CARTESIAN_POINT ( 'NONE',  ( 1.500000000000000444, 1.500000000000000000, -4.750000000000000888 ) ) ;
#5065 = EDGE_LOOP ( 'NONE', ( #3625, #2036 ) ) ;
#5066 = EDGE_CURVE ( 'NONE', #5449, #4255, #5017, .T. ) ;
#5067 = VECTOR ( 'NONE', #1345, 1000.000000000000000 ) ;
#5068 = LINE ( 'NONE', #2637, #5540 ) ;
#5069 = CYLINDRICAL_SURFACE ( 'NONE', #2358, 4.724999999999997868 ) ;
#5070 = DIRECTION ( 'NONE',  ( 0.000000000000000000, 0.000000000000000000, 1.000000000000000000 ) ) ;
#5071 = CIRCLE ( 'NONE', #5841, 1.000000000000000888 ) ;
#5072 = ORIENTED_EDGE ( 'NONE', *, *, #3068, .T. ) ;
#5073 = VERTEX_POINT ( 'NONE', #3849 ) ;
#5074 = DIRECTION ( 'NONE',  ( 0.000000000000000000, 0.000000000000000000, -1.000000000000000000 ) ) ;
#5075 = EDGE_CURVE ( 'NONE', #368, #2244, #4380, .T. ) ;
#5076 = CARTESIAN_POINT ( 'NONE',  ( 2.000000000000000000, 0.5000000000000000000, -43.50000000000000000 ) ) ;
#5077 = ORIENTED_EDGE ( 'NONE', *, *, #1402, .F. ) ;
#5078 = CARTESIAN_POINT ( 'NONE',  ( 23.00100000000000122, -5.399999999999997691, -19.09999999999999787 ) ) ;
#5079 = VECTOR ( 'NONE', #1623, 1000.000000000000000 ) ;
#5080 = FACE_BOUND ( 'NONE', #1582, .T. ) ;
#5081 = FACE_OUTER_BOUND ( 'NONE', #195, .T. ) ;
#5082 = ORIENTED_EDGE ( 'NONE', *, *, #577, .T. ) ;
#5083 = EDGE_CURVE ( 'NONE', #3046, #2746, #5329, .T. ) ;
#5084 = DIRECTION ( 'NONE',  ( 0.000000000000000000, -1.000000000000000000, 0.000000000000000000 ) ) ;
#5085 = DIRECTION ( 'NONE',  ( 1.000000000000000000, 0.000000000000000000, 0.000000000000000000 ) ) ;
#5086 = DIRECTION ( 'NONE',  ( 0.000000000000000000, -0.000000000000000000, 1.000000000000000000 ) ) ;
#5087 = FACE_OUTER_BOUND ( 'NONE', #1409, .T. ) ;
#5088 = ORIENTED_EDGE ( 'NONE', *, *, #4443, .F. ) ;
#5089 = DIRECTION ( 'NONE',  ( -0.000000000000000000, 1.000000000000000000, -0.000000000000000000 ) ) ;
#5090 = ORIENTED_EDGE ( 'NONE', *, *, #5702, .T. ) ;
#5091 = CIRCLE ( 'NONE', #1954, 1.000000000000000888 ) ;
#5092 = CARTESIAN_POINT ( 'NONE',  ( 0.000000000000000000, 8.099999999999999645, -13.99999999999999112 ) ) ;
#5093 = ORIENTED_EDGE ( 'NONE', *, *, #822, .T. ) ;
#5094 = EDGE_LOOP ( 'NONE', ( #2386, #5640, #1587, #3472 ) ) ;
#5095 = DIRECTION ( 'NONE',  ( -1.000000000000000000, 0.000000000000000000, -2.891205793294679312E-16 ) ) ;
#5096 = EDGE_CURVE ( 'NONE', #329, #5352, #3458, .T. ) ;
#5097 = ORIENTED_EDGE ( 'NONE', *, *, #1894, .T. ) ;
#5098 = VECTOR ( 'NONE', #3987, 1000.000000000000000 ) ;
#5099 = CARTESIAN_POINT ( 'NONE',  ( 14.50000000000000000, -5.501000000000002110, -22.00000000000000000 ) ) ;
#5100 = CARTESIAN_POINT ( 'NONE',  ( 21.49999999999999289, 5.000000000000000000, -39.99999999999999289 ) ) ;
#5101 = FACE_OUTER_BOUND ( 'NONE', #2332, .T. ) ;
#5102 = EDGE_CURVE ( 'NONE', #1200, #3309, #1158, .T. ) ;
#5103 = ORIENTED_EDGE ( 'NONE', *, *, #2046, .T. ) ;
#5104 = ORIENTED_EDGE ( 'NONE', *, *, #2699, .T. ) ;
#5105 = AXIS2_PLACEMENT_3D ( 'NONE', #1147, #5437, #4022 ) ;
#5106 = DIRECTION ( 'NONE',  ( -1.000000000000000000, 0.000000000000000000, 0.000000000000000000 ) ) ;
#5107 = DIRECTION ( 'NONE',  ( 0.000000000000000000, -1.000000000000000000, -1.495451272393799296E-16 ) ) ;
#5108 = ORIENTED_EDGE ( 'NONE', *, *, #881, .T. ) ;
#5109 = LINE ( 'NONE', #2312, #331 ) ;
#5110 = CARTESIAN_POINT ( 'NONE',  ( 1.500000000000000444, 6.099999999999998757, -42.49999999999999289 ) ) ;
#5111 = UNCERTAINTY_MEASURE_WITH_UNIT (LENGTH_MEASURE( 1.000000000000000082E-05 ), #648, 'distance_accuracy_value', 'NONE');
#5112 = EDGE_CURVE ( 'NONE', #492, #4101, #573, .T. ) ;
#5113 = EDGE_LOOP ( 'NONE', ( #5090, #3302 ) ) ;
#5114 = FACE_OUTER_BOUND ( 'NONE', #3014, .T. ) ;
#5115 = VECTOR ( 'NONE', #2251, 1000.000000000000000 ) ;
#5116 = ADVANCED_FACE ( 'NONE', ( #2990 ), #5720, .F. ) ;
#5117 = PLANE ( 'NONE',  #919 ) ;
#5118 = CARTESIAN_POINT ( 'NONE',  ( 11.50000000000000178, 0.000000000000000000, -38.99999999999999289 ) ) ;
#5119 = ADVANCED_FACE ( 'NONE', ( #2091 ), #4801, .F. ) ;
#5120 = AXIS2_PLACEMENT_3D ( 'NONE', #3126, #5427, #2688 ) ;
#5121 = LINE ( 'NONE', #848, #4339 ) ;
#5122 = VERTEX_POINT ( 'NONE', #4864 ) ;
#5123 = LINE ( 'NONE', #2031, #5829 ) ;
#5124 = ORIENTED_EDGE ( 'NONE', *, *, #5083, .T. ) ;
#5125 = DIRECTION ( 'NONE',  ( 0.000000000000000000, 1.000000000000000000, -0.000000000000000000 ) ) ;
#5126 = VECTOR ( 'NONE', #2738, 1000.000000000000000 ) ;
#5127 = ORIENTED_EDGE ( 'NONE', *, *, #4780, .F. ) ;
#5128 = DIRECTION ( 'NONE',  ( 1.000000000000000000, 0.000000000000000000, 0.000000000000000000 ) ) ;
#5129 = ORIENTED_EDGE ( 'NONE', *, *, #1744, .F. ) ;
#5130 = COLOUR_RGB ( '',1.000000000000000000, 1.000000000000000000, 1.000000000000000000 ) ;
#5131 = CARTESIAN_POINT ( 'NONE',  ( 3.525359410719047126, -11.86396103067893293, -4.750000000000004441 ) ) ;
#5132 = LINE ( 'NONE', #1964, #2540 ) ;
#5133 = VECTOR ( 'NONE', #4679, 1000.000000000000000 ) ;
#5134 = DIRECTION ( 'NONE',  ( 1.000000000000000000, 0.000000000000000000, 0.000000000000000000 ) ) ;
#5135 = VECTOR ( 'NONE', #664, 1000.000000000000000 ) ;
#5136 = AXIS2_PLACEMENT_3D ( 'NONE', #2432, #1157, #178 ) ;
#5137 = ORIENTED_EDGE ( 'NONE', *, *, #828, .T. ) ;
#5138 = ORIENTED_EDGE ( 'NONE', *, *, #2415, .F. ) ;
#5139 = CARTESIAN_POINT ( 'NONE',  ( 2.000000000000000000, 5.000000000000000000, -41.99999999999999289 ) ) ;
#5140 = ORIENTED_EDGE ( 'NONE', *, *, #3420, .F. ) ;
#5141 = AXIS2_PLACEMENT_3D ( 'NONE', #452, #754, #2806 ) ;
#5142 = EDGE_CURVE ( 'NONE', #1095, #182, #5747, .T. ) ;
#5143 = DIRECTION ( 'NONE',  ( -1.000000000000000000, 2.168404344971010840E-16, 8.673617379884043361E-16 ) ) ;
#5144 = FACE_BOUND ( 'NONE', #2305, .T. ) ;
#5145 = VERTEX_POINT ( 'NONE', #3972 ) ;
#5146 = CARTESIAN_POINT ( 'NONE',  ( 12.49999999999995381, 1.371125435412068485E-14, -41.24999999999999289 ) ) ;
#5147 = ADVANCED_FACE ( 'NONE', ( #5295 ), #1090, .T. ) ;
#5148 = LINE ( 'NONE', #1430, #5330 ) ;
#5149 = CYLINDRICAL_SURFACE ( 'NONE', #3389, 5.474999999999998757 ) ;
#5150 = DIRECTION ( 'NONE',  ( 0.000000000000000000, 0.000000000000000000, -1.000000000000000000 ) ) ;
#5151 = ORIENTED_EDGE ( 'NONE', *, *, #4612, .T. ) ;
#5152 = CIRCLE ( 'NONE', #3385, 0.9999999999999991118 ) ;
#5153 = ORIENTED_EDGE ( 'NONE', *, *, #4038, .T. ) ;
#5154 = EDGE_CURVE ( 'NONE', #291, #5157, #662, .T. ) ;
#5155 = FACE_OUTER_BOUND ( 'NONE', #5314, .T. ) ;
#5156 = CARTESIAN_POINT ( 'NONE',  ( 1.500000000000000444, 5.000000000000000000, -42.49999999999999289 ) ) ;
#5157 = VERTEX_POINT ( 'NONE', #1612 ) ;
#5158 = DIRECTION ( 'NONE',  ( -0.000000000000000000, 1.000000000000000000, -0.000000000000000000 ) ) ;
#5159 = ORIENTED_EDGE ( 'NONE', *, *, #1001, .T. ) ;
#5160 = VECTOR ( 'NONE', #5894, 1000.000000000000000 ) ;
#5161 = EDGE_LOOP ( 'NONE', ( #2506, #924, #5958, #5077 ) ) ;
#5162 = EDGE_CURVE ( 'NONE', #5214, #2027, #4407, .T. ) ;
#5163 = EDGE_CURVE ( 'NONE', #5625, #5346, #3490, .T. ) ;
#5164 = CARTESIAN_POINT ( 'NONE',  ( 0.5000000000000000000, 0.000000000000000000, -41.99999999999999289 ) ) ;
#5165 = LINE ( 'NONE', #1472, #3542 ) ;
#5166 = DIRECTION ( 'NONE',  ( -0.000000000000000000, 0.000000000000000000, 1.000000000000000000 ) ) ;
#5167 = VERTEX_POINT ( 'NONE', #4961 ) ;
#5168 = ORIENTED_EDGE ( 'NONE', *, *, #5924, .T. ) ;
#5169 = DIRECTION ( 'NONE',  ( -1.000000000000000000, 0.000000000000000000, 6.505213034913031534E-17 ) ) ;
#5170 = VERTEX_POINT ( 'NONE', #5499 ) ;
#5171 = CARTESIAN_POINT ( 'NONE',  ( 20.49999999999999289, 1.500000000000000000, -1.500000000000001332 ) ) ;
#5172 = DIRECTION ( 'NONE',  ( 1.000000000000000000, 0.000000000000000000, 0.000000000000000000 ) ) ;
#5173 = VECTOR ( 'NONE', #3190, 1000.000000000000000 ) ;
#5174 = EDGE_CURVE ( 'NONE', #5230, #5656, #805, .T. ) ;
#5175 = VERTEX_POINT ( 'NONE', #4499 ) ;
#5176 = VECTOR ( 'NONE', #2106, 1000.000000000000000 ) ;
#5177 = DIRECTION ( 'NONE',  ( 0.000000000000000000, 0.000000000000000000, -1.000000000000000000 ) ) ;
#5178 = DIRECTION ( 'NONE',  ( 0.000000000000000000, -1.000000000000000000, 0.000000000000000000 ) ) ;
#5179 = FACE_OUTER_BOUND ( 'NONE', #5910, .T. ) ;
#5180 = EDGE_CURVE ( 'NONE', #2247, #1219, #5695, .T. ) ;
#5181 = ORIENTED_EDGE ( 'NONE', *, *, #4554, .F. ) ;
#5182 = ORIENTED_EDGE ( 'NONE', *, *, #5782, .F. ) ;
#5183 = DIRECTION ( 'NONE',  ( 1.127570259384924611E-16, -0.000000000000000000, 1.000000000000000000 ) ) ;
#5184 = CARTESIAN_POINT ( 'NONE',  ( 2.500000000000005329, -5.500000000000000000, -42.49999999999999289 ) ) ;
#5185 = ORIENTED_EDGE ( 'NONE', *, *, #2168, .T. ) ;
#5186 = CARTESIAN_POINT ( 'NONE',  ( 20.49999999999999289, 1.500000000000000000, -2.500000000000001332 ) ) ;
#5187 = EDGE_CURVE ( 'NONE', #3220, #3693, #421, .T. ) ;
#5188 = ORIENTED_EDGE ( 'NONE', *, *, #3145, .T. ) ;
#5189 = CARTESIAN_POINT ( 'NONE',  ( 11.50000000000000178, -5.500000000000000000, -3.600000000000003197 ) ) ;
#5190 = CARTESIAN_POINT ( 'NONE',  ( 21.49999999999999645, 5.000000000000000000, -39.99999999999999289 ) ) ;
#5191 = EDGE_CURVE ( 'NONE', #351, #33, #701, .T. ) ;
#5192 = DIRECTION ( 'NONE',  ( -0.000000000000000000, -1.000000000000000000, 0.000000000000000000 ) ) ;
#5193 = ORIENTED_EDGE ( 'NONE', *, *, #2998, .T. ) ;
#5194 = VERTEX_POINT ( 'NONE', #3118 ) ;
#5195 = DIRECTION ( 'NONE',  ( 0.000000000000000000, -0.3162277660168328342, -0.9486832980505155444 ) ) ;
#5196 = DIRECTION ( 'NONE',  ( -0.000000000000000000, -0.000000000000000000, 1.000000000000000000 ) ) ;
#5197 = ORIENTED_EDGE ( 'NONE', *, *, #5937, .F. ) ;
#5198 = FILL_AREA_STYLE_COLOUR ( '', #5035 ) ;
#5199 = EDGE_CURVE ( 'NONE', #1732, #2243, #3637, .T. ) ;
#5200 = DIRECTION ( 'NONE',  ( -0.000000000000000000, 1.000000000000000000, -0.000000000000000000 ) ) ;
#5201 = EDGE_LOOP ( 'NONE', ( #1376, #3838, #3727, #5044 ) ) ;
#5202 = VECTOR ( 'NONE', #1298, 1000.000000000000000 ) ;
#5203 = LINE ( 'NONE', #4768, #6012 ) ;
#5204 = CARTESIAN_POINT ( 'NONE',  ( 7.500000000000000888, 3.799999999999999822, -4.000000000000001776 ) ) ;
#5205 = DIRECTION ( 'NONE',  ( 0.000000000000000000, 0.000000000000000000, -1.000000000000000000 ) ) ;
#5206 = DIRECTION ( 'NONE',  ( 0.000000000000000000, -1.000000000000000000, 0.000000000000000000 ) ) ;
#5207 = CARTESIAN_POINT ( 'NONE',  ( 6.500000000000000000, 0.000000000000000000, -9.000000000000000000 ) ) ;
#5208 = EDGE_CURVE ( 'NONE', #4365, #4838, #898, .T. ) ;
#5209 = FACE_OUTER_BOUND ( 'NONE', #5880, .T. ) ;
#5210 = ORIENTED_EDGE ( 'NONE', *, *, #2360, .F. ) ;
#5211 = DIRECTION ( 'NONE',  ( -0.000000000000000000, -0.000000000000000000, 1.000000000000000000 ) ) ;
#5212 = VECTOR ( 'NONE', #3887, 1000.000000000000000 ) ;
#5213 = VERTEX_POINT ( 'NONE', #5898 ) ;
#5214 = VERTEX_POINT ( 'NONE', #2618 ) ;
#5215 = FACE_OUTER_BOUND ( 'NONE', #1943, .T. ) ;
#5216 = AXIS2_PLACEMENT_3D ( 'NONE', #5602, #4133, #461 ) ;
#5217 = EDGE_CURVE ( 'NONE', #3905, #3538, #3840, .T. ) ;
#5218 = DIRECTION ( 'NONE',  ( 0.000000000000000000, -1.000000000000000000, 0.000000000000000000 ) ) ;
#5219 = DIRECTION ( 'NONE',  ( 0.000000000000000000, 0.000000000000000000, 1.000000000000000000 ) ) ;
#5220 = EDGE_LOOP ( 'NONE', ( #3017, #5282, #4438, #4277 ) ) ;
#5221 =( GEOMETRIC_REPRESENTATION_CONTEXT ( 3 ) GLOBAL_UNCERTAINTY_ASSIGNED_CONTEXT ( ( #744 ) ) GLOBAL_UNIT_ASSIGNED_CONTEXT ( ( #3070, #165, #257 ) ) REPRESENTATION_CONTEXT ( 'NONE', 'WORKASPACE' ) );
#5222 = VERTEX_POINT ( 'NONE', #359 ) ;
#5223 = CARTESIAN_POINT ( 'NONE',  ( 14.50000000000002132, -5.501000000000002110, -19.99999999999999645 ) ) ;
#5224 = AXIS2_PLACEMENT_3D ( 'NONE', #2774, #869, #1733 ) ;
#5225 = DIRECTION ( 'NONE',  ( 0.000000000000000000, 0.000000000000000000, -1.000000000000000000 ) ) ;
#5226 = EDGE_LOOP ( 'NONE', ( #377, #4556, #3178, #2791 ) ) ;
#5227 = EDGE_CURVE ( 'NONE', #3047, #4604, #4467, .T. ) ;
#5228 = DIRECTION ( 'NONE',  ( -1.000000000000000000, -0.000000000000000000, -0.000000000000000000 ) ) ;
#5229 = CARTESIAN_POINT ( 'NONE',  ( 18.49999999999999645, 3.799999999999999822, -40.74999999999999289 ) ) ;
#5230 = VERTEX_POINT ( 'NONE', #1674 ) ;
#5231 = EDGE_CURVE ( 'NONE', #1463, #4300, #5961, .T. ) ;
#5232 = CIRCLE ( 'NONE', #5428, 0.5000000000000038858 ) ;
#5233 = VECTOR ( 'NONE', #3764, 1000.000000000000000 ) ;
#5234 = DIRECTION ( 'NONE',  ( 1.000000000000000000, -0.000000000000000000, -0.000000000000000000 ) ) ;
#5235 = LINE ( 'NONE', #600, #2190 ) ;
#5236 = CARTESIAN_POINT ( 'NONE',  ( 14.50000000000004263, -5.501000000000002110, -18.50000000000000355 ) ) ;
#5237 = ORIENTED_EDGE ( 'NONE', *, *, #1059, .F. ) ;
#5238 = ORIENTED_EDGE ( 'NONE', *, *, #3468, .T. ) ;
#5239 = ORIENTED_EDGE ( 'NONE', *, *, #3258, .T. ) ;
#5240 = DIRECTION ( 'NONE',  ( 0.000000000000000000, 0.000000000000000000, 1.000000000000000000 ) ) ;
#5241 = CARTESIAN_POINT ( 'NONE',  ( 20.99999999999999645, 1.000000000000000000, -2.000000000000000000 ) ) ;
#5242 = DIRECTION ( 'NONE',  ( 0.000000000000000000, 0.000000000000000000, -1.000000000000000000 ) ) ;
#5243 = ORIENTED_EDGE ( 'NONE', *, *, #4578, .F. ) ;
#5244 = AXIS2_PLACEMENT_3D ( 'NONE', #5641, #6039, #2414 ) ;
#5245 = EDGE_CURVE ( 'NONE', #2580, #5346, #120, .T. ) ;
#5246 = ORIENTED_EDGE ( 'NONE', *, *, #1450, .F. ) ;
#5247 = DIRECTION ( 'NONE',  ( -0.000000000000000000, -0.000000000000000000, 1.000000000000000000 ) ) ;
#5248 = CARTESIAN_POINT ( 'NONE',  ( 2.000000000000000000, 0.000000000000000000, -2.000000000000000000 ) ) ;
#5249 = VECTOR ( 'NONE', #5452, 1000.000000000000000 ) ;
#5250 = CARTESIAN_POINT ( 'NONE',  ( 20.99999999999999645, 1.000000000000000000, -2.000000000000000000 ) ) ;
#5251 = VECTOR ( 'NONE', #4265, 1000.000000000000000 ) ;
#5252 = ORIENTED_EDGE ( 'NONE', *, *, #3435, .F. ) ;
#5253 = ORIENTED_EDGE ( 'NONE', *, *, #1457, .F. ) ;
#5254 = ADVANCED_FACE ( 'NONE', ( #4098 ), #3144, .F. ) ;
#5255 = FACE_OUTER_BOUND ( 'NONE', #4574, .T. ) ;
#5256 = ORIENTED_EDGE ( 'NONE', *, *, #1780, .T. ) ;
#5257 = CARTESIAN_POINT ( 'NONE',  ( 19.50000000000002132, -5.501000000000002110, -20.50000000000000355 ) ) ;
#5258 = ORIENTED_EDGE ( 'NONE', *, *, #91, .T. ) ;
#5259 = CARTESIAN_POINT ( 'NONE',  ( 1.500000000000000444, 5.000000000000000000, -42.49999999999999289 ) ) ;
#5260 = VERTEX_POINT ( 'NONE', #5018 ) ;
#5261 = EDGE_CURVE ( 'NONE', #4635, #4810, #5049, .T. ) ;
#5262 = LINE ( 'NONE', #205, #2461 ) ;
#5263 = EDGE_LOOP ( 'NONE', ( #4608, #4898, #3813, #4625 ) ) ;
#5264 = SHAPE_REPRESENTATION ( 'bottom', ( #1398 ), #1694 ) ;
#5265 = CARTESIAN_POINT ( 'NONE',  ( 15.49999999999999112, 0.000000000000000000, -3.250000000000002665 ) ) ;
#5266 = AXIS2_PLACEMENT_3D ( 'NONE', #4444, #246, #578 ) ;
#5267 = DIRECTION ( 'NONE',  ( 1.000000000000000000, 0.000000000000000000, 0.000000000000000000 ) ) ;
#5268 = CARTESIAN_POINT ( 'NONE',  ( 1.525359410719044906, 0.000000000000000000, -4.750000000000004441 ) ) ;
#5269 = EDGE_CURVE ( 'NONE', #1136, #1785, #1184, .T. ) ;
#5270 = AXIS2_PLACEMENT_3D ( 'NONE', #3065, #4814, #5786 ) ;
#5271 = ORIENTED_EDGE ( 'NONE', *, *, #970, .T. ) ;
#5272 = DIRECTION ( 'NONE',  ( -5.551115123125804889E-17, -1.000000000000000000, -2.775557561562891351E-16 ) ) ;
#5273 = CARTESIAN_POINT ( 'NONE',  ( 1.500000000000000444, 3.799999999999999822, -39.24999999999999289 ) ) ;
#5274 = VECTOR ( 'NONE', #3809, 1000.000000000000000 ) ;
#5275 = DIRECTION ( 'NONE',  ( -1.000000000000000000, 0.000000000000000000, 0.000000000000000000 ) ) ;
#5276 = ORIENTED_EDGE ( 'NONE', *, *, #4738, .F. ) ;
#5277 = LINE ( 'NONE', #642, #4778 ) ;
#5278 = DIRECTION ( 'NONE',  ( -1.000000000000000000, 0.000000000000000000, 0.000000000000000000 ) ) ;
#5279 = AXIS2_PLACEMENT_3D ( 'NONE', #2605, #1630, #4425 ) ;
#5280 = DIRECTION ( 'NONE',  ( 1.000000000000000000, 0.000000000000000000, 0.000000000000000000 ) ) ;
#5281 = ORIENTED_EDGE ( 'NONE', *, *, #4535, .F. ) ;
#5282 = ORIENTED_EDGE ( 'NONE', *, *, #1025, .T. ) ;
#5283 = ORIENTED_EDGE ( 'NONE', *, *, #3586, .T. ) ;
#5284 = CARTESIAN_POINT ( 'NONE',  ( 2.500000000000000444, 1.500000000000000000, -42.49999999999999289 ) ) ;
#5285 = ORIENTED_EDGE ( 'NONE', *, *, #1151, .T. ) ;
#5286 = FACE_OUTER_BOUND ( 'NONE', #4311, .T. ) ;
#5287 = EDGE_CURVE ( 'NONE', #3400, #555, #4592, .T. ) ;
#5288 = CARTESIAN_POINT ( 'NONE',  ( 12.49999999999995381, 0.8500000000000172973, -41.24999999999999289 ) ) ;
#5289 = ORIENTED_EDGE ( 'NONE', *, *, #2300, .F. ) ;
#5290 = DIRECTION ( 'NONE',  ( -8.462065736472231082E-17, -0.000000000000000000, -1.000000000000000000 ) ) ;
#5291 = VECTOR ( 'NONE', #5701, 1000.000000000000000 ) ;
#5292 = CARTESIAN_POINT ( 'NONE',  ( 0.000000000000000000, 5.000000000000000000, -41.99999999999999289 ) ) ;
#5293 = EDGE_CURVE ( 'NONE', #3316, #368, #605, .T. ) ;
#5294 = CARTESIAN_POINT ( 'NONE',  ( 18.49999999999999645, 1.500000000000000000, -3.250000000000000444 ) ) ;
#5295 = FACE_OUTER_BOUND ( 'NONE', #1109, .T. ) ;
#5296 = VECTOR ( 'NONE', #4917, 1000.000000000000000 ) ;
#5297 = ORIENTED_EDGE ( 'NONE', *, *, #2612, .T. ) ;
#5298 = VERTEX_POINT ( 'NONE', #3522 ) ;
#5299 = EDGE_CURVE ( 'NONE', #5827, #2754, #717, .T. ) ;
#5300 = DIRECTION ( 'NONE',  ( 1.000000000000000000, 0.000000000000000000, 2.891205793294679312E-16 ) ) ;
#5301 = DIRECTION ( 'NONE',  ( 0.000000000000000000, 0.000000000000000000, -1.000000000000000000 ) ) ;
#5302 = DIRECTION ( 'NONE',  ( -0.000000000000000000, 1.000000000000000000, -0.000000000000000000 ) ) ;
#5303 = ORIENTED_EDGE ( 'NONE', *, *, #3122, .T. ) ;
#5304 = VERTEX_POINT ( 'NONE', #4529 ) ;
#5305 = EDGE_LOOP ( 'NONE', ( #5954, #1368, #3934, #1883 ) ) ;
#5306 = DIRECTION ( 'NONE',  ( 0.000000000000000000, 0.000000000000000000, -1.000000000000000000 ) ) ;
#5307 = DIRECTION ( 'NONE',  ( 1.000000000000000000, 0.000000000000000000, 4.625929269271471123E-15 ) ) ;
#5308 = VECTOR ( 'NONE', #175, 1000.000000000000000 ) ;
#5309 = CIRCLE ( 'NONE', #4723, 2.000000000000001776 ) ;
#5310 = FACE_OUTER_BOUND ( 'NONE', #1351, .T. ) ;
#5311 = VERTEX_POINT ( 'NONE', #4927 ) ;
#5312 = VERTEX_POINT ( 'NONE', #3555 ) ;
#5313 = VECTOR ( 'NONE', #2720, 1000.000000000000000 ) ;
#5314 = EDGE_LOOP ( 'NONE', ( #1315, #4565, #2867, #5010 ) ) ;
#5315 = PLANE ( 'NONE',  #5279 ) ;
#5316 = ORIENTED_EDGE ( 'NONE', *, *, #742, .F. ) ;
#5317 = LINE ( 'NONE', #735, #6001 ) ;
#5318 = CARTESIAN_POINT ( 'NONE',  ( 13.74499443206436844, -11.86396103067893293, -41.09999999999999432 ) ) ;
#5319 = VECTOR ( 'NONE', #2801, 1000.000000000000000 ) ;
#5320 = ORIENTED_EDGE ( 'NONE', *, *, #1871, .T. ) ;
#5321 = VERTEX_POINT ( 'NONE', #5445 ) ;
#5322 = DIRECTION ( 'NONE',  ( 1.000000000000000000, 0.000000000000000000, 1.216421949617883318E-16 ) ) ;
#5323 = ADVANCED_FACE ( 'NONE', ( #5081 ), #2745, .T. ) ;
#5324 = LINE ( 'NONE', #4923, #5016 ) ;
#5325 = DIRECTION ( 'NONE',  ( 0.000000000000000000, -0.000000000000000000, -1.000000000000000000 ) ) ;
#5326 = DIRECTION ( 'NONE',  ( 0.000000000000000000, 0.000000000000000000, 1.000000000000000000 ) ) ;
#5327 = VECTOR ( 'NONE', #4792, 1000.000000000000000 ) ;
#5328 = ADVANCED_FACE ( 'NONE', ( #871 ), #422, .T. ) ;
#5329 = LINE ( 'NONE', #5773, #3153 ) ;
#5330 = VECTOR ( 'NONE', #4288, 1000.000000000000000 ) ;
#5331 = EDGE_CURVE ( 'NONE', #3701, #1095, #5533, .T. ) ;
#5332 = DIRECTION ( 'NONE',  ( 0.000000000000000000, 0.000000000000000000, 1.000000000000000000 ) ) ;
#5333 = ORIENTED_EDGE ( 'NONE', *, *, #2116, .F. ) ;
#5334 = VECTOR ( 'NONE', #3206, 1000.000000000000000 ) ;
#5335 = LINE ( 'NONE', #4383, #3111 ) ;
#5336 = DIRECTION ( 'NONE',  ( -0.000000000000000000, -0.000000000000000000, 1.000000000000000000 ) ) ;
#5337 = FACE_BOUND ( 'NONE', #3366, .T. ) ;
#5338 = VERTEX_POINT ( 'NONE', #118 ) ;
#5339 = EDGE_CURVE ( 'NONE', #3538, #351, #5309, .T. ) ;
#5340 = DIRECTION ( 'NONE',  ( -0.000000000000000000, 1.000000000000000000, -0.000000000000000000 ) ) ;
#5341 = FACE_OUTER_BOUND ( 'NONE', #5002, .T. ) ;
#5342 = DIRECTION ( 'NONE',  ( -0.000000000000000000, -1.000000000000000000, -0.000000000000000000 ) ) ;
#5343 = VECTOR ( 'NONE', #1904, 1000.000000000000000 ) ;
#5344 = ORIENTED_EDGE ( 'NONE', *, *, #1367, .F. ) ;
#5345 = DIRECTION ( 'NONE',  ( 1.000000000000000000, 0.000000000000000000, 0.000000000000000000 ) ) ;
#5346 = VERTEX_POINT ( 'NONE', #2011 ) ;
#5347 = LINE ( 'NONE', #3510, #2895 ) ;
#5348 = ORIENTED_EDGE ( 'NONE', *, *, #5162, .T. ) ;
#5349 = VECTOR ( 'NONE', #5631, 1000.000000000000000 ) ;
#5350 = LINE ( 'NONE', #708, #4019 ) ;
#5351 = DIRECTION ( 'NONE',  ( 0.000000000000000000, -0.000000000000000000, -1.000000000000000000 ) ) ;
#5352 = VERTEX_POINT ( 'NONE', #637 ) ;
#5353 = AXIS2_PLACEMENT_3D ( 'NONE', #4232, #5089, #884 ) ;
#5354 = CARTESIAN_POINT ( 'NONE',  ( 18.49999999999999645, 3.799999999999999822, -4.750000000000000888 ) ) ;
#5355 = CARTESIAN_POINT ( 'NONE',  ( 19.50000000000000000, -5.501000000000002110, -22.00000000000000000 ) ) ;
#5356 = FACE_BOUND ( 'NONE', #1094, .T. ) ;
#5357 = CARTESIAN_POINT ( 'NONE',  ( 14.50000000000002132, -5.501000000000002110, -19.49999999999999645 ) ) ;
#5358 = CARTESIAN_POINT ( 'NONE',  ( 0.000000000000000000, 0.5000000000000000000, -41.99999999999999289 ) ) ;
#5359 = EDGE_CURVE ( 'NONE', #1478, #1921, #3449, .T. ) ;
#5360 = VECTOR ( 'NONE', #1584, 1000.000000000000000 ) ;
#5361 = CARTESIAN_POINT ( 'NONE',  ( 11.49999999999995381, 1.387778780781445676E-14, -41.24999999999999289 ) ) ;
#5362 = ORIENTED_EDGE ( 'NONE', *, *, #5269, .T. ) ;
#5363 = FACE_OUTER_BOUND ( 'NONE', #4057, .T. ) ;
#5364 = DIRECTION ( 'NONE',  ( 1.163534038764931666E-16, 0.000000000000000000, 1.000000000000000000 ) ) ;
#5365 = VERTEX_POINT ( 'NONE', #2904 ) ;
#5366 = DIRECTION ( 'NONE',  ( 0.000000000000000000, 0.000000000000000000, -1.000000000000000000 ) ) ;
#5367 = ADVANCED_FACE ( 'NONE', ( #1035 ), #2527, .T. ) ;
#5368 = AXIS2_PLACEMENT_3D ( 'NONE', #5131, #1963, #4754 ) ;
#5369 = DIRECTION ( 'NONE',  ( 0.000000000000000000, 0.000000000000000000, -1.000000000000000000 ) ) ;
#5370 = VERTEX_POINT ( 'NONE', #4323 ) ;
#5371 = DIRECTION ( 'NONE',  ( 0.000000000000000000, 0.000000000000000000, -1.000000000000000000 ) ) ;
#5372 = DIRECTION ( 'NONE',  ( 1.445602896647338917E-16, 0.000000000000000000, -1.000000000000000000 ) ) ;
#5373 = EDGE_CURVE ( 'NONE', #3693, #1637, #2440, .T. ) ;
#5374 = ORIENTED_EDGE ( 'NONE', *, *, #2379, .T. ) ;
#5375 = DIRECTION ( 'NONE',  ( 1.000000000000000000, 0.000000000000000000, 0.000000000000000000 ) ) ;
#5376 = ORIENTED_EDGE ( 'NONE', *, *, #5613, .F. ) ;
#5377 = LINE ( 'NONE', #4824, #737 ) ;
#5378 = EDGE_CURVE ( 'NONE', #1537, #1031, #1098, .T. ) ;
#5379 = PLANE ( 'NONE',  #2572 ) ;
#5380 = FACE_OUTER_BOUND ( 'NONE', #2709, .T. ) ;
#5381 = ADVANCED_FACE ( 'NONE', ( #4807 ), #3464, .T. ) ;
#5382 = VERTEX_POINT ( 'NONE', #5751 ) ;
#5383 = EDGE_LOOP ( 'NONE', ( #2829, #3286, #1824, #4387 ) ) ;
#5384 = CARTESIAN_POINT ( 'NONE',  ( 20.99999999999998934, 0.000000000000000000, -4.999999999999990230 ) ) ;
#5385 = CARTESIAN_POINT ( 'NONE',  ( 7.500000000000000888, 3.799999999999999822, -40.74999999999999289 ) ) ;
#5386 = VECTOR ( 'NONE', #2082, 1000.000000000000000 ) ;
#5387 = FACE_BOUND ( 'NONE', #3535, .T. ) ;
#5388 = PLANE ( 'NONE',  #3474 ) ;
#5389 = EDGE_CURVE ( 'NONE', #5321, #674, #5814, .T. ) ;
#5390 = CARTESIAN_POINT ( 'NONE',  ( 21.49999999999999289, 5.000000000000000000, -42.49999999999999289 ) ) ;
#5391 = AXIS2_PLACEMENT_3D ( 'NONE', #100, #957, #1501 ) ;
#5392 = ORIENTED_EDGE ( 'NONE', *, *, #1268, .F. ) ;
#5393 = CARTESIAN_POINT ( 'NONE',  ( 13.99999999999998934, 0.000000000000000000, -31.49999999999999289 ) ) ;
#5394 = DIRECTION ( 'NONE',  ( -1.000000000000000000, 0.000000000000000000, -0.000000000000000000 ) ) ;
#5395 = DIRECTION ( 'NONE',  ( 8.673617379884035472E-16, 0.000000000000000000, -1.000000000000000000 ) ) ;
#5396 = LINE ( 'NONE', #154, #1129 ) ;
#5397 = CARTESIAN_POINT ( 'NONE',  ( 20.49999999999998934, -5.500000000000000000, -41.49999999999999289 ) ) ;
#5398 = EDGE_CURVE ( 'NONE', #5735, #450, #247, .T. ) ;
#5399 = LINE ( 'NONE', #4877, #3313 ) ;
#5400 = DIRECTION ( 'NONE',  ( 0.000000000000000000, 0.000000000000000000, -1.000000000000000000 ) ) ;
#5401 = CARTESIAN_POINT ( 'NONE',  ( 12.99999999999995381, 0.000000000000000000, -4.999999999999990230 ) ) ;
#5402 = VERTEX_POINT ( 'NONE', #3496 ) ;
#5403 = ORIENTED_EDGE ( 'NONE', *, *, #3788, .F. ) ;
#5404 = EDGE_CURVE ( 'NONE', #6041, #2007, #215, .T. ) ;
#5405 = FACE_OUTER_BOUND ( 'NONE', #2909, .T. ) ;
#5406 = CARTESIAN_POINT ( 'NONE',  ( 6.500000000000000888, 0.000000000000000000, -13.72499999999999787 ) ) ;
#5407 = CARTESIAN_POINT ( 'NONE',  ( 1.525359410719045128, -11.86396103067893293, -3.250000000000002665 ) ) ;
#5408 = ORIENTED_EDGE ( 'NONE', *, *, #3759, .T. ) ;
#5409 = AXIS2_PLACEMENT_3D ( 'NONE', #5471, #298, #1763 ) ;
#5410 = EDGE_LOOP ( 'NONE', ( #6036, #972, #3240, #818 ) ) ;
#5411 = ORIENTED_EDGE ( 'NONE', *, *, #1341, .F. ) ;
#5412 = DIRECTION ( 'NONE',  ( 0.000000000000000000, 1.000000000000000000, 0.000000000000000000 ) ) ;
#5413 = EDGE_CURVE ( 'NONE', #2737, #5697, #2936, .T. ) ;
#5414 = CARTESIAN_POINT ( 'NONE',  ( 2.500000000000011546, 7.099999999999999645, -13.99999999999999112 ) ) ;
#5415 = LINE ( 'NONE', #235, #1924 ) ;
#5416 = AXIS2_PLACEMENT_3D ( 'NONE', #2459, #2349, #2816 ) ;
#5417 = DIRECTION ( 'NONE',  ( 1.000000000000000000, 0.000000000000000000, 0.000000000000000000 ) ) ;
#5418 = DIRECTION ( 'NONE',  ( 0.000000000000000000, 0.000000000000000000, -1.000000000000000000 ) ) ;
#5419 = ADVANCED_FACE ( 'NONE', ( #696 ), #2069, .T. ) ;
#5420 = EDGE_LOOP ( 'NONE', ( #507, #3441, #76, #3299, #2382, #1435, #1555 ) ) ;
#5421 = AXIS2_PLACEMENT_3D ( 'NONE', #4821, #2480, #5375 ) ;
#5422 = DIRECTION ( 'NONE',  ( 0.000000000000000000, 0.000000000000000000, 1.000000000000000000 ) ) ;
#5423 = VECTOR ( 'NONE', #2858, 1000.000000000000000 ) ;
#5424 = LINE ( 'NONE', #1305, #4651 ) ;
#5425 = CARTESIAN_POINT ( 'NONE',  ( 21.49999999999999645, 3.799999999999999822, -4.000000000000000000 ) ) ;
#5426 = CARTESIAN_POINT ( 'NONE',  ( 1.500000000000000888, 5.000000000000000000, -38.99999999999999289 ) ) ;
#5427 = DIRECTION ( 'NONE',  ( -5.551115123125804889E-17, -1.000000000000000000, -2.775557561562891351E-16 ) ) ;
#5428 = AXIS2_PLACEMENT_3D ( 'NONE', #781, #5539, #4994 ) ;
#5429 = CARTESIAN_POINT ( 'NONE',  ( 2.500000000000000444, -5.500000000000000000, -2.500000000000000000 ) ) ;
#5430 = PLANE ( 'NONE',  #4189 ) ;
#5431 = ORIENTED_EDGE ( 'NONE', *, *, #784, .T. ) ;
#5432 = DIRECTION ( 'NONE',  ( -0.000000000000000000, 1.000000000000000000, -0.000000000000000000 ) ) ;
#5433 = EDGE_CURVE ( 'NONE', #2114, #4544, #2561, .T. ) ;
#5434 = ORIENTED_EDGE ( 'NONE', *, *, #4179, .T. ) ;
#5435 = CARTESIAN_POINT ( 'NONE',  ( 14.49999999999998757, 1.500000000000000000, -26.50000000000000355 ) ) ;
#5436 = ADVANCED_BREP_SHAPE_REPRESENTATION ( '', ( #3851, #1398 ), #4440 ) ;
#5437 = DIRECTION ( 'NONE',  ( 0.000000000000000000, -1.000000000000000000, 0.000000000000000000 ) ) ;
#5438 = ADVANCED_FACE ( 'NONE', ( #1551 ), #3402, .F. ) ;
#5439 = EDGE_LOOP ( 'NONE', ( #2450, #4787, #2914, #2634 ) ) ;
#5440 = PLANE ( 'NONE',  #1005 ) ;
#5441 = CIRCLE ( 'NONE', #2797, 0.8500000000000009770 ) ;
#5442 = CARTESIAN_POINT ( 'NONE',  ( 21.49999999999999645, 1.500000000000000000, -4.749999999999997335 ) ) ;
#5443 = FACE_BOUND ( 'NONE', #4586, .T. ) ;
#5444 = DIRECTION ( 'NONE',  ( 0.000000000000000000, -1.000000000000000000, 0.000000000000000000 ) ) ;
#5445 = CARTESIAN_POINT ( 'NONE',  ( 1.500000000000005107, 1.500000000000000000, -3.250000000000002665 ) ) ;
#5446 = EDGE_CURVE ( 'NONE', #5175, #5260, #2468, .T. ) ;
#5447 = AXIS2_PLACEMENT_3D ( 'NONE', #3194, #766, #1690 ) ;
#5448 = VERTEX_POINT ( 'NONE', #2997 ) ;
#5449 = VERTEX_POINT ( 'NONE', #667 ) ;
#5450 = CARTESIAN_POINT ( 'NONE',  ( 0.000000000000000000, -5.399999999999997691, -24.89999999999999858 ) ) ;
#5451 = DIRECTION ( 'NONE',  ( -0.000000000000000000, 1.000000000000000000, -0.000000000000000000 ) ) ;
#5452 = DIRECTION ( 'NONE',  ( -0.000000000000000000, 1.000000000000000000, -0.000000000000000000 ) ) ;
#5453 = DIRECTION ( 'NONE',  ( -1.000000000000000000, -0.000000000000000000, -0.000000000000000000 ) ) ;
#5454 = LINE ( 'NONE', #1717, #842 ) ;
#5455 = EDGE_CURVE ( 'NONE', #4544, #1083, #5022, .T. ) ;
#5456 = DIRECTION ( 'NONE',  ( 0.000000000000000000, -1.000000000000000000, 0.000000000000000000 ) ) ;
#5457 = VECTOR ( 'NONE', #5547, 1000.000000000000000 ) ;
#5458 = CARTESIAN_POINT ( 'NONE',  ( 20.99999999999999645, 0.5000000000000000000, -0.5000000000000000000 ) ) ;
#5459 = ORIENTED_EDGE ( 'NONE', *, *, #1259, .F. ) ;
#5460 = DIRECTION ( 'NONE',  ( 0.000000000000000000, -1.000000000000000000, 0.000000000000000000 ) ) ;
#5461 = PLANE ( 'NONE',  #3143 ) ;
#5462 = DIRECTION ( 'NONE',  ( 0.000000000000000000, 0.000000000000000000, 1.000000000000000000 ) ) ;
#5463 = EDGE_LOOP ( 'NONE', ( #515, #5185, #5651, #1507 ) ) ;
#5464 = ORIENTED_EDGE ( 'NONE', *, *, #2022, .F. ) ;
#5465 = DIRECTION ( 'NONE',  ( -0.000000000000000000, 1.000000000000000000, 0.000000000000000000 ) ) ;
#5466 = CARTESIAN_POINT ( 'NONE',  ( 0.000000000000000000, 1.000000000000000000, -44.00000000000000000 ) ) ;
#5467 = ORIENTED_EDGE ( 'NONE', *, *, #1103, .T. ) ;
#5468 = ADVANCED_FACE ( 'NONE', ( #152 ), #4076, .F. ) ;
#5469 = CARTESIAN_POINT ( 'NONE',  ( 20.24999999999998934, -1.600000000000000089, -29.99999999999999645 ) ) ;
#5470 = CARTESIAN_POINT ( 'NONE',  ( 20.99999999999999645, 1.500000000000000000, 0.000000000000000000 ) ) ;
#5471 = CARTESIAN_POINT ( 'NONE',  ( 2.000000000000000000, 1.000000000000000000, -43.50000000000000000 ) ) ;
#5472 = ORIENTED_EDGE ( 'NONE', *, *, #4331, .F. ) ;
#5473 = ORIENTED_EDGE ( 'NONE', *, *, #2934, .F. ) ;
#5474 = VERTEX_POINT ( 'NONE', #1192 ) ;
#5475 = PLANE ( 'NONE',  #4560 ) ;
#5476 = CARTESIAN_POINT ( 'NONE',  ( 6.500000000000000000, 2.500000000000000000, -4.275000000000001243 ) ) ;
#5477 =( GEOMETRIC_REPRESENTATION_CONTEXT ( 3 ) GLOBAL_UNCERTAINTY_ASSIGNED_CONTEXT ( ( #5593 ) ) GLOBAL_UNIT_ASSIGNED_CONTEXT ( ( #4458, #2112, #4488 ) ) REPRESENTATION_CONTEXT ( 'NONE', 'WORKASPACE' ) );
#5478 = PLANE ( 'NONE',  #1621 ) ;
#5479 = CYLINDRICAL_SURFACE ( 'NONE', #1395, 1.000000000000000000 ) ;
#5480 = EDGE_CURVE ( 'NONE', #5145, #4804, #4043, .T. ) ;
#5481 = DIRECTION ( 'NONE',  ( -5.551115123125804889E-17, -1.000000000000000000, -2.775557561562891351E-16 ) ) ;
#5482 = EDGE_LOOP ( 'NONE', ( #5013, #525, #5431, #582 ) ) ;
#5483 = LINE ( 'NONE', #3595, #750 ) ;
#5484 = FACE_OUTER_BOUND ( 'NONE', #3307, .T. ) ;
#5485 = ORIENTED_EDGE ( 'NONE', *, *, #5736, .T. ) ;
#5486 = VECTOR ( 'NONE', #5012, 1000.000000000000000 ) ;
#5487 = PRODUCT_CONTEXT ( 'NONE', #866, 'mechanical' ) ;
#5488 = EDGE_CURVE ( 'NONE', #4552, #3046, #4570, .T. ) ;
#5489 = LINE ( 'NONE', #3628, #4296 ) ;
#5490 = CARTESIAN_POINT ( 'NONE',  ( 2.000000000000000000, 1.500000000000000000, -2.000000000000000000 ) ) ;
#5491 = DIRECTION ( 'NONE',  ( 0.000000000000000000, 0.000000000000000000, -1.000000000000000000 ) ) ;
#5492 = ORIENTED_EDGE ( 'NONE', *, *, #2183, .F. ) ;
#5493 = ORIENTED_EDGE ( 'NONE', *, *, #1997, .F. ) ;
#5494 = CARTESIAN_POINT ( 'NONE',  ( 12.99999999999995559, -1.600000000000000089, -6.999999999999990230 ) ) ;
#5495 = CARTESIAN_POINT ( 'NONE',  ( 18.49999999999999645, 3.799999999999999822, -3.250000000000000444 ) ) ;
#5496 = ORIENTED_EDGE ( 'NONE', *, *, #5960, .F. ) ;
#5497 = CARTESIAN_POINT ( 'NONE',  ( 3.525359410719047126, 0.000000000000000000, -3.250000000000002665 ) ) ;
#5498 = VECTOR ( 'NONE', #184, 1000.000000000000000 ) ;
#5499 = CARTESIAN_POINT ( 'NONE',  ( 20.99999999999999645, -5.500000000000000000, -44.00000000000000000 ) ) ;
#5500 = ORIENTED_EDGE ( 'NONE', *, *, #1443, .T. ) ;
#5501 = EDGE_CURVE ( 'NONE', #3080, #3350, #335, .T. ) ;
#5502 = VERTEX_POINT ( 'NONE', #5942 ) ;
#5503 = EDGE_LOOP ( 'NONE', ( #4333, #328, #994, #989 ) ) ;
#5504 = VECTOR ( 'NONE', #1255, 1000.000000000000000 ) ;
#5505 = LINE ( 'NONE', #1829, #2579 ) ;
#5506 = DIRECTION ( 'NONE',  ( -0.000000000000000000, 0.000000000000000000, 1.000000000000000000 ) ) ;
#5507 = CARTESIAN_POINT ( 'NONE',  ( 20.49999999999998934, 0.000000000000000000, -42.49999999999999289 ) ) ;
#5508 = AXIS2_PLACEMENT_3D ( 'NONE', #2274, #5925, #5045 ) ;
#5509 = EDGE_CURVE ( 'NONE', #934, #2580, #757, .T. ) ;
#5510 = DIRECTION ( 'NONE',  ( 1.000000000000000000, -0.000000000000000000, -0.000000000000000000 ) ) ;
#5511 = ORIENTED_EDGE ( 'NONE', *, *, #4507, .F. ) ;
#5512 = CARTESIAN_POINT ( 'NONE',  ( 1.500000000000005107, 5.000000000000000000, -3.250000000000002665 ) ) ;
#5513 = EDGE_LOOP ( 'NONE', ( #3732, #1032, #1697, #1527 ) ) ;
#5514 = LINE ( 'NONE', #5974, #1934 ) ;
#5515 = ORIENTED_EDGE ( 'NONE', *, *, #4358, .T. ) ;
#5516 = DIRECTION ( 'NONE',  ( -0.000000000000000000, 1.000000000000000000, -0.000000000000000000 ) ) ;
#5517 = EDGE_CURVE ( 'NONE', #1637, #5474, #3747, .T. ) ;
#5518 = ORIENTED_EDGE ( 'NONE', *, *, #5378, .F. ) ;
#5519 = AXIS2_PLACEMENT_3D ( 'NONE', #2286, #877, #941 ) ;
#5520 = AXIS2_PLACEMENT_3D ( 'NONE', #3881, #5685, #599 ) ;
#5521 = CARTESIAN_POINT ( 'NONE',  ( 21.49999999999999645, 5.000000000000000000, -4.000000000000003553 ) ) ;
#5522 = CARTESIAN_POINT ( 'NONE',  ( 1.500000000000005107, 1.500000000000000000, -2.500000000000002220 ) ) ;
#5523 = VECTOR ( 'NONE', #4987, 1000.000000000000000 ) ;
#5524 = DIRECTION ( 'NONE',  ( 0.000000000000000000, -0.000000000000000000, -1.000000000000000000 ) ) ;
#5525 = EDGE_CURVE ( 'NONE', #2874, #2510, #3980, .T. ) ;
#5526 = ORIENTED_EDGE ( 'NONE', *, *, #4670, .T. ) ;
#5527 = ORIENTED_EDGE ( 'NONE', *, *, #541, .T. ) ;
#5528 = DIRECTION ( 'NONE',  ( -0.000000000000000000, 1.000000000000000000, -0.000000000000000000 ) ) ;
#5529 = CARTESIAN_POINT ( 'NONE',  ( 7.758342613226058226, -5.500000000000000000, -42.49999999999999289 ) ) ;
#5530 = VERTEX_POINT ( 'NONE', #3620 ) ;
#5531 = CARTESIAN_POINT ( 'NONE',  ( 23.00000000000000000, -2.399999999999999911, -29.99999999999999289 ) ) ;
#5532 = CARTESIAN_POINT ( 'NONE',  ( 1.525359410719045128, -5.500000000000000000, -40.74999999999999289 ) ) ;
#5533 = LINE ( 'NONE', #1333, #4528 ) ;
#5534 = AXIS2_PLACEMENT_3D ( 'NONE', #1719, #406, #340 ) ;
#5535 = ORIENTED_EDGE ( 'NONE', *, *, #2920, .T. ) ;
#5536 = DIRECTION ( 'NONE',  ( -0.000000000000000000, -1.000000000000000000, -0.000000000000000000 ) ) ;
#5537 = VECTOR ( 'NONE', #783, 1000.000000000000000 ) ;
#5538 = ADVANCED_FACE ( 'NONE', ( #3098 ), #5479, .F. ) ;
#5539 = DIRECTION ( 'NONE',  ( -0.000000000000000000, 1.000000000000000000, -0.000000000000000000 ) ) ;
#5540 = VECTOR ( 'NONE', #288, 1000.000000000000000 ) ;
#5541 = DIRECTION ( 'NONE',  ( -0.000000000000000000, 1.000000000000000000, -0.000000000000000000 ) ) ;
#5542 = FACE_OUTER_BOUND ( 'NONE', #5063, .T. ) ;
#5543 = VERTEX_POINT ( 'NONE', #4106 ) ;
#5544 = DIRECTION ( 'NONE',  ( -0.000000000000000000, 0.000000000000000000, 1.000000000000000000 ) ) ;
#5545 = EDGE_LOOP ( 'NONE', ( #2138, #4945, #3199, #5 ) ) ;
#5546 = EDGE_CURVE ( 'NONE', #5304, #4251, #4972, .T. ) ;
#5547 = DIRECTION ( 'NONE',  ( -0.000000000000000000, -1.000000000000000000, -0.000000000000000000 ) ) ;
#5548 = EDGE_LOOP ( 'NONE', ( #4966, #1795, #475, #2458 ) ) ;
#5549 = DIRECTION ( 'NONE',  ( -0.000000000000000000, -1.000000000000000000, -0.000000000000000000 ) ) ;
#5550 = ORIENTED_EDGE ( 'NONE', *, *, #2787, .F. ) ;
#5551 = VECTOR ( 'NONE', #2996, 1000.000000000000000 ) ;
#5552 = PLANE ( 'NONE',  #2009 ) ;
#5553 = EDGE_CURVE ( 'NONE', #1078, #764, #2071, .T. ) ;
#5554 = FACE_OUTER_BOUND ( 'NONE', #5420, .T. ) ;
#5555 = DIRECTION ( 'NONE',  ( -0.000000000000000000, 1.000000000000000000, -0.000000000000000000 ) ) ;
#5556 = ORIENTED_EDGE ( 'NONE', *, *, #1429, .T. ) ;
#5557 = ORIENTED_EDGE ( 'NONE', *, *, #4388, .F. ) ;
#5558 = CARTESIAN_POINT ( 'NONE',  ( 0.000000000000000000, 3.799999999999999822, 0.000000000000000000 ) ) ;
#5559 = PLANE ( 'NONE',  #691 ) ;
#5560 = ORIENTED_EDGE ( 'NONE', *, *, #1009, .F. ) ;
#5561 = EDGE_CURVE ( 'NONE', #5789, #3876, #2656, .T. ) ;
#5562 = PLANE ( 'NONE',  #4048 ) ;
#5563 = DIRECTION ( 'NONE',  ( 0.000000000000000000, -1.000000000000000000, 0.000000000000000000 ) ) ;
#5564 = ORIENTED_EDGE ( 'NONE', *, *, #5893, .T. ) ;
#5565 = CARTESIAN_POINT ( 'NONE',  ( 21.49999999999999289, 5.000000000000000000, -42.49999999999999289 ) ) ;
#5566 = AXIS2_PLACEMENT_3D ( 'NONE', #5589, #2917, #5169 ) ;
#5567 = DIRECTION ( 'NONE',  ( 0.000000000000000000, 1.000000000000000000, 0.000000000000000000 ) ) ;
#5568 = DIRECTION ( 'NONE',  ( -0.000000000000000000, 1.000000000000000000, -0.000000000000000000 ) ) ;
#5569 = DIRECTION ( 'NONE',  ( 0.000000000000000000, 0.000000000000000000, -1.000000000000000000 ) ) ;
#5570 = EDGE_CURVE ( 'NONE', #5449, #3314, #5909, .T. ) ;
#5571 = EDGE_LOOP ( 'NONE', ( #4270, #4353, #2191, #157 ) ) ;
#5572 = DIRECTION ( 'NONE',  ( 0.000000000000000000, 0.000000000000000000, -1.000000000000000000 ) ) ;
#5573 = ORIENTED_EDGE ( 'NONE', *, *, #821, .T. ) ;
#5574 = STYLED_ITEM ( 'NONE', ( #4918 ), #3851 ) ;
#5575 = CARTESIAN_POINT ( 'NONE',  ( 21.49999999999999289, 0.000000000000000000, -4.750000000000004441 ) ) ;
#5576 = ORIENTED_EDGE ( 'NONE', *, *, #62, .F. ) ;
#5577 = CARTESIAN_POINT ( 'NONE',  ( 21.49999999999999645, 5.000000000000000000, -2.500000000000001332 ) ) ;
#5578 = ORIENTED_EDGE ( 'NONE', *, *, #3579, .F. ) ;
#5579 = CIRCLE ( 'NONE', #4797, 2.000000000000000000 ) ;
#5580 = EDGE_CURVE ( 'NONE', #1971, #1764, #3592, .T. ) ;
#5581 = FACE_OUTER_BOUND ( 'NONE', #4829, .T. ) ;
#5582 = CARTESIAN_POINT ( 'NONE',  ( 20.99999999999998934, 0.000000000000000000, -28.00000000000000355 ) ) ;
#5583 = LINE ( 'NONE', #1847, #3913 ) ;
#5584 = ORIENTED_EDGE ( 'NONE', *, *, #1096, .F. ) ;
#5585 = VERTEX_POINT ( 'NONE', #5028 ) ;
#5586 = EDGE_CURVE ( 'NONE', #4640, #2117, #815, .T. ) ;
#5587 = VECTOR ( 'NONE', #1631, 1000.000000000000000 ) ;
#5588 =( LENGTH_UNIT ( ) NAMED_UNIT ( * ) SI_UNIT ( .MILLI., .METRE. ) );
#5589 = CARTESIAN_POINT ( 'NONE',  ( 1.500000000000005329, 5.000000000000000000, -1.500000000000000000 ) ) ;
#5590 = EDGE_LOOP ( 'NONE', ( #4090, #3294, #5759, #263 ) ) ;
#5591 = CARTESIAN_POINT ( 'NONE',  ( 0.000000000000000000, 1.500000000000000000, -43.50000000000000000 ) ) ;
#5592 = DIRECTION ( 'NONE',  ( -0.000000000000000000, 1.000000000000000000, -0.000000000000000000 ) ) ;
#5593 = UNCERTAINTY_MEASURE_WITH_UNIT (LENGTH_MEASURE( 1.000000000000000082E-05 ), #4458, 'distance_accuracy_value', 'NONE');
#5594 = ORIENTED_EDGE ( 'NONE', *, *, #1226, .F. ) ;
#5595 = EDGE_CURVE ( 'NONE', #3422, #2772, #4477, .T. ) ;
#5596 = CARTESIAN_POINT ( 'NONE',  ( 14.49999999999998757, -5.501000000000002110, -25.49999999999999645 ) ) ;
#5597 = VECTOR ( 'NONE', #3996, 1000.000000000000000 ) ;
#5598 = VECTOR ( 'NONE', #3397, 1000.000000000000000 ) ;
#5599 = DIRECTION ( 'NONE',  ( -1.000000000000000000, 0.000000000000000000, 0.000000000000000000 ) ) ;
#5600 = CARTESIAN_POINT ( 'NONE',  ( 1.500000000000000222, -5.500000000000000000, -1.500000000000000000 ) ) ;
#5601 = ADVANCED_FACE ( 'NONE', ( #3062 ), #1309, .F. ) ;
#5602 = CARTESIAN_POINT ( 'NONE',  ( 0.000000000000000000, 0.5000000000000000000, -0.5000000000000000000 ) ) ;
#5603 = ORIENTED_EDGE ( 'NONE', *, *, #1767, .T. ) ;
#5604 = DIRECTION ( 'NONE',  ( -0.7071067811865467956, -0.7071067811865483499, 4.443511651919973055E-16 ) ) ;
#5605 = CARTESIAN_POINT ( 'NONE',  ( 19.49999999999998579, -5.501000000000002110, -26.00000000000000000 ) ) ;
#5606 = ORIENTED_EDGE ( 'NONE', *, *, #2530, .T. ) ;
#5607 = CARTESIAN_POINT ( 'NONE',  ( 12.99999999999995559, 0.000000000000000000, -6.999999999999990230 ) ) ;
#5608 = EDGE_LOOP ( 'NONE', ( #839, #3090, #1912, #1142 ) ) ;
#5609 = ORIENTED_EDGE ( 'NONE', *, *, #3462, .F. ) ;
#5610 = FACE_OUTER_BOUND ( 'NONE', #825, .T. ) ;
#5611 = DIRECTION ( 'NONE',  ( 0.000000000000000000, 0.000000000000000000, -1.000000000000000000 ) ) ;
#5612 = AXIS2_PLACEMENT_3D ( 'NONE', #3939, #5804, #2089 ) ;
#5613 = EDGE_CURVE ( 'NONE', #3692, #5260, #727, .T. ) ;
#5614 = LINE ( 'NONE', #983, #4899 ) ;
#5615 = VECTOR ( 'NONE', #3091, 1000.000000000000000 ) ;
#5616 = CONICAL_SURFACE ( 'NONE', #5808, 1.850000000000000977, 0.7853981633974471688 ) ;
#5617 = VERTEX_POINT ( 'NONE', #4010 ) ;
#5618 = ORIENTED_EDGE ( 'NONE', *, *, #2426, .T. ) ;
#5619 = LINE ( 'NONE', #1419, #4416 ) ;
#5620 = ORIENTED_EDGE ( 'NONE', *, *, #4456, .F. ) ;
#5621 = CIRCLE ( 'NONE', #2974, 0.5000000000000038858 ) ;
#5622 = CARTESIAN_POINT ( 'NONE',  ( 15.49999999999999112, -5.500000000000000000, -40.74999999999999289 ) ) ;
#5623 = ADVANCED_FACE ( 'NONE', ( #786 ), #5874, .F. ) ;
#5624 = CARTESIAN_POINT ( 'NONE',  ( 20.24999999999998934, -1.600000000000000089, -29.99999999999999645 ) ) ;
#5625 = VERTEX_POINT ( 'NONE', #3707 ) ;
#5626 = ORIENTED_EDGE ( 'NONE', *, *, #1590, .T. ) ;
#5627 = DIRECTION ( 'NONE',  ( -8.462065736472231082E-17, -0.000000000000000000, -1.000000000000000000 ) ) ;
#5628 = ADVANCED_FACE ( 'NONE', ( #484 ), #400, .F. ) ;
#5629 = CARTESIAN_POINT ( 'NONE',  ( 1.500000000000003775, 8.099999999999999645, -13.99999999999999112 ) ) ;
#5630 = VECTOR ( 'NONE', #5275, 1000.000000000000000 ) ;
#5631 = DIRECTION ( 'NONE',  ( 0.000000000000000000, -1.000000000000000000, 0.000000000000000000 ) ) ;
#5632 = DIRECTION ( 'NONE',  ( 1.000000000000000000, 0.000000000000000000, 0.000000000000000000 ) ) ;
#5633 = ADVANCED_FACE ( 'NONE', ( #5542 ), #32, .F. ) ;
#5634 = DIRECTION ( 'NONE',  ( 0.000000000000000000, 0.000000000000000000, -1.000000000000000000 ) ) ;
#5635 = VECTOR ( 'NONE', #1714, 1000.000000000000000 ) ;
#5636 = VERTEX_POINT ( 'NONE', #1373 ) ;
#5637 = DIRECTION ( 'NONE',  ( -0.000000000000000000, 1.000000000000000000, -0.000000000000000000 ) ) ;
#5638 = EDGE_CURVE ( 'NONE', #68, #5043, #1404, .T. ) ;
#5639 = DIRECTION ( 'NONE',  ( -0.000000000000000000, 1.000000000000000000, -0.000000000000000000 ) ) ;
#5640 = ORIENTED_EDGE ( 'NONE', *, *, #5075, .F. ) ;
#5641 = CARTESIAN_POINT ( 'NONE',  ( 2.500000000000011546, 7.099999999999999645, -13.99999999999999112 ) ) ;
#5642 = ORIENTED_EDGE ( 'NONE', *, *, #1909, .T. ) ;
#5643 = AXIS2_PLACEMENT_3D ( 'NONE', #2724, #1312, #2693 ) ;
#5644 = ADVANCED_FACE ( 'NONE', ( #1863 ), #4229, .F. ) ;
#5645 = DIRECTION ( 'NONE',  ( 0.000000000000000000, -0.000000000000000000, -1.000000000000000000 ) ) ;
#5646 = FACE_OUTER_BOUND ( 'NONE', #3665, .T. ) ;
#5647 = ORIENTED_EDGE ( 'NONE', *, *, #5245, .T. ) ;
#5648 = ORIENTED_EDGE ( 'NONE', *, *, #1001, .F. ) ;
#5649 =( NAMED_UNIT ( * ) PLANE_ANGLE_UNIT ( ) SI_UNIT ( $, .RADIAN. ) );
#5650 = CARTESIAN_POINT ( 'NONE',  ( 0.000000000000000000, 5.000000000000000000, 0.000000000000000000 ) ) ;
#5651 = ORIENTED_EDGE ( 'NONE', *, *, #1689, .F. ) ;
#5652 = CARTESIAN_POINT ( 'NONE',  ( 12.99999999999997513, -1.600000000000000089, -30.00000000000000000 ) ) ;
#5653 = CARTESIAN_POINT ( 'NONE',  ( 13.74999999999997691, -1.600000000000000089, -4.999999999999990230 ) ) ;
#5654 = UNCERTAINTY_MEASURE_WITH_UNIT (LENGTH_MEASURE( 1.000000000000000082E-05 ), #1020, 'distance_accuracy_value', 'NONE');
#5655 = VECTOR ( 'NONE', #5700, 1000.000000000000000 ) ;
#5656 = VERTEX_POINT ( 'NONE', #4796 ) ;
#5657 = EDGE_CURVE ( 'NONE', #5502, #834, #4659, .T. ) ;
#5658 = AXIS2_PLACEMENT_3D ( 'NONE', #4782, #3034, #5306 ) ;
#5659 = CARTESIAN_POINT ( 'NONE',  ( 2.000000000000000000, 0.5000000000000000000, -41.99999999999999289 ) ) ;
#5660 = DIRECTION ( 'NONE',  ( 0.000000000000000000, 0.000000000000000000, -1.000000000000000000 ) ) ;
#5661 = CARTESIAN_POINT ( 'NONE',  ( 1.500000000000004885, -4.099999999999997868, -24.90000000000000213 ) ) ;
#5662 = ADVANCED_FACE ( 'NONE', ( #4342 ), #4, .T. ) ;
#5663 = ORIENTED_EDGE ( 'NONE', *, *, #4921, .F. ) ;
#5664 = DIRECTION ( 'NONE',  ( 0.000000000000000000, 0.000000000000000000, -1.000000000000000000 ) ) ;
#5665 = CYLINDRICAL_SURFACE ( 'NONE', #3207, 0.5000000000000038858 ) ;
#5666 = ORIENTED_EDGE ( 'NONE', *, *, #4520, .F. ) ;
#5667 = LINE ( 'NONE', #1495, #4073 ) ;
#5668 = ORIENTED_EDGE ( 'NONE', *, *, #1162, .T. ) ;
#5669 = ADVANCED_FACE ( 'NONE', ( #5087 ), #4631, .T. ) ;
#5670 = CIRCLE ( 'NONE', #3626, 0.5000000000000004441 ) ;
#5671 = DIRECTION ( 'NONE',  ( -0.000000000000000000, 1.000000000000000000, -0.000000000000000000 ) ) ;
#5672 = DIRECTION ( 'NONE',  ( -1.000000000000000000, 0.000000000000000000, -0.000000000000000000 ) ) ;
#5673 = LINE ( 'NONE', #529, #4216 ) ;
#5674 = AXIS2_PLACEMENT_3D ( 'NONE', #2475, #5757, #1625 ) ;
#5675 = ORIENTED_EDGE ( 'NONE', *, *, #2885, .T. ) ;
#5676 = ORIENTED_EDGE ( 'NONE', *, *, #80, .F. ) ;
#5677 = LINE ( 'NONE', #1878, #5319 ) ;
#5678 = CARTESIAN_POINT ( 'NONE',  ( 21.49999999999999289, 5.000000000000000000, -26.19533779580664046 ) ) ;
#5679 = ORIENTED_EDGE ( 'NONE', *, *, #4028, .F. ) ;
#5680 = CARTESIAN_POINT ( 'NONE',  ( 19.50000000000000000, 1.500000000000000000, -21.49999999999999645 ) ) ;
#5681 = CARTESIAN_POINT ( 'NONE',  ( 12.99999999999997513, 0.000000000000000000, -30.00000000000000000 ) ) ;
#5682 = VECTOR ( 'NONE', #3511, 1000.000000000000000 ) ;
#5683 = APPLICATION_CONTEXT ( 'automotive_design' ) ;
#5684 = ORIENTED_EDGE ( 'NONE', *, *, #4695, .T. ) ;
#5685 = DIRECTION ( 'NONE',  ( 0.000000000000000000, 1.000000000000000000, 0.000000000000000000 ) ) ;
#5686 = LINE ( 'NONE', #909, #46 ) ;
#5687 = CARTESIAN_POINT ( 'NONE',  ( 1.500000000000005329, 0.000000000000000000, -42.49999999999999289 ) ) ;
#5688 = EDGE_CURVE ( 'NONE', #4255, #3899, #5121, .T. ) ;
#5689 = ORIENTED_EDGE ( 'NONE', *, *, #4500, .F. ) ;
#5690 = CARTESIAN_POINT ( 'NONE',  ( 3.525359410719047126, 0.000000000000000000, -4.750000000000004441 ) ) ;
#5691 = DIRECTION ( 'NONE',  ( -5.551115123125804889E-17, -1.000000000000000000, -2.775557561562891351E-16 ) ) ;
#5692 = ORIENTED_EDGE ( 'NONE', *, *, #2444, .F. ) ;
#5693 = CARTESIAN_POINT ( 'NONE',  ( 1.500000000000001110, 8.099999999999999645, -38.99999999999999289 ) ) ;
#5694 = EDGE_CURVE ( 'NONE', #4928, #832, #4688, .T. ) ;
#5695 = CIRCLE ( 'NONE', #2952, 2.250000000000001776 ) ;
#5696 = ORIENTED_EDGE ( 'NONE', *, *, #4819, .T. ) ;
#5697 = VERTEX_POINT ( 'NONE', #5999 ) ;
#5698 = DIRECTION ( 'NONE',  ( 0.000000000000000000, 0.000000000000000000, -1.000000000000000000 ) ) ;
#5699 = AXIS2_PLACEMENT_3D ( 'NONE', #597, #2258, #5569 ) ;
#5700 = DIRECTION ( 'NONE',  ( -1.000000000000000000, 0.000000000000000000, -2.891205793294679312E-16 ) ) ;
#5701 = DIRECTION ( 'NONE',  ( -0.000000000000000000, -1.000000000000000000, -0.000000000000000000 ) ) ;
#5702 = EDGE_CURVE ( 'NONE', #5857, #2810, #4334, .T. ) ;
#5703 = EDGE_LOOP ( 'NONE', ( #602, #1817, #4781, #5609, #2912, #971 ) ) ;
#5704 = AXIS2_PLACEMENT_3D ( 'NONE', #3423, #264, #2118 ) ;
#5705 = ORIENTED_EDGE ( 'NONE', *, *, #1569, .T. ) ;
#5706 = DIRECTION ( 'NONE',  ( 0.000000000000000000, 0.000000000000000000, 1.000000000000000000 ) ) ;
#5707 = MECHANICAL_DESIGN_GEOMETRIC_PRESENTATION_REPRESENTATION (  '', ( #4346 ), #4644 ) ;
#5708 = CARTESIAN_POINT ( 'NONE',  ( 23.00000000000000000, 0.5000000000000000000, -41.99999999999999289 ) ) ;
#5709 = ORIENTED_EDGE ( 'NONE', *, *, #4044, .T. ) ;
#5710 = FACE_OUTER_BOUND ( 'NONE', #1310, .T. ) ;
#5711 = DIRECTION ( 'NONE',  ( 0.000000000000000000, 0.000000000000000000, 1.000000000000000000 ) ) ;
#5712 = ADVANCED_FACE ( 'NONE', ( #882 ), #3280, .T. ) ;
#5713 = ORIENTED_EDGE ( 'NONE', *, *, #5413, .F. ) ;
#5714 = ORIENTED_EDGE ( 'NONE', *, *, #2628, .F. ) ;
#5715 = VECTOR ( 'NONE', #1224, 1000.000000000000000 ) ;
#5716 = VECTOR ( 'NONE', #4193, 1000.000000000000000 ) ;
#5717 = CARTESIAN_POINT ( 'NONE',  ( 9.255005567935636890, 0.000000000000000000, -2.900000000000001243 ) ) ;
#5718 = EDGE_CURVE ( 'NONE', #2978, #4429, #430, .T. ) ;
#5719 = CARTESIAN_POINT ( 'NONE',  ( 0.000000000000000000, -5.500000000000000000, -44.00000000000000000 ) ) ;
#5720 = PLANE ( 'NONE',  #2368 ) ;
#5721 = EDGE_LOOP ( 'NONE', ( #5153, #2884, #4664, #1755 ) ) ;
#5722 = ORIENTED_EDGE ( 'NONE', *, *, #467, .T. ) ;
#5723 = CARTESIAN_POINT ( 'NONE',  ( 21.49999999999999289, 0.000000000000000000, -2.500000000000000000 ) ) ;
#5724 = DIRECTION ( 'NONE',  ( 0.000000000000000000, -1.000000000000000000, 0.000000000000000000 ) ) ;
#5725 = CARTESIAN_POINT ( 'NONE',  ( 12.99999999999997691, -1.600000000000000089, -28.00000000000000000 ) ) ;
#5726 = ORIENTED_EDGE ( 'NONE', *, *, #4535, .T. ) ;
#5727 = VECTOR ( 'NONE', #1841, 1000.000000000000000 ) ;
#5728 = EDGE_CURVE ( 'NONE', #4689, #2204, #4599, .T. ) ;
#5729 = DIRECTION ( 'NONE',  ( -1.000000000000000000, 0.000000000000000000, 0.000000000000000000 ) ) ;
#5730 = CARTESIAN_POINT ( 'NONE',  ( 21.49999999999999645, 1.500000000000000000, -2.500000000000002220 ) ) ;
#5731 = LINE ( 'NONE', #3836, #4609 ) ;
#5732 = VECTOR ( 'NONE', #1683, 1000.000000000000000 ) ;
#5733 = ORIENTED_EDGE ( 'NONE', *, *, #5112, .T. ) ;
#5734 = ORIENTED_EDGE ( 'NONE', *, *, #5811, .T. ) ;
#5735 = VERTEX_POINT ( 'NONE', #3392 ) ;
#5736 = EDGE_CURVE ( 'NONE', #2244, #3828, #5995, .T. ) ;
#5737 = CARTESIAN_POINT ( 'NONE',  ( 15.49999999999999112, -11.86396103067893293, -40.74999999999999289 ) ) ;
#5738 = VERTEX_POINT ( 'NONE', #1433 ) ;
#5739 = DIRECTION ( 'NONE',  ( 1.000000000000000000, -0.000000000000000000, -0.000000000000000000 ) ) ;
#5740 = CARTESIAN_POINT ( 'NONE',  ( 23.00000000000000000, -5.500000000000000000, -29.99999999999999289 ) ) ;
#5741 = ORIENTED_EDGE ( 'NONE', *, *, #5802, .F. ) ;
#5742 = DIRECTION ( 'NONE',  ( 8.462065736472232314E-17, 0.000000000000000000, 1.000000000000000000 ) ) ;
#5743 = EDGE_CURVE ( 'NONE', #5923, #2758, #5262, .T. ) ;
#5744 = CARTESIAN_POINT ( 'NONE',  ( 22.50000000000000000, 0.000000000000000000, -41.99999999999999289 ) ) ;
#5745 = VECTOR ( 'NONE', #3568, 1000.000000000000000 ) ;
#5746 = CARTESIAN_POINT ( 'NONE',  ( 23.00000000000000000, 3.809999976158144896, 5.697669312166042120E-16 ) ) ;
#5747 = LINE ( 'NONE', #3426, #4237 ) ;
#5748 = ORIENTED_EDGE ( 'NONE', *, *, #3276, .T. ) ;
#5749 = VERTEX_POINT ( 'NONE', #233 ) ;
#5750 = CARTESIAN_POINT ( 'NONE',  ( 1.500000000000004885, -5.399999999999997691, -19.09999999999999787 ) ) ;
#5751 = CARTESIAN_POINT ( 'NONE',  ( 21.49999999999999645, 1.500000000000000000, -3.250000000000002665 ) ) ;
#5752 = PLANE ( 'NONE',  #3781 ) ;
#5753 = ORIENTED_EDGE ( 'NONE', *, *, #1367, .T. ) ;
#5754 = CARTESIAN_POINT ( 'NONE',  ( 20.24999999999998934, -1.600000000000000089, -6.999999999999990230 ) ) ;
#5755 = DIRECTION ( 'NONE',  ( 0.000000000000000000, 0.000000000000000000, -1.000000000000000000 ) ) ;
#5756 = AXIS2_PLACEMENT_3D ( 'NONE', #476, #2370, #4250 ) ;
#5757 = DIRECTION ( 'NONE',  ( -0.000000000000000000, 1.000000000000000000, -0.000000000000000000 ) ) ;
#5758 = EDGE_CURVE ( 'NONE', #3064, #2736, #4822, .T. ) ;
#5759 = ORIENTED_EDGE ( 'NONE', *, *, #1741, .T. ) ;
#5760 = ORIENTED_EDGE ( 'NONE', *, *, #3776, .T. ) ;
#5761 = SURFACE_STYLE_USAGE ( .BOTH. , #4423 ) ;
#5762 = VERTEX_POINT ( 'NONE', #627 ) ;
#5763 = CARTESIAN_POINT ( 'NONE',  ( 2.000000000000000000, 0.5000000000000000000, -2.000000000000000000 ) ) ;
#5764 = CARTESIAN_POINT ( 'NONE',  ( 20.99999999999999645, 0.5000000000000000000, -2.000000000000000000 ) ) ;
#5765 = MECHANICAL_DESIGN_GEOMETRIC_PRESENTATION_REPRESENTATION (  '', ( #5574 ), #5477 ) ;
#5766 = CARTESIAN_POINT ( 'NONE',  ( 6.500000000000000888, 1.500000000000000000, -3.525000000000001243 ) ) ;
#5767 = ADVANCED_FACE ( 'NONE', ( #4494 ), #1119, .F. ) ;
#5768 = VERTEX_POINT ( 'NONE', #2059 ) ;
#5769 = PLANE ( 'NONE',  #2659 ) ;
#5770 = DIRECTION ( 'NONE',  ( -0.000000000000000000, 1.000000000000000000, -0.000000000000000000 ) ) ;
#5771 = PLANE ( 'NONE',  #4375 ) ;
#5772 = DIRECTION ( 'NONE',  ( 1.000000000000000000, 0.000000000000000000, 0.000000000000000000 ) ) ;
#5773 = CARTESIAN_POINT ( 'NONE',  ( 15.49999999999999112, 0.000000000000000000, -4.750000000000004441 ) ) ;
#5774 = EDGE_CURVE ( 'NONE', #647, #2424, #5800, .T. ) ;
#5775 = ORIENTED_EDGE ( 'NONE', *, *, #3574, .T. ) ;
#5776 = AXIS2_PLACEMENT_3D ( 'NONE', #2239, #1356, #3228 ) ;
#5777 = CARTESIAN_POINT ( 'NONE',  ( 14.50000000000002132, 1.500000000000000000, -19.99999999999999645 ) ) ;
#5778 = ORIENTED_EDGE ( 'NONE', *, *, #2255, .F. ) ;
#5779 = CARTESIAN_POINT ( 'NONE',  ( 7.758342613226060003, -5.500000000000000000, -1.500000000000000000 ) ) ;
#5780 = DIRECTION ( 'NONE',  ( 0.7071067811865466846, -0.7071067811865483499, -9.234698854864907339E-16 ) ) ;
#5781 = DIRECTION ( 'NONE',  ( 0.000000000000000000, -1.000000000000000000, 0.000000000000000000 ) ) ;
#5782 = EDGE_CURVE ( 'NONE', #2365, #5738, #657, .T. ) ;
#5783 = ORIENTED_EDGE ( 'NONE', *, *, #1429, .F. ) ;
#5784 = ORIENTED_EDGE ( 'NONE', *, *, #3660, .T. ) ;
#5785 = CARTESIAN_POINT ( 'NONE',  ( 0.000000000000000000, -5.500000000000000000, -2.000000000000000000 ) ) ;
#5786 = DIRECTION ( 'NONE',  ( -0.000000000000000000, 0.000000000000000000, 1.000000000000000000 ) ) ;
#5787 = VECTOR ( 'NONE', #2155, 1000.000000000000000 ) ;
#5788 = DIRECTION ( 'NONE',  ( -1.445602896647338177E-16, 0.000000000000000000, -1.000000000000000000 ) ) ;
#5789 = VERTEX_POINT ( 'NONE', #713 ) ;
#5790 = APPLICATION_PROTOCOL_DEFINITION ( 'draft international standard', 'automotive_design', 1998, #2236 ) ;
#5791 = AXIS2_PLACEMENT_3D ( 'NONE', #3372, #4904, #3949 ) ;
#5792 = ORIENTED_EDGE ( 'NONE', *, *, #2393, .F. ) ;
#5793 = DIRECTION ( 'NONE',  ( 0.000000000000000000, 0.000000000000000000, -1.000000000000000000 ) ) ;
#5794 = ORIENTED_EDGE ( 'NONE', *, *, #395, .T. ) ;
#5795 = ADVANCED_FACE ( 'NONE', ( #174 ), #5769, .T. ) ;
#5796 = CARTESIAN_POINT ( 'NONE',  ( 19.99999999999998934, 0.5000000000000000000, -31.49999999999998579 ) ) ;
#5797 = CARTESIAN_POINT ( 'NONE',  ( 20.99999999999999645, -5.500000000000000000, 0.000000000000000000 ) ) ;
#5798 = VECTOR ( 'NONE', #4983, 1000.000000000000000 ) ;
#5799 = VERTEX_POINT ( 'NONE', #3451 ) ;
#5800 = LINE ( 'NONE', #4376, #4242 ) ;
#5801 = LINE ( 'NONE', #5385, #1389 ) ;
#5802 = EDGE_CURVE ( 'NONE', #2204, #1804, #3256, .T. ) ;
#5803 = ADVANCED_FACE ( 'NONE', ( #4955 ), #3484, .F. ) ;
#5804 = DIRECTION ( 'NONE',  ( 0.000000000000000000, -1.000000000000000000, 0.000000000000000000 ) ) ;
#5805 = DIRECTION ( 'NONE',  ( 0.000000000000000000, 0.000000000000000000, -1.000000000000000000 ) ) ;
#5806 = CIRCLE ( 'NONE', #3169, 0.9999999999999991118 ) ;
#5807 = CARTESIAN_POINT ( 'NONE',  ( 19.49999999999998579, -5.501000000000002110, -26.50000000000000355 ) ) ;
#5808 = AXIS2_PLACEMENT_3D ( 'NONE', #753, #3150, #3590 ) ;
#5809 = CARTESIAN_POINT ( 'NONE',  ( 11.50000000000000178, -11.86396103067893293, -38.99999999999999289 ) ) ;
#5810 = VERTEX_POINT ( 'NONE', #2984 ) ;
#5811 = EDGE_CURVE ( 'NONE', #1496, #749, #4860, .T. ) ;
#5812 = VECTOR ( 'NONE', #3270, 1000.000000000000000 ) ;
#5813 = DIRECTION ( 'NONE',  ( -5.551115123125804889E-17, -1.000000000000000000, -2.775557561562891351E-16 ) ) ;
#5814 = LINE ( 'NONE', #1585, #3935 ) ;
#5815 = CARTESIAN_POINT ( 'NONE',  ( 23.00000000000000000, -2.399999999999999911, -4.999999999999990230 ) ) ;
#5816 = EDGE_CURVE ( 'NONE', #626, #4928, #4432, .T. ) ;
#5817 = LINE ( 'NONE', #3953, #5949 ) ;
#5818 = DIRECTION ( 'NONE',  ( 1.161801964362118351E-16, -0.3162277660168328342, 0.9486832980505155444 ) ) ;
#5819 = CARTESIAN_POINT ( 'NONE',  ( 19.50000000000004263, -5.501000000000002110, -18.50000000000000355 ) ) ;
#5820 = VECTOR ( 'NONE', #554, 1000.000000000000000 ) ;
#5821 = EDGE_LOOP ( 'NONE', ( #3697, #5663, #2725, #3272 ) ) ;
#5822 = ORIENTED_EDGE ( 'NONE', *, *, #1322, .F. ) ;
#5823 = DIRECTION ( 'NONE',  ( -0.000000000000000000, -1.000000000000000000, -0.000000000000000000 ) ) ;
#5824 = VECTOR ( 'NONE', #483, 1000.000000000000000 ) ;
#5825 = CARTESIAN_POINT ( 'NONE',  ( 20.49999999999999289, 1.500000000000000000, -1.500000000000001332 ) ) ;
#5826 = DIRECTION ( 'NONE',  ( -0.000000000000000000, 1.000000000000000000, -0.000000000000000000 ) ) ;
#5827 = VERTEX_POINT ( 'NONE', #1086 ) ;
#5828 = EDGE_LOOP ( 'NONE', ( #414, #164, #1111, #1986 ) ) ;
#5829 = VECTOR ( 'NONE', #916, 1000.000000000000000 ) ;
#5830 = DIRECTION ( 'NONE',  ( 1.000000000000000000, 0.000000000000000000, -8.673617379884043361E-16 ) ) ;
#5831 = CARTESIAN_POINT ( 'NONE',  ( 2.000000000000000000, -5.500000000000000000, -44.00000000000000000 ) ) ;
#5832 = CARTESIAN_POINT ( 'NONE',  ( 23.00100000000000122, -4.099999999999997868, -19.09999999999999787 ) ) ;
#5833 = LINE ( 'NONE', #6044, #4745 ) ;
#5834 = CARTESIAN_POINT ( 'NONE',  ( 19.49999999999999289, -5.501000000000002110, -24.50000000000000000 ) ) ;
#5835 = EDGE_CURVE ( 'NONE', #849, #887, #2272, .T. ) ;
#5836 = VERTEX_POINT ( 'NONE', #4830 ) ;
#5837 = LINE ( 'NONE', #5868, #1900 ) ;
#5838 = DIRECTION ( 'NONE',  ( -0.000000000000000000, 1.000000000000000000, -0.000000000000000000 ) ) ;
#5839 = LINE ( 'NONE', #5110, #5911 ) ;
#5840 = CARTESIAN_POINT ( 'NONE',  ( 1.525359410719044906, 0.000000000000000000, -4.750000000000004441 ) ) ;
#5841 = AXIS2_PLACEMENT_3D ( 'NONE', #928, #2420, #99 ) ;
#5842 = EDGE_CURVE ( 'NONE', #4887, #3405, #3456, .T. ) ;
#5843 = DIRECTION ( 'NONE',  ( 0.000000000000000000, 1.000000000000000000, 0.000000000000000000 ) ) ;
#5844 = VECTOR ( 'NONE', #5845, 1000.000000000000000 ) ;
#5845 = DIRECTION ( 'NONE',  ( -0.000000000000000000, 1.000000000000000000, -0.000000000000000000 ) ) ;
#5846 = ORIENTED_EDGE ( 'NONE', *, *, #2205, .T. ) ;
#5847 = LINE ( 'NONE', #1138, #2223 ) ;
#5848 = DIRECTION ( 'NONE',  ( -0.000000000000000000, 1.000000000000000000, -0.000000000000000000 ) ) ;
#5849 = EDGE_CURVE ( 'NONE', #4515, #3411, #2517, .T. ) ;
#5850 = VERTEX_POINT ( 'NONE', #1636 ) ;
#5851 = ORIENTED_EDGE ( 'NONE', *, *, #639, .F. ) ;
#5852 = AXIS2_PLACEMENT_3D ( 'NONE', #5139, #3786, #136 ) ;
#5853 = DIRECTION ( 'NONE',  ( 0.000000000000000000, 0.000000000000000000, 1.000000000000000000 ) ) ;
#5854 = LINE ( 'NONE', #5796, #2646 ) ;
#5855 = SURFACE_STYLE_USAGE ( .BOTH. , #1693 ) ;
#5856 = EDGE_CURVE ( 'NONE', #5213, #2044, #1542, .T. ) ;
#5857 = VERTEX_POINT ( 'NONE', #3048 ) ;
#5858 = ORIENTED_EDGE ( 'NONE', *, *, #752, .F. ) ;
#5859 = ORIENTED_EDGE ( 'NONE', *, *, #2393, .T. ) ;
#5860 = DIRECTION ( 'NONE',  ( 1.216421949617883318E-16, 0.000000000000000000, -1.000000000000000000 ) ) ;
#5861 = FACE_OUTER_BOUND ( 'NONE', #4965, .T. ) ;
#5862 = VECTOR ( 'NONE', #1484, 1000.000000000000000 ) ;
#5863 = CARTESIAN_POINT ( 'NONE',  ( 2.000000000000000000, 0.5000000000000000000, -44.00000000000000000 ) ) ;
#5864 = CARTESIAN_POINT ( 'NONE',  ( 21.49999999999999289, -5.500000000000000000, -4.999999999999990230 ) ) ;
#5865 = CARTESIAN_POINT ( 'NONE',  ( 11.50000000000000178, -5.500000000000000000, -41.24999999999999289 ) ) ;
#5866 = VECTOR ( 'NONE', #2571, 1000.000000000000000 ) ;
#5867 = ORIENTED_EDGE ( 'NONE', *, *, #2014, .F. ) ;
#5868 = CARTESIAN_POINT ( 'NONE',  ( 1.500000000000005329, 5.000000000000000000, -1.500000000000000000 ) ) ;
#5869 = ADVANCED_FACE ( 'NONE', ( #2550 ), #4922, .T. ) ;
#5870 = CARTESIAN_POINT ( 'NONE',  ( 18.49999999999999645, 5.000000000000000000, -3.250000000000000444 ) ) ;
#5871 = CARTESIAN_POINT ( 'NONE',  ( 14.49999999999999467, -5.501000000000002110, -23.49999999999999289 ) ) ;
#5872 = DIRECTION ( 'NONE',  ( 0.000000000000000000, -1.000000000000000000, 0.000000000000000000 ) ) ;
#5873 = CIRCLE ( 'NONE', #1380, 0.8500000000000035305 ) ;
#5874 = PLANE ( 'NONE',  #5699 ) ;
#5875 = CYLINDRICAL_SURFACE ( 'NONE', #71, 0.5000000000000038858 ) ;
#5876 = EDGE_CURVE ( 'NONE', #1136, #2604, #3995, .T. ) ;
#5877 = CARTESIAN_POINT ( 'NONE',  ( 1.500000000000005329, -5.500000000000000000, -42.49999999999999289 ) ) ;
#5878 = ORIENTED_EDGE ( 'NONE', *, *, #1962, .T. ) ;
#5879 = DIRECTION ( 'NONE',  ( -1.000000000000000000, -0.000000000000000000, -0.000000000000000000 ) ) ;
#5880 = EDGE_LOOP ( 'NONE', ( #4107, #3963, #2804, #2040, #4231, #3329, #1144, #4706, #5603, #1928, #2939, #5093, #5193, #3614, #3792, #4564, #3964, #3842, #186, #4674, #5666, #4947, #950, #523 ) ) ;
#5881 = VECTOR ( 'NONE', #4957, 1000.000000000000000 ) ;
#5882 = CARTESIAN_POINT ( 'NONE',  ( 19.49999999999998579, 1.500000000000000000, -26.00000000000000000 ) ) ;
#5883 = VECTOR ( 'NONE', #4126, 1000.000000000000000 ) ;
#5884 = ADVANCED_FACE ( 'NONE', ( #3605 ), #897, .F. ) ;
#5885 = CARTESIAN_POINT ( 'NONE',  ( 13.99999999999998934, 0.5000000000000000000, -25.99999999999999289 ) ) ;
#5886 = ORIENTED_EDGE ( 'NONE', *, *, #5042, .T. ) ;
#5887 = EDGE_LOOP ( 'NONE', ( #1397, #1949, #2705, #2356, #5108, #1152, #833, #692, #258 ) ) ;
#5888 = AXIS2_PLACEMENT_3D ( 'NONE', #2611, #5412, #2085 ) ;
#5889 = ORIENTED_EDGE ( 'NONE', *, *, #5876, .T. ) ;
#5890 = LINE ( 'NONE', #1699, #4246 ) ;
#5891 = EDGE_CURVE ( 'NONE', #5321, #4304, #3580, .T. ) ;
#5892 = CARTESIAN_POINT ( 'NONE',  ( 21.49999999999999289, -5.500000000000000000, -1.500000000000000000 ) ) ;
#5893 = EDGE_CURVE ( 'NONE', #1427, #652, #2213, .T. ) ;
#5894 = DIRECTION ( 'NONE',  ( 1.163534038764931666E-16, 0.000000000000000000, 1.000000000000000000 ) ) ;
#5895 = CIRCLE ( 'NONE', #230, 2.250000000000001776 ) ;
#5896 = PRODUCT_DEFINITION_CONTEXT ( 'detailed design', #5683, 'design' ) ;
#5897 = DIRECTION ( 'NONE',  ( 1.000000000000000000, -0.000000000000000000, -0.000000000000000000 ) ) ;
#5898 = CARTESIAN_POINT ( 'NONE',  ( 14.50000000000000000, 1.500000000000000000, -21.49999999999999645 ) ) ;
#5899 = ORIENTED_EDGE ( 'NONE', *, *, #4908, .T. ) ;
#5900 = ORIENTED_EDGE ( 'NONE', *, *, #1450, .T. ) ;
#5901 = EDGE_CURVE ( 'NONE', #1091, #3615, #3725, .T. ) ;
#5902 = CYLINDRICAL_SURFACE ( 'NONE', #3762, 0.9999999999999991118 ) ;
#5903 = CIRCLE ( 'NONE', #431, 1.000000000000000888 ) ;
#5904 = ADVANCED_FACE ( 'NONE', ( #447 ), #4092, .F. ) ;
#5905 = LINE ( 'NONE', #2130, #5715 ) ;
#5906 = DIRECTION ( 'NONE',  ( 0.000000000000000000, 0.000000000000000000, -1.000000000000000000 ) ) ;
#5907 = CARTESIAN_POINT ( 'NONE',  ( 1.525359410719044906, -5.500000000000000000, -39.24999999999999289 ) ) ;
#5908 = VECTOR ( 'NONE', #511, 999.9999999999998863 ) ;
#5909 = LINE ( 'NONE', #249, #3940 ) ;
#5910 = EDGE_LOOP ( 'NONE', ( #3994, #1329, #1381, #3755 ) ) ;
#5911 = VECTOR ( 'NONE', #2131, 1000.000000000000000 ) ;
#5912 = DIRECTION ( 'NONE',  ( -0.000000000000000000, -0.000000000000000000, -1.000000000000000000 ) ) ;
#5913 = DIRECTION ( 'NONE',  ( -1.156482317317871133E-15, 0.000000000000000000, -1.000000000000000000 ) ) ;
#5914 = EDGE_LOOP ( 'NONE', ( #816, #5097, #5289, #4936 ) ) ;
#5915 = CARTESIAN_POINT ( 'NONE',  ( 2.000000000000000000, 1.500000000000000000, -44.00000000000000000 ) ) ;
#5916 = ORIENTED_EDGE ( 'NONE', *, *, #3574, .F. ) ;
#5917 = EDGE_CURVE ( 'NONE', #764, #2264, #5986, .T. ) ;
#5918 = LINE ( 'NONE', #793, #4468 ) ;
#5919 = LINE ( 'NONE', #829, #4906 ) ;
#5920 = LINE ( 'NONE', #2177, #2835 ) ;
#5921 = EDGE_LOOP ( 'NONE', ( #5511, #1519, #439, #2975 ) ) ;
#5922 = ORIENTED_EDGE ( 'NONE', *, *, #5339, .T. ) ;
#5923 = VERTEX_POINT ( 'NONE', #4059 ) ;
#5924 = EDGE_CURVE ( 'NONE', #4205, #3701, #2182, .T. ) ;
#5925 = DIRECTION ( 'NONE',  ( 0.000000000000000000, 0.000000000000000000, -1.000000000000000000 ) ) ;
#5926 = AXIS2_PLACEMENT_3D ( 'NONE', #1316, #855, #311 ) ;
#5927 = CARTESIAN_POINT ( 'NONE',  ( 1.525359410719044906, -11.86396103067893293, -4.750000000000004441 ) ) ;
#5928 = ORIENTED_EDGE ( 'NONE', *, *, #4686, .F. ) ;
#5929 = CARTESIAN_POINT ( 'NONE',  ( 7.500000000000000888, 3.799999999999999822, -39.24999999999999289 ) ) ;
#5930 = DIRECTION ( 'NONE',  ( 1.000000000000000000, 0.000000000000000000, 4.625929269271471123E-15 ) ) ;
#5931 = ADVANCED_FACE ( 'NONE', ( #4120 ), #1297, .T. ) ;
#5932 = CARTESIAN_POINT ( 'NONE',  ( 21.49999999999999289, -5.500000000000000000, -41.49999999999999289 ) ) ;
#5933 = VECTOR ( 'NONE', #1704, 1000.000000000000000 ) ;
#5934 = PRODUCT_DEFINITION_SHAPE ( 'NONE', 'NONE',  #4618 ) ;
#5935 = ORIENTED_EDGE ( 'NONE', *, *, #1710, .F. ) ;
#5936 = ORIENTED_EDGE ( 'NONE', *, *, #2431, .F. ) ;
#5937 = EDGE_CURVE ( 'NONE', #4696, #4887, #5895, .T. ) ;
#5938 = ORIENTED_EDGE ( 'NONE', *, *, #5174, .F. ) ;
#5939 = CARTESIAN_POINT ( 'NONE',  ( 12.99999999999995381, -1.600000000000000089, -4.999999999999990230 ) ) ;
#5940 = LINE ( 'NONE', #4568, #1220 ) ;
#5941 = DIRECTION ( 'NONE',  ( -0.000000000000000000, 1.000000000000000000, -0.000000000000000000 ) ) ;
#5942 = CARTESIAN_POINT ( 'NONE',  ( 12.49999999999999645, 0.8499999999999895417, -2.749999999999999556 ) ) ;
#5943 = LINE ( 'NONE', #1256, #1626 ) ;
#5944 = CARTESIAN_POINT ( 'NONE',  ( 1.500000000000000222, -5.500000000000000000, -1.500000000000000000 ) ) ;
#5945 = VECTOR ( 'NONE', #3829, 1000.000000000000000 ) ;
#5946 = ORIENTED_EDGE ( 'NONE', *, *, #2298, .F. ) ;
#5947 = DIRECTION ( 'NONE',  ( 0.000000000000000000, 0.000000000000000000, -1.000000000000000000 ) ) ;
#5948 = ORIENTED_EDGE ( 'NONE', *, *, #3354, .T. ) ;
#5949 = VECTOR ( 'NONE', #1070, 1000.000000000000000 ) ;
#5950 = CARTESIAN_POINT ( 'NONE',  ( 14.50000000000004263, 1.500000000000000000, -18.00000000000000000 ) ) ;
#5951 = PLANE ( 'NONE',  #4224 ) ;
#5952 = ADVANCED_FACE ( 'NONE', ( #865 ), #1758, .F. ) ;
#5953 = CARTESIAN_POINT ( 'NONE',  ( 0.000000000000000000, -5.500000000000000000, -41.99999999999999289 ) ) ;
#5954 = ORIENTED_EDGE ( 'NONE', *, *, #4200, .F. ) ;
#5955 = VERTEX_POINT ( 'NONE', #835 ) ;
#5956 = DIRECTION ( 'NONE',  ( -8.462065736472231082E-17, -0.000000000000000000, -1.000000000000000000 ) ) ;
#5957 = DIRECTION ( 'NONE',  ( 1.000000000000000000, 0.000000000000000000, 0.000000000000000000 ) ) ;
#5958 = ORIENTED_EDGE ( 'NONE', *, *, #5718, .F. ) ;
#5959 = LINE ( 'NONE', #3174, #2968 ) ;
#5960 = EDGE_CURVE ( 'NONE', #1275, #134, #132, .T. ) ;
#5961 = LINE ( 'NONE', #4989, #2457 ) ;
#5962 = ORIENTED_EDGE ( 'NONE', *, *, #3941, .T. ) ;
#5963 = ORIENTED_EDGE ( 'NONE', *, *, #1084, .F. ) ;
#5964 = DIRECTION ( 'NONE',  ( 0.000000000000000000, 0.000000000000000000, -1.000000000000000000 ) ) ;
#5965 = ADVANCED_FACE ( 'NONE', ( #1730 ), #2642, .F. ) ;
#5966 = PLANE ( 'NONE',  #3577 ) ;
#5967 = AXIS2_PLACEMENT_3D ( 'NONE', #5259, #965, #1539 ) ;
#5968 = DIRECTION ( 'NONE',  ( 0.000000000000000000, 0.000000000000000000, -1.000000000000000000 ) ) ;
#5969 = DIRECTION ( 'NONE',  ( -0.000000000000000000, 1.000000000000000000, -0.000000000000000000 ) ) ;
#5970 = ORIENTED_EDGE ( 'NONE', *, *, #2326, .T. ) ;
#5971 = ORIENTED_EDGE ( 'NONE', *, *, #4670, .F. ) ;
#5972 = PLANE ( 'NONE',  #1431 ) ;
#5973 = ORIENTED_EDGE ( 'NONE', *, *, #3152, .F. ) ;
#5974 = CARTESIAN_POINT ( 'NONE',  ( 3.525359410719047126, -5.500000000000000000, -39.24999999999999289 ) ) ;
#5975 = CARTESIAN_POINT ( 'NONE',  ( 19.49999999999998579, -0.000000000000000000, -25.49999999999999645 ) ) ;
#5976 = VECTOR ( 'NONE', #4487, 1000.000000000000000 ) ;
#5977 = ORIENTED_EDGE ( 'NONE', *, *, #265, .T. ) ;
#5978 = VECTOR ( 'NONE', #5957, 1000.000000000000000 ) ;
#5979 = CONTEXT_DEPENDENT_SHAPE_REPRESENTATION ( #747, #4469 ) ;
#5980 = ADVANCED_FACE ( 'NONE', ( #3137 ), #5440, .T. ) ;
#5981 = CYLINDRICAL_SURFACE ( 'NONE', #2104, 0.5000000000000004441 ) ;
#5982 = DIRECTION ( 'NONE',  ( 0.000000000000000000, 0.000000000000000000, -1.000000000000000000 ) ) ;
#5983 = CARTESIAN_POINT ( 'NONE',  ( 1.500000000000000444, -5.500000000000000000, -2.500000000000000000 ) ) ;
#5984 = ORIENTED_EDGE ( 'NONE', *, *, #4437, .F. ) ;
#5985 = ORIENTED_EDGE ( 'NONE', *, *, #5694, .T. ) ;
#5986 = LINE ( 'NONE', #352, #4042 ) ;
#5987 = ADVANCED_FACE ( 'NONE', ( #4523 ), #4648, .T. ) ;
#5988 = CARTESIAN_POINT ( 'NONE',  ( 21.49999999999999645, 3.799999999999999822, -4.750000000000001776 ) ) ;
#5989 = ORIENTED_EDGE ( 'NONE', *, *, #4194, .F. ) ;
#5990 = LINE ( 'NONE', #3267, #43 ) ;
#5991 = AXIS2_PLACEMENT_3D ( 'NONE', #3856, #5724, #4445 ) ;
#5992 = DIRECTION ( 'NONE',  ( 0.000000000000000000, 0.000000000000000000, -1.000000000000000000 ) ) ;
#5993 = VERTEX_POINT ( 'NONE', #3113 ) ;
#5994 = EDGE_CURVE ( 'NONE', #1775, #190, #5890, .T. ) ;
#5995 = CIRCLE ( 'NONE', #3061, 1.500000000000000000 ) ;
#5996 = DIRECTION ( 'NONE',  ( -0.000000000000000000, 1.000000000000000000, -0.000000000000000000 ) ) ;
#5997 = DIRECTION ( 'NONE',  ( -1.000000000000000000, 0.000000000000000000, 0.000000000000000000 ) ) ;
#5998 = DIRECTION ( 'NONE',  ( -1.163534038764931666E-16, 0.000000000000000000, -1.000000000000000000 ) ) ;
#5999 = CARTESIAN_POINT ( 'NONE',  ( 18.49999999999999645, 3.799999999999999822, -4.000000000000000000 ) ) ;
#6000 = EDGE_CURVE ( 'NONE', #5762, #4251, #798, .T. ) ;
#6001 = VECTOR ( 'NONE', #2576, 1000.000000000000000 ) ;
#6002 = ORIENTED_EDGE ( 'NONE', *, *, #3410, .F. ) ;
#6003 = ORIENTED_EDGE ( 'NONE', *, *, #503, .F. ) ;
#6004 = DIRECTION ( 'NONE',  ( 0.000000000000000000, 0.000000000000000000, -1.000000000000000000 ) ) ;
#6005 = ORIENTED_EDGE ( 'NONE', *, *, #4929, .F. ) ;
#6006 = DIRECTION ( 'NONE',  ( -0.000000000000000000, 0.000000000000000000, 1.000000000000000000 ) ) ;
#6007 = LINE ( 'NONE', #3223, #348 ) ;
#6008 = EDGE_CURVE ( 'NONE', #2736, #5449, #2673, .T. ) ;
#6009 = ORIENTED_EDGE ( 'NONE', *, *, #3296, .T. ) ;
#6010 = AXIS2_PLACEMENT_3D ( 'NONE', #3823, #2, #2837 ) ;
#6011 = EDGE_CURVE ( 'NONE', #1219, #663, #2862, .T. ) ;
#6012 = VECTOR ( 'NONE', #2836, 1000.000000000000000 ) ;
#6013 = DIRECTION ( 'NONE',  ( -0.000000000000000000, 0.000000000000000000, 1.000000000000000000 ) ) ;
#6014 = DIRECTION ( 'NONE',  ( 0.000000000000000000, 0.000000000000000000, 1.000000000000000000 ) ) ;
#6015 = CYLINDRICAL_SURFACE ( 'NONE', #487, 1.000000000000000000 ) ;
#6016 = ORIENTED_EDGE ( 'NONE', *, *, #1608, .F. ) ;
#6017 = ORIENTED_EDGE ( 'NONE', *, *, #4443, .T. ) ;
#6018 = DIRECTION ( 'NONE',  ( 0.000000000000000000, 0.000000000000000000, -1.000000000000000000 ) ) ;
#6019 = CARTESIAN_POINT ( 'NONE',  ( 22.50000000000000000, 1.500000000000000000, 0.000000000000000000 ) ) ;
#6020 = ORIENTED_EDGE ( 'NONE', *, *, #2969, .T. ) ;
#6021 = CARTESIAN_POINT ( 'NONE',  ( 20.49999999999998934, 0.000000000000000000, -2.500000000000000000 ) ) ;
#6022 = DIRECTION ( 'NONE',  ( 0.000000000000000000, 0.000000000000000000, -1.000000000000000000 ) ) ;
#6023 = CIRCLE ( 'NONE', #544, 0.5000000000000038858 ) ;
#6024 = ORIENTED_EDGE ( 'NONE', *, *, #5446, .T. ) ;
#6025 = FACE_OUTER_BOUND ( 'NONE', #3839, .T. ) ;
#6026 = CONICAL_SURFACE ( 'NONE', #3192, 4.724999999999988098, 1.249045772398259757 ) ;
#6027 = DIRECTION ( 'NONE',  ( 0.000000000000000000, 0.000000000000000000, -1.000000000000000000 ) ) ;
#6028 = AXIS2_PLACEMENT_3D ( 'NONE', #1343, #2788, #5664 ) ;
#6029 = AXIS2_PLACEMENT_3D ( 'NONE', #4979, #5460, #1752 ) ;
#6030 = DIRECTION ( 'NONE',  ( 1.216421949617883318E-16, 0.000000000000000000, -1.000000000000000000 ) ) ;
#6031 = EDGE_CURVE ( 'NONE', #764, #5230, #5677, .T. ) ;
#6032 = DIRECTION ( 'NONE',  ( 0.000000000000000000, 0.000000000000000000, -1.000000000000000000 ) ) ;
#6033 = PRODUCT_DEFINITION_SHAPE ( 'NONE', 'NONE',  #6058 ) ;
#6034 = ORIENTED_EDGE ( 'NONE', *, *, #1780, .F. ) ;
#6035 = DIRECTION ( 'NONE',  ( -0.000000000000000000, 1.000000000000000000, -0.000000000000000000 ) ) ;
#6036 = ORIENTED_EDGE ( 'NONE', *, *, #3226, .T. ) ;
#6037 = DIRECTION ( 'NONE',  ( -0.000000000000000000, -1.000000000000000000, 0.000000000000000000 ) ) ;
#6038 = ORIENTED_EDGE ( 'NONE', *, *, #1476, .T. ) ;
#6039 = DIRECTION ( 'NONE',  ( -0.7071067811865450192, 0.7071067811865500152, 8.227428089520515806E-17 ) ) ;
#6040 = ADVANCED_FACE ( 'NONE', ( #5255 ), #932, .F. ) ;
#6041 = VERTEX_POINT ( 'NONE', #961 ) ;
#6042 = DIRECTION ( 'NONE',  ( -0.000000000000000000, -1.000000000000000000, -0.000000000000000000 ) ) ;
#6043 = CYLINDRICAL_SURFACE ( 'NONE', #1082, 2.000000000000000000 ) ;
#6044 = CARTESIAN_POINT ( 'NONE',  ( 9.255005567935636890, -11.86396103067893293, -2.900000000000001243 ) ) ;
#6045 = LINE ( 'NONE', #1784, #2242 ) ;
#6046 = ADVANCED_FACE ( 'NONE', ( #3295 ), #3351, .F. ) ;
#6047 = TOROIDAL_SURFACE ( 'NONE', #4192, 1.500000000000000000, 0.5000000000000000000 ) ;
#6048 = ORIENTED_EDGE ( 'NONE', *, *, #4908, .F. ) ;
#6049 = ORIENTED_EDGE ( 'NONE', *, *, #3788, .T. ) ;
#6050 = SURFACE_STYLE_FILL_AREA ( #1046 ) ;
#6051 = FACE_OUTER_BOUND ( 'NONE', #2556, .T. ) ;
#6052 = EDGE_CURVE ( 'NONE', #4760, #2047, #3263, .T. ) ;
#6053 = EDGE_LOOP ( 'NONE', ( #3254, #589, #102, #2034 ) ) ;
#6054 = DIRECTION ( 'NONE',  ( 2.277504925475955412E-19, 0.000000000000000000, 1.000000000000000000 ) ) ;
#6055 = AXIS2_PLACEMENT_3D ( 'NONE', #859, #5006, #3575 ) ;
#6056 = LINE ( 'NONE', #4623, #244 ) ;
#6057 = CARTESIAN_POINT ( 'NONE',  ( 20.24999999999998934, -1.600000000000000089, -4.999999999999990230 ) ) ;
#6058 = NEXT_ASSEMBLY_USAGE_OCCURRENCE ( 'NAUO1', ' ', ' ', #4161, #4618, $ ) ;
#6059 = NEXT_ASSEMBLY_USAGE_OCCURRENCE ( 'NAUO2', ' ', ' ', #4161, #3716, $ ) ;
ENDSEC;
END-ISO-10303-21;
